Age,Attrition,BusinessTravel,DailyRate,Department,DistanceFromHome,Education,EducationField,EnvironmentSatisfaction,Gender,HourlyRate,JobInvolvement,JobSatisfaction,MonthlyIncome,MonthlyRate,PerformanceRating,RelationshipSatisfaction,TotalWorkingYears,WorkLifeBalance,YearsAtCompany,YearsInCurrentRole
41,Yes,Travel_Rarely,1102,Sales,1,2,Life Sciences,2,Female,94,3,4,5993,19479,3,1,8,1,6,4
49,No,Travel_Frequently,279,Research & Development,8,1,Life Sciences,3,Male,61,2,2,5130,24907,4,4,10,3,10,7
37,Yes,Travel_Rarely,1373,Research & Development,2,2,Other,4,Male,92,2,3,2090,2396,3,2,7,3,0,0
33,No,Travel_Frequently,1392,Research & Development,3,4,Life Sciences,4,Female,56,3,3,2909,23159,3,3,8,3,8,7
27,No,Travel_Rarely,591,Research & Development,2,1,Medical,1,Male,40,3,2,3468,16632,3,4,6,3,2,2
32,No,Travel_Frequently,1005,Research & Development,2,2,Life Sciences,4,Male,79,3,4,3068,11864,3,3,8,2,7,7
59,No,Travel_Rarely,1324,Research & Development,3,3,Medical,3,Female,81,4,1,2670,9964,4,1,12,2,1,0
30,No,Travel_Rarely,1358,Research & Development,24,1,Life Sciences,4,Male,67,3,3,2693,13335,4,2,1,3,1,0
38,No,Travel_Frequently,216,Research & Development,23,3,Life Sciences,4,Male,44,2,3,9526,8787,4,2,10,3,9,7
36,No,Travel_Rarely,1299,Research & Development,27,3,Medical,3,Male,94,3,3,5237,16577,3,2,17,2,7,7
35,No,Travel_Rarely,809,Research & Development,16,3,Medical,1,Male,84,4,2,2426,16479,3,3,6,3,5,4
29,No,Travel_Rarely,153,Research & Development,15,2,Life Sciences,4,Female,49,2,3,4193,12682,3,4,10,3,9,5
31,No,Travel_Rarely,670,Research & Development,26,1,Life Sciences,1,Male,31,3,3,2911,15170,3,4,5,2,5,2
34,No,Travel_Rarely,1346,Research & Development,19,2,Medical,2,Male,93,3,4,2661,8758,3,3,3,3,2,2
28,Yes,Travel_Rarely,103,Research & Development,24,3,Life Sciences,3,Male,50,2,3,2028,12947,3,2,6,3,4,2
29,No,Travel_Rarely,1389,Research & Development,21,4,Life Sciences,2,Female,51,4,1,9980,10195,3,3,10,3,10,9
32,No,Travel_Rarely,334,Research & Development,5,2,Life Sciences,1,Male,80,4,2,3298,15053,3,4,7,2,6,2
22,No,Non-Travel,1123,Research & Development,16,2,Medical,4,Male,96,4,4,2935,7324,3,2,1,2,1,0
53,No,Travel_Rarely,1219,Sales,2,4,Life Sciences,1,Female,78,2,4,15427,22021,3,3,31,3,25,8
38,No,Travel_Rarely,371,Research & Development,2,3,Life Sciences,4,Male,45,3,4,3944,4306,3,3,6,3,3,2
24,No,Non-Travel,673,Research & Development,11,2,Other,1,Female,96,4,3,4011,8232,3,4,5,2,4,2
36,Yes,Travel_Rarely,1218,Sales,9,4,Life Sciences,3,Male,82,2,1,3407,6986,4,2,10,3,5,3
34,No,Travel_Rarely,419,Research & Development,7,4,Life Sciences,1,Female,53,3,2,11994,21293,3,3,13,3,12,6
21,No,Travel_Rarely,391,Research & Development,15,2,Life Sciences,3,Male,96,3,4,1232,19281,3,4,0,3,0,0
34,Yes,Travel_Rarely,699,Research & Development,6,1,Medical,2,Male,83,3,1,2960,17102,3,3,8,3,4,2
53,No,Travel_Rarely,1282,Research & Development,5,3,Other,3,Female,58,3,3,19094,10735,3,4,26,2,14,13
32,Yes,Travel_Frequently,1125,Research & Development,16,1,Life Sciences,2,Female,72,1,1,3919,4681,4,2,10,3,10,2
42,No,Travel_Rarely,691,Sales,8,4,Marketing,3,Male,48,3,2,6825,21173,3,4,10,3,9,7
44,No,Travel_Rarely,477,Research & Development,7,4,Medical,1,Female,42,2,4,10248,2094,3,4,24,3,22,6
46,No,Travel_Rarely,705,Sales,2,4,Marketing,2,Female,83,3,1,18947,22822,3,4,22,2,2,2
33,No,Travel_Rarely,924,Research & Development,2,3,Medical,3,Male,78,3,4,2496,6670,3,4,7,3,1,1
44,No,Travel_Rarely,1459,Research & Development,10,4,Other,4,Male,41,3,4,6465,19121,3,4,9,4,4,2
30,No,Travel_Rarely,125,Research & Development,9,2,Medical,4,Male,83,2,3,2206,16117,3,1,10,3,10,0
39,Yes,Travel_Rarely,895,Sales,5,3,Technical Degree,4,Male,56,3,4,2086,3335,3,3,19,4,1,0
24,Yes,Travel_Rarely,813,Research & Development,1,3,Medical,2,Male,61,3,4,2293,3020,3,1,6,2,2,0
43,No,Travel_Rarely,1273,Research & Development,2,2,Medical,4,Female,72,4,3,2645,21923,3,4,6,2,5,3
50,Yes,Travel_Rarely,869,Sales,3,2,Marketing,1,Male,86,2,3,2683,3810,3,3,3,3,3,2
35,No,Travel_Rarely,890,Sales,2,3,Marketing,4,Female,97,3,4,2014,9687,3,1,2,3,2,2
36,No,Travel_Rarely,852,Research & Development,5,4,Life Sciences,2,Female,82,2,1,3419,13072,3,4,6,4,1,1
33,No,Travel_Frequently,1141,Sales,1,3,Life Sciences,3,Female,42,4,1,5376,3193,3,1,10,3,5,3
35,No,Travel_Rarely,464,Research & Development,4,2,Other,3,Male,75,3,4,1951,10910,3,3,1,3,1,0
27,No,Travel_Rarely,1240,Research & Development,2,4,Life Sciences,4,Female,33,3,1,2341,19715,3,4,1,3,1,0
26,Yes,Travel_Rarely,1357,Research & Development,25,3,Life Sciences,1,Male,48,1,3,2293,10558,3,3,1,2,1,0
27,No,Travel_Frequently,994,Sales,8,3,Life Sciences,4,Male,37,3,3,8726,2975,3,4,9,3,9,8
30,No,Travel_Frequently,721,Research & Development,1,2,Medical,3,Female,58,3,4,4011,10781,4,4,12,3,12,8
41,Yes,Travel_Rarely,1360,Research & Development,12,3,Technical Degree,2,Female,49,3,3,19545,16280,3,4,23,3,22,15
34,No,Non-Travel,1065,Sales,23,4,Marketing,2,Male,72,3,3,4568,10034,4,3,10,3,9,5
37,No,Travel_Rarely,408,Research & Development,19,2,Life Sciences,2,Male,73,3,2,3022,10227,4,1,8,3,1,0
46,No,Travel_Frequently,1211,Sales,5,4,Marketing,1,Male,98,3,4,5772,20445,4,3,14,3,9,6
35,No,Travel_Rarely,1229,Research & Development,8,1,Life Sciences,4,Male,36,4,4,2269,4892,3,4,1,3,1,0
48,Yes,Travel_Rarely,626,Research & Development,1,2,Life Sciences,1,Male,98,2,3,5381,19294,3,4,23,3,1,0
28,Yes,Travel_Rarely,1434,Research & Development,5,4,Technical Degree,3,Male,50,3,3,3441,11179,3,3,2,2,2,2
44,No,Travel_Rarely,1488,Sales,1,5,Marketing,2,Female,75,3,1,5454,4009,4,3,9,2,4,3
35,No,Non-Travel,1097,Research & Development,11,2,Medical,3,Male,79,2,1,9884,8302,3,3,10,3,4,0
26,No,Travel_Rarely,1443,Sales,23,3,Marketing,3,Female,47,2,4,4157,21436,3,3,5,2,2,2
33,No,Travel_Frequently,515,Research & Development,1,2,Life Sciences,1,Female,98,3,4,13458,15146,3,3,15,3,15,14
35,No,Travel_Frequently,853,Sales,18,5,Life Sciences,2,Male,71,3,1,9069,11031,4,4,9,2,9,8
35,No,Travel_Rarely,1142,Research & Development,23,4,Medical,3,Female,30,3,1,4014,16002,3,3,4,3,2,2
31,No,Travel_Rarely,655,Research & Development,7,4,Life Sciences,4,Male,48,3,4,5915,9528,4,4,10,2,7,7
37,No,Travel_Rarely,1115,Research & Development,1,4,Life Sciences,1,Male,51,2,3,5993,2689,3,3,7,4,7,5
32,No,Travel_Rarely,427,Research & Development,1,3,Medical,1,Male,33,3,4,6162,10877,4,2,9,3,9,8
38,No,Travel_Frequently,653,Research & Development,29,5,Life Sciences,4,Female,50,3,4,2406,5456,3,4,10,3,10,3
50,No,Travel_Rarely,989,Research & Development,7,2,Medical,2,Female,43,2,3,18740,16701,3,4,29,2,27,3
59,No,Travel_Rarely,1435,Sales,25,3,Life Sciences,1,Female,99,3,1,7637,2354,3,4,28,2,21,16
36,No,Travel_Rarely,1223,Research & Development,8,3,Technical Degree,3,Female,59,3,3,10096,8202,3,2,17,3,17,14
55,No,Travel_Rarely,836,Research & Development,8,3,Medical,4,Female,33,3,3,14756,19730,3,3,21,3,5,0
36,No,Travel_Frequently,1195,Research & Development,11,3,Life Sciences,2,Male,95,2,2,6499,22656,3,3,6,3,6,5
45,No,Travel_Rarely,1339,Research & Development,7,3,Life Sciences,2,Male,59,3,1,9724,18787,3,3,25,3,1,0
35,No,Travel_Frequently,664,Research & Development,1,3,Medical,2,Male,79,3,1,2194,5868,3,4,5,2,3,2
36,Yes,Travel_Rarely,318,Research & Development,9,3,Medical,4,Male,79,2,3,3388,21777,3,1,2,2,1,0
59,No,Travel_Frequently,1225,Sales,1,1,Life Sciences,1,Female,57,2,3,5473,24668,3,4,20,2,4,3
29,No,Travel_Rarely,1328,Research & Development,2,3,Life Sciences,3,Male,76,3,2,2703,4956,4,4,6,3,5,4
31,No,Travel_Rarely,1082,Research & Development,1,4,Medical,3,Male,87,3,2,2501,18775,3,2,1,3,1,1
32,No,Travel_Rarely,548,Research & Development,1,3,Life Sciences,2,Male,66,3,2,6220,7346,3,2,10,3,10,4
36,No,Travel_Rarely,132,Research & Development,6,3,Life Sciences,2,Female,55,4,4,3038,22002,3,2,5,3,1,0
31,No,Travel_Rarely,746,Research & Development,8,4,Life Sciences,3,Female,61,3,4,4424,20682,4,4,11,3,11,7
35,No,Travel_Rarely,776,Sales,1,4,Marketing,3,Male,32,2,1,4312,23016,3,2,16,3,15,13
45,No,Travel_Rarely,193,Research & Development,6,4,Other,4,Male,52,3,1,13245,15067,3,2,17,4,0,0
37,No,Travel_Rarely,397,Research & Development,7,4,Medical,1,Male,30,3,3,13664,25258,3,1,16,4,5,2
46,No,Travel_Rarely,945,Human Resources,5,2,Medical,2,Male,80,3,2,5021,10425,4,4,16,3,4,2
30,No,Travel_Rarely,852,Research & Development,1,1,Life Sciences,4,Male,55,2,4,5126,15998,3,3,10,2,10,8
35,No,Travel_Rarely,1214,Research & Development,1,3,Medical,2,Male,30,2,3,2859,26278,3,1,6,3,6,4
55,No,Travel_Rarely,111,Sales,1,2,Life Sciences,1,Male,70,3,4,10239,18092,3,4,24,3,1,0
38,No,Non-Travel,573,Research & Development,6,3,Medical,2,Female,79,1,4,5329,15717,3,4,17,3,13,11
34,No,Travel_Rarely,1153,Research & Development,1,2,Medical,1,Male,94,3,2,4325,17736,3,3,5,3,5,2
56,No,Travel_Rarely,1400,Research & Development,7,3,Life Sciences,4,Male,49,1,4,7260,21698,3,1,37,2,6,4
23,No,Travel_Rarely,541,Sales,2,1,Technical Degree,3,Male,62,3,1,2322,9518,3,3,3,3,0,0
51,No,Travel_Rarely,432,Research & Development,9,4,Life Sciences,4,Male,96,3,4,2075,18725,4,2,10,3,4,2
30,No,Travel_Rarely,288,Research & Development,2,3,Life Sciences,3,Male,99,2,4,4152,15830,3,1,11,3,11,10
46,Yes,Travel_Rarely,669,Sales,9,2,Medical,3,Male,64,2,4,9619,13596,3,4,9,3,9,8
40,No,Travel_Frequently,530,Research & Development,1,4,Life Sciences,3,Male,78,2,2,13503,14115,4,4,22,2,22,3
51,No,Travel_Rarely,632,Sales,21,4,Marketing,3,Male,71,3,4,5441,8423,4,4,11,1,10,7
30,No,Travel_Rarely,1334,Sales,4,2,Medical,3,Female,63,2,2,5209,19760,3,2,11,2,11,8
46,No,Travel_Frequently,638,Research & Development,1,3,Medical,3,Male,40,2,1,10673,3142,3,3,21,2,10,9
32,No,Travel_Rarely,1093,Sales,6,4,Medical,2,Male,87,3,3,5010,24301,3,1,12,3,11,8
54,No,Travel_Rarely,1217,Research & Development,2,4,Technical Degree,1,Female,60,3,3,13549,24001,3,1,16,1,4,3
24,No,Travel_Rarely,1353,Sales,3,2,Other,1,Female,33,3,3,4999,17519,4,1,4,2,3,2
28,No,Non-Travel,120,Sales,4,3,Medical,2,Male,43,3,3,4221,8863,3,2,5,4,5,4
58,No,Travel_Rarely,682,Sales,10,4,Medical,4,Male,37,3,3,13872,24409,3,3,38,2,37,10
44,No,Non-Travel,489,Research & Development,23,3,Medical,2,Male,67,3,2,2042,25043,3,3,17,4,3,2
37,Yes,Travel_Rarely,807,Human Resources,6,4,Human Resources,3,Male,63,3,1,2073,23648,4,4,7,3,3,2
32,No,Travel_Rarely,827,Research & Development,1,1,Life Sciences,4,Male,71,3,1,2956,15178,3,4,1,3,1,0
20,Yes,Travel_Frequently,871,Research & Development,6,3,Life Sciences,4,Female,66,2,4,2926,19783,3,2,1,3,1,0
34,No,Travel_Rarely,665,Research & Development,6,4,Other,1,Female,41,3,3,4809,12482,3,3,16,3,16,13
37,No,Non-Travel,1040,Research & Development,2,2,Life Sciences,3,Male,100,2,4,5163,15850,3,4,17,4,1,0
59,No,Non-Travel,1420,Human Resources,2,4,Human Resources,3,Female,32,2,4,18844,21922,4,4,30,3,3,2
50,No,Travel_Frequently,1115,Research & Development,1,3,Life Sciences,1,Female,73,3,2,18172,9755,3,1,28,2,8,3
25,Yes,Travel_Rarely,240,Sales,5,3,Marketing,3,Male,46,2,3,5744,26959,3,4,6,3,6,4
25,No,Travel_Rarely,1280,Research & Development,7,1,Medical,4,Male,64,2,4,2889,26897,3,3,2,3,2,2
22,No,Travel_Rarely,534,Research & Development,15,3,Medical,2,Female,59,3,4,2871,23785,3,3,1,3,0,0
51,No,Travel_Frequently,1456,Research & Development,1,4,Medical,1,Female,30,2,1,7484,25796,4,3,23,2,13,12
34,Yes,Travel_Frequently,658,Research & Development,7,3,Life Sciences,1,Male,66,1,3,6074,22887,4,4,9,3,9,7
54,No,Non-Travel,142,Human Resources,26,3,Human Resources,4,Female,30,4,4,17328,13871,3,3,23,3,5,3
24,No,Travel_Rarely,1127,Research & Development,18,1,Life Sciences,2,Male,52,3,3,2774,13257,3,3,6,3,5,3
34,No,Travel_Rarely,1031,Research & Development,6,4,Life Sciences,3,Female,45,2,2,4505,15000,3,3,12,3,1,0
37,No,Travel_Rarely,1189,Sales,3,3,Life Sciences,3,Male,87,3,4,7428,14506,3,1,12,3,5,3
34,No,Travel_Rarely,1354,Research & Development,5,3,Medical,3,Female,45,2,1,11631,5615,3,4,14,3,11,10
36,No,Travel_Frequently,1467,Sales,11,2,Technical Degree,2,Female,92,3,4,9738,22952,3,3,10,3,9,7
36,No,Travel_Rarely,922,Research & Development,3,2,Life Sciences,1,Female,39,3,4,2835,2561,4,1,7,3,1,0
43,No,Travel_Frequently,394,Sales,26,2,Life Sciences,3,Male,92,3,4,16959,19494,3,4,25,4,25,12
30,No,Travel_Frequently,1312,Research & Development,23,3,Life Sciences,1,Male,96,1,3,2613,22310,4,3,10,2,10,7
33,No,Non-Travel,750,Sales,22,2,Marketing,3,Male,95,3,2,6146,15480,3,1,8,4,7,7
56,Yes,Travel_Rarely,441,Research & Development,14,4,Life Sciences,2,Female,72,3,2,4963,4510,3,1,7,3,5,4
51,No,Travel_Rarely,684,Research & Development,6,3,Life Sciences,1,Male,51,3,3,19537,6462,3,3,23,3,20,18
31,Yes,Travel_Rarely,249,Sales,6,4,Life Sciences,2,Male,76,1,3,6172,20739,3,2,12,2,7,7
26,No,Travel_Rarely,841,Research & Development,6,3,Other,3,Female,46,2,2,2368,23300,3,3,5,2,5,4
58,Yes,Travel_Rarely,147,Research & Development,23,4,Medical,4,Female,94,3,4,10312,3465,3,4,40,2,40,10
19,Yes,Travel_Rarely,528,Sales,22,1,Marketing,4,Male,50,3,3,1675,26820,3,4,0,2,0,0
22,No,Travel_Rarely,594,Research & Development,2,1,Technical Degree,3,Male,100,3,4,2523,19299,3,3,3,3,2,1
49,No,Travel_Rarely,470,Research & Development,20,4,Medical,3,Female,96,3,1,6567,5549,3,3,16,2,15,11
43,No,Travel_Frequently,957,Research & Development,28,3,Medical,2,Female,72,4,3,4739,16090,3,4,18,3,3,2
50,No,Travel_Frequently,809,Sales,12,3,Marketing,3,Female,77,3,4,9208,6645,3,4,16,3,2,2
31,Yes,Travel_Rarely,542,Sales,20,3,Life Sciences,2,Female,71,1,3,4559,24788,3,3,4,3,2,2
41,No,Travel_Rarely,802,Sales,9,1,Life Sciences,3,Male,96,3,3,8189,21196,3,3,12,3,9,7
26,No,Travel_Rarely,1355,Human Resources,25,1,Life Sciences,3,Female,61,3,3,2942,8916,4,4,8,3,8,7
36,No,Travel_Rarely,216,Research & Development,6,2,Medical,2,Male,84,3,2,4941,2819,4,4,7,3,3,2
51,Yes,Travel_Frequently,1150,Research & Development,8,4,Life Sciences,1,Male,53,1,4,10650,25150,3,4,18,3,4,2
39,No,Travel_Rarely,1329,Sales,4,4,Life Sciences,4,Female,47,2,3,5902,14590,3,3,17,4,15,11
25,No,Travel_Rarely,959,Sales,28,3,Life Sciences,1,Male,41,2,3,8639,24835,3,4,6,3,2,2
30,No,Travel_Rarely,1240,Human Resources,9,3,Human Resources,3,Male,48,3,4,6347,13982,3,4,12,1,11,9
32,Yes,Travel_Rarely,1033,Research & Development,9,3,Medical,1,Female,41,3,1,4200,10224,4,1,10,4,5,4
45,No,Travel_Rarely,1316,Research & Development,29,3,Medical,3,Male,83,3,4,3452,9752,3,2,9,2,6,5
38,No,Travel_Rarely,364,Research & Development,3,5,Technical Degree,4,Female,32,3,3,4317,2302,4,2,19,3,3,2
30,No,Travel_Rarely,438,Research & Development,18,3,Life Sciences,1,Female,75,3,3,2632,23910,3,3,5,2,5,4
32,No,Travel_Frequently,689,Sales,9,2,Medical,4,Male,35,1,4,4668,22812,3,4,9,4,8,7
30,No,Travel_Rarely,201,Research & Development,5,3,Technical Degree,4,Female,84,3,1,3204,10415,3,4,8,3,3,2
30,No,Travel_Rarely,1427,Research & Development,2,1,Medical,2,Male,35,2,4,2720,11162,3,4,6,3,5,3
41,No,Travel_Frequently,857,Research & Development,10,3,Life Sciences,4,Male,91,2,1,17181,12888,3,2,21,2,7,6
41,No,Travel_Rarely,933,Research & Development,9,4,Life Sciences,3,Male,94,3,1,2238,6961,4,4,7,3,5,0
19,No,Travel_Rarely,1181,Research & Development,3,1,Medical,2,Female,79,3,2,1483,16102,3,4,1,3,1,0
40,No,Travel_Frequently,1395,Research & Development,26,3,Medical,2,Female,54,3,2,5605,8504,3,1,20,3,20,7
35,No,Travel_Rarely,662,Sales,1,5,Marketing,3,Male,94,3,2,7295,11439,3,1,10,3,10,8
53,No,Travel_Rarely,1436,Sales,6,2,Marketing,2,Male,34,3,3,2306,16047,4,4,13,1,7,7
45,No,Travel_Rarely,194,Research & Development,9,3,Life Sciences,2,Male,60,3,2,2348,10901,3,3,20,1,17,9
32,No,Travel_Frequently,967,Sales,8,3,Marketing,2,Female,43,3,4,8998,15589,3,4,9,3,9,8
29,No,Non-Travel,1496,Research & Development,1,1,Technical Degree,4,Male,41,3,3,4319,26283,3,1,10,3,10,7
51,No,Travel_Rarely,1169,Research & Development,7,4,Medical,2,Male,34,2,3,6132,13983,3,3,10,3,1,0
58,No,Travel_Rarely,1145,Research & Development,9,3,Medical,2,Female,75,2,2,3346,11873,4,2,9,2,1,0
40,No,Travel_Rarely,630,Sales,4,4,Marketing,3,Male,67,2,4,10855,8552,3,1,15,2,12,11
34,No,Travel_Frequently,303,Sales,2,4,Marketing,3,Female,75,3,3,2231,11314,3,4,6,3,4,3
22,No,Travel_Rarely,1256,Research & Development,19,1,Medical,3,Male,80,3,4,2323,11992,4,1,2,3,2,2
27,No,Non-Travel,691,Research & Development,9,3,Medical,4,Male,57,3,2,2024,5970,3,4,6,1,2,2
28,No,Travel_Rarely,440,Research & Development,21,3,Medical,3,Male,42,3,4,2713,6672,3,3,5,1,5,2
57,No,Travel_Rarely,334,Research & Development,24,2,Life Sciences,3,Male,83,4,4,9439,23402,3,2,12,1,5,3
27,No,Non-Travel,1450,Research & Development,3,3,Medical,3,Male,79,2,3,2566,25326,3,4,1,2,1,1
50,No,Travel_Rarely,1452,Research & Development,11,3,Life Sciences,3,Female,53,3,2,19926,17053,3,2,21,3,5,4
41,No,Travel_Rarely,465,Research & Development,14,3,Life Sciences,1,Male,56,3,3,2451,4609,3,1,13,3,9,8
30,No,Travel_Rarely,1339,Sales,5,3,Life Sciences,2,Female,41,3,4,9419,8053,3,3,12,3,10,9
38,No,Travel_Rarely,702,Sales,1,4,Life Sciences,1,Female,59,2,4,8686,12930,4,3,12,4,8,3
32,No,Travel_Rarely,120,Research & Development,6,5,Life Sciences,3,Male,43,3,3,3038,12430,4,1,8,3,5,4
27,No,Travel_Rarely,1157,Research & Development,17,3,Technical Degree,3,Male,51,3,2,3058,13364,3,4,6,2,5,2
19,Yes,Travel_Frequently,602,Sales,1,1,Technical Degree,3,Female,100,1,1,2325,20989,4,1,1,4,0,0
36,No,Travel_Frequently,1480,Research & Development,3,2,Medical,4,Male,30,3,2,2088,15062,3,3,13,2,8,7
30,No,Non-Travel,111,Research & Development,9,3,Medical,3,Male,66,3,1,3072,11012,3,3,12,3,12,9
45,No,Travel_Rarely,1268,Sales,4,2,Life Sciences,3,Female,30,3,1,5006,6319,3,1,9,4,5,4
56,No,Travel_Rarely,713,Research & Development,8,3,Life Sciences,3,Female,67,3,1,4257,13939,3,3,19,3,2,2
33,No,Travel_Rarely,134,Research & Development,2,3,Life Sciences,3,Male,90,3,4,2500,10515,3,1,4,4,3,1
19,Yes,Travel_Rarely,303,Research & Development,2,3,Life Sciences,2,Male,47,2,4,1102,9241,4,3,1,2,1,0
46,No,Travel_Rarely,526,Sales,1,2,Marketing,2,Female,92,3,1,10453,2137,4,3,24,3,24,13
38,No,Travel_Rarely,1380,Research & Development,9,2,Life Sciences,3,Female,75,3,4,2288,6319,3,3,2,3,2,2
31,No,Travel_Rarely,140,Research & Development,12,1,Medical,3,Female,95,3,4,3929,6984,4,3,7,3,4,2
34,No,Travel_Rarely,629,Research & Development,27,2,Medical,4,Female,95,3,2,2311,5711,3,4,9,3,3,2
41,Yes,Travel_Rarely,1356,Sales,20,2,Marketing,2,Female,70,3,2,3140,21728,4,4,4,2,4,3
50,No,Travel_Rarely,328,Research & Development,1,3,Medical,3,Male,86,2,3,3690,3425,3,4,5,2,3,2
53,No,Travel_Rarely,1084,Research & Development,13,2,Medical,4,Female,57,4,1,4450,26250,3,3,5,3,4,2
33,No,Travel_Rarely,931,Research & Development,14,3,Medical,4,Female,72,3,2,2756,4673,3,4,8,3,8,7
40,No,Travel_Rarely,989,Research & Development,4,1,Medical,4,Female,46,3,3,19033,6499,3,2,21,3,20,8
55,No,Travel_Rarely,692,Research & Development,14,4,Medical,3,Male,61,4,2,18722,13339,3,4,36,3,24,15
34,No,Travel_Frequently,1069,Research & Development,2,1,Life Sciences,4,Male,45,2,3,9547,14074,3,3,10,2,10,9
51,No,Travel_Rarely,313,Research & Development,3,3,Medical,4,Female,98,3,2,13734,7192,3,3,21,3,7,7
52,No,Travel_Rarely,699,Research & Development,1,4,Life Sciences,3,Male,65,2,3,19999,5678,3,1,34,3,33,18
27,No,Travel_Rarely,894,Research & Development,9,3,Medical,4,Female,99,3,2,2279,11781,3,4,7,2,7,7
35,Yes,Travel_Rarely,556,Research & Development,23,2,Life Sciences,2,Male,50,2,3,5916,15497,3,1,8,3,1,0
43,No,Non-Travel,1344,Research & Development,7,3,Medical,4,Male,37,4,4,2089,5228,3,4,7,4,5,4
45,No,Non-Travel,1195,Research & Development,2,2,Medical,1,Male,65,2,4,16792,20462,4,4,22,3,20,8
37,No,Travel_Rarely,290,Research & Development,21,3,Life Sciences,2,Male,65,4,1,3564,22977,3,1,8,2,8,7
35,No,Travel_Frequently,138,Research & Development,2,3,Medical,2,Female,37,3,2,4425,15986,3,4,10,3,6,2
42,No,Non-Travel,926,Research & Development,21,2,Medical,3,Female,36,3,3,5265,16439,3,2,11,3,5,3
38,No,Travel_Rarely,1261,Research & Development,2,4,Life Sciences,4,Male,88,3,3,6553,7259,3,2,14,3,1,0
38,No,Travel_Rarely,1084,Research & Development,29,3,Technical Degree,4,Male,54,3,4,6261,4185,3,1,9,1,7,7
27,No,Travel_Frequently,472,Research & Development,1,1,Technical Degree,3,Male,60,2,1,4298,9679,3,3,6,3,2,2
49,No,Non-Travel,1002,Research & Development,18,4,Life Sciences,4,Male,92,3,4,6804,23793,3,1,7,3,7,7
34,No,Travel_Frequently,878,Research & Development,10,4,Medical,4,Male,43,3,3,3815,5972,3,4,5,4,5,3
40,No,Travel_Rarely,905,Research & Development,19,2,Medical,3,Male,99,3,4,2741,16523,3,3,15,4,7,2
38,Yes,Travel_Rarely,1180,Research & Development,29,1,Medical,2,Male,70,3,1,6673,11354,3,2,17,3,1,0
29,Yes,Travel_Rarely,121,Sales,27,3,Marketing,2,Female,35,3,4,7639,24525,4,4,10,2,10,4
22,No,Travel_Rarely,1136,Research & Development,5,3,Life Sciences,4,Male,60,4,2,2328,12392,3,1,4,2,4,2
36,No,Travel_Frequently,635,Research & Development,18,1,Medical,2,Female,73,3,4,2153,7703,3,1,8,3,8,1
40,No,Non-Travel,1151,Research & Development,9,5,Life Sciences,4,Male,63,2,4,4876,14242,3,4,5,1,3,2
46,No,Travel_Rarely,644,Research & Development,1,4,Medical,4,Male,97,3,1,9396,12368,3,3,17,3,4,2
32,Yes,Travel_Rarely,1045,Sales,4,4,Medical,4,Male,32,1,4,10400,25812,3,3,14,2,14,8
30,No,Non-Travel,829,Research & Development,1,1,Life Sciences,3,Male,88,2,3,8474,20925,4,3,12,3,11,8
27,No,Travel_Frequently,1242,Sales,20,3,Life Sciences,4,Female,90,3,3,9981,12916,3,4,7,3,7,7
51,No,Travel_Rarely,1469,Research & Development,8,4,Life Sciences,2,Male,81,2,2,12490,15736,3,4,16,1,10,9
30,Yes,Travel_Rarely,1005,Research & Development,3,3,Technical Degree,4,Female,88,3,1,2657,8556,3,3,8,3,5,2
41,No,Travel_Rarely,896,Sales,6,3,Life Sciences,4,Female,75,3,4,13591,14674,3,3,16,3,1,0
30,Yes,Travel_Frequently,334,Sales,26,4,Marketing,3,Female,52,2,1,6696,22967,3,3,9,2,6,3
29,Yes,Travel_Rarely,992,Research & Development,1,3,Technical Degree,3,Male,85,3,3,2058,19757,3,4,7,2,6,2
45,No,Non-Travel,1052,Sales,6,3,Medical,4,Female,57,2,4,8865,16840,3,4,23,3,19,7
54,No,Travel_Rarely,1147,Sales,3,3,Marketing,4,Female,52,3,1,5940,17011,3,4,16,3,6,2
36,No,Travel_Rarely,1396,Research & Development,5,2,Life Sciences,4,Male,62,3,2,5914,9945,3,4,16,4,13,11
33,No,Travel_Rarely,147,Research & Development,4,4,Medical,3,Female,47,2,2,2622,13248,4,4,7,3,3,2
37,No,Travel_Frequently,663,Research & Development,11,3,Other,2,Male,47,3,4,12185,10056,3,3,10,3,10,8
38,No,Travel_Rarely,119,Sales,3,3,Life Sciences,1,Male,76,3,3,10609,9647,3,3,17,2,16,10
31,No,Non-Travel,979,Research & Development,1,4,Medical,3,Male,90,1,3,4345,4381,3,4,6,3,5,4
59,No,Travel_Rarely,142,Research & Development,3,3,Life Sciences,3,Male,70,2,4,2177,8456,3,1,7,3,1,0
37,No,Travel_Frequently,319,Sales,4,4,Marketing,1,Male,41,3,4,2793,2539,3,3,13,3,9,8
29,No,Travel_Frequently,1413,Sales,1,1,Medical,2,Female,42,3,4,7918,6599,3,4,11,3,11,10
35,No,Travel_Frequently,944,Sales,1,3,Marketing,3,Female,92,3,3,8789,9096,3,1,10,4,10,7
29,Yes,Travel_Rarely,896,Research & Development,18,1,Medical,3,Male,86,2,4,2389,14961,3,3,4,2,4,3
52,No,Travel_Rarely,1323,Research & Development,2,3,Life Sciences,3,Female,89,2,4,3212,3300,3,2,6,2,2,2
42,No,Travel_Rarely,532,Research & Development,4,2,Technical Degree,3,Male,58,3,4,19232,4933,3,4,22,3,22,17
59,No,Travel_Rarely,818,Human Resources,6,2,Medical,2,Male,52,3,3,2267,25657,3,4,7,2,2,2
50,No,Travel_Rarely,854,Sales,1,4,Medical,4,Female,68,3,4,19517,24118,3,3,32,2,7,0
33,Yes,Travel_Rarely,813,Research & Development,14,3,Medical,3,Male,58,3,4,2436,22149,3,3,8,1,5,4
43,No,Travel_Rarely,1034,Sales,16,3,Marketing,4,Female,80,3,4,16064,7744,4,3,22,3,17,13
33,Yes,Travel_Rarely,465,Research & Development,2,2,Life Sciences,1,Female,39,3,1,2707,21509,4,1,13,4,9,7
52,No,Non-Travel,771,Sales,2,4,Life Sciences,1,Male,79,2,3,19068,21030,3,4,33,4,33,7
32,No,Travel_Rarely,1401,Sales,4,2,Life Sciences,3,Female,56,3,2,3931,20990,3,1,6,3,4,3
32,Yes,Travel_Rarely,515,Research & Development,1,3,Life Sciences,4,Male,62,2,3,3730,9571,3,4,4,1,3,2
39,No,Travel_Rarely,1431,Research & Development,1,4,Medical,3,Female,96,3,3,2232,15417,3,3,7,3,3,2
32,No,Non-Travel,976,Sales,26,4,Marketing,3,Male,100,3,4,4465,12069,3,1,4,3,3,2
41,No,Travel_Rarely,1411,Research & Development,19,2,Life Sciences,3,Male,36,3,1,3072,19877,3,1,17,2,1,0
40,No,Travel_Rarely,1300,Research & Development,24,2,Technical Degree,1,Male,62,3,4,3319,24447,3,1,9,3,9,8
45,No,Travel_Rarely,252,Research & Development,1,3,Other,3,Male,70,4,4,19202,15970,3,3,25,3,24,0
31,No,Travel_Frequently,1327,Research & Development,3,4,Medical,2,Male,73,3,3,13675,13523,3,1,9,3,2,2
33,No,Travel_Rarely,832,Research & Development,5,4,Life Sciences,3,Female,63,2,4,2911,14776,3,3,2,2,2,2
34,No,Travel_Rarely,470,Research & Development,2,4,Life Sciences,4,Male,84,2,1,5957,23687,3,2,13,3,11,9
37,No,Travel_Rarely,1017,Research & Development,1,2,Medical,3,Female,83,2,1,3920,18697,3,1,17,2,3,1
45,No,Travel_Frequently,1199,Research & Development,7,4,Life Sciences,1,Male,77,4,3,6434,5118,3,4,9,3,3,2
37,Yes,Travel_Frequently,504,Research & Development,10,3,Medical,1,Male,61,3,3,10048,22573,3,2,17,3,1,0
39,No,Travel_Frequently,505,Research & Development,2,4,Technical Degree,3,Female,64,3,3,10938,6420,4,4,20,3,19,6
29,No,Travel_Rarely,665,Research & Development,15,3,Life Sciences,3,Male,60,3,4,2340,22673,3,1,6,3,6,5
42,No,Travel_Rarely,916,Research & Development,17,2,Life Sciences,4,Female,82,4,1,6545,23016,3,3,10,3,3,2
29,No,Travel_Rarely,1247,Sales,20,2,Marketing,4,Male,45,3,4,6931,10732,3,4,10,3,3,2
25,No,Travel_Rarely,685,Research & Development,1,3,Life Sciences,1,Female,62,3,3,4898,7505,3,4,5,3,4,2
42,No,Travel_Rarely,269,Research & Development,2,3,Medical,4,Female,56,2,1,2593,8007,3,3,10,3,9,6
40,No,Travel_Rarely,1416,Research & Development,2,2,Medical,1,Male,49,3,3,19436,5949,3,4,22,3,21,7
51,No,Travel_Rarely,833,Research & Development,1,3,Life Sciences,3,Male,96,3,4,2723,23231,3,2,1,2,1,0
31,Yes,Travel_Frequently,307,Research & Development,29,2,Medical,3,Male,71,2,2,3479,11652,3,2,6,4,5,4
32,No,Travel_Frequently,1311,Research & Development,7,3,Life Sciences,2,Male,100,4,2,2794,26062,4,3,5,1,5,1
38,No,Non-Travel,1327,Sales,2,2,Life Sciences,4,Male,39,2,4,5249,19682,3,4,13,3,8,7
32,No,Travel_Rarely,128,Research & Development,2,1,Technical Degree,4,Male,84,2,1,2176,19737,3,4,9,3,6,2
46,No,Travel_Rarely,488,Sales,2,3,Technical Degree,3,Female,75,1,2,16872,14977,3,2,28,2,7,7
28,Yes,Travel_Rarely,529,Research & Development,2,4,Life Sciences,1,Male,79,3,3,3485,14935,3,3,5,1,0,0
29,No,Travel_Rarely,1210,Sales,2,3,Medical,1,Male,78,2,2,6644,3687,3,2,10,3,0,0
31,No,Travel_Rarely,1463,Research & Development,23,3,Medical,2,Male,64,2,4,5582,14408,4,2,10,3,9,0
25,No,Non-Travel,675,Research & Development,5,2,Life Sciences,2,Male,85,4,1,4000,18384,3,4,6,3,6,3
45,No,Travel_Rarely,1385,Research & Development,20,2,Medical,3,Male,79,3,4,13496,7501,3,2,21,3,20,7
36,No,Travel_Rarely,1403,Research & Development,6,3,Life Sciences,4,Male,47,3,4,3210,20251,3,3,16,3,15,13
55,No,Travel_Rarely,452,Research & Development,1,3,Medical,4,Male,81,3,1,19045,18938,3,3,37,3,36,10
47,Yes,Non-Travel,666,Research & Development,29,4,Life Sciences,1,Male,88,3,2,11849,10268,3,4,10,2,10,7
28,No,Travel_Rarely,1158,Research & Development,9,3,Medical,4,Male,94,3,4,2070,2613,4,4,5,2,5,2
37,No,Travel_Rarely,228,Sales,6,4,Medical,3,Male,98,3,4,6502,22825,3,2,7,4,5,4
21,No,Travel_Rarely,996,Research & Development,3,2,Medical,4,Male,100,2,3,3230,10531,3,1,3,4,3,2
37,No,Non-Travel,728,Research & Development,1,4,Medical,1,Female,80,3,4,13603,11677,3,1,15,3,5,2
35,No,Travel_Rarely,1315,Research & Development,22,3,Life Sciences,2,Female,71,4,2,11996,19100,3,2,10,2,7,7
38,No,Travel_Rarely,322,Sales,7,2,Medical,1,Female,44,4,1,5605,19191,4,3,8,3,8,0
26,No,Travel_Frequently,1479,Research & Development,1,3,Life Sciences,3,Female,84,3,2,6397,26767,4,1,6,1,6,5
50,No,Travel_Rarely,797,Research & Development,4,1,Life Sciences,1,Male,96,3,2,19144,15815,3,1,28,2,10,4
53,No,Travel_Rarely,1070,Research & Development,3,4,Medical,3,Male,45,3,3,17584,21016,3,4,21,2,5,3
42,No,Travel_Rarely,635,Sales,1,1,Life Sciences,2,Male,99,3,3,4907,24532,4,3,20,3,20,16
29,No,Travel_Frequently,442,Sales,2,2,Life Sciences,2,Male,44,3,4,4554,20260,3,1,10,2,10,7
55,No,Travel_Rarely,147,Research & Development,20,2,Technical Degree,2,Male,37,3,4,5415,15972,3,4,12,3,10,7
26,No,Travel_Frequently,496,Research & Development,11,2,Medical,1,Male,60,3,1,4741,22722,3,3,5,3,5,3
37,No,Travel_Rarely,1372,Research & Development,1,3,Life Sciences,4,Female,42,3,4,2115,15881,3,2,17,3,17,12
44,Yes,Travel_Frequently,920,Research & Development,24,3,Life Sciences,4,Male,43,3,3,3161,19920,4,4,19,1,1,0
38,No,Travel_Rarely,688,Research & Development,23,4,Life Sciences,4,Male,82,3,4,5745,18899,3,2,10,3,2,2
26,Yes,Travel_Rarely,1449,Research & Development,16,4,Medical,1,Male,45,3,2,2373,14180,3,4,5,3,3,2
28,No,Travel_Rarely,1117,Research & Development,8,2,Life Sciences,4,Female,66,3,4,3310,4488,4,4,5,3,5,3
49,No,Travel_Frequently,636,Research & Development,10,4,Life Sciences,3,Female,35,3,1,18665,25594,3,4,22,3,3,2
36,No,Travel_Rarely,506,Research & Development,3,3,Technical Degree,3,Male,30,3,2,4485,26285,3,4,10,3,8,0
31,No,Travel_Frequently,444,Sales,5,3,Marketing,4,Female,84,3,2,2789,3909,3,3,2,2,2,2
26,Yes,Travel_Rarely,950,Sales,4,4,Marketing,4,Male,48,2,4,5828,8450,3,2,8,3,8,7
37,No,Travel_Frequently,889,Research & Development,9,3,Medical,2,Male,53,3,4,2326,11411,3,3,4,2,4,2
42,No,Travel_Frequently,555,Sales,26,3,Marketing,3,Female,77,3,2,13525,14864,3,4,23,4,20,4
18,Yes,Travel_Rarely,230,Research & Development,3,3,Life Sciences,3,Male,54,3,3,1420,25233,3,3,0,3,0,0
35,No,Travel_Rarely,1232,Sales,16,3,Marketing,3,Male,96,3,2,8020,5100,3,3,12,2,11,9
36,No,Travel_Frequently,566,Research & Development,18,4,Life Sciences,3,Male,81,4,4,3688,7122,3,4,4,3,1,0
51,No,Travel_Rarely,1302,Research & Development,2,3,Medical,4,Male,84,1,2,5482,16321,3,4,13,3,4,1
41,No,Travel_Rarely,334,Sales,2,4,Life Sciences,4,Male,88,3,2,16015,15896,3,2,22,3,22,10
18,No,Travel_Rarely,812,Sales,10,3,Medical,4,Female,69,2,3,1200,9724,3,1,0,3,0,0
28,No,Travel_Rarely,1476,Research & Development,16,2,Medical,2,Male,68,4,1,5661,4824,3,3,9,3,8,3
31,No,Travel_Rarely,218,Sales,7,3,Technical Degree,2,Male,100,4,4,6929,12241,3,2,10,2,8,7
39,No,Travel_Rarely,1132,Research & Development,1,3,Medical,3,Male,48,4,4,9613,10942,3,1,19,2,18,10
36,No,Non-Travel,1105,Research & Development,24,4,Life Sciences,2,Female,47,3,2,5674,6927,3,3,11,3,9,8
32,No,Travel_Rarely,906,Sales,7,3,Life Sciences,4,Male,91,2,3,5484,16985,3,3,13,2,13,8
38,No,Travel_Rarely,849,Research & Development,25,2,Life Sciences,1,Female,81,2,2,12061,26707,3,3,19,3,10,8
58,No,Non-Travel,390,Research & Development,1,4,Life Sciences,4,Male,32,1,3,5660,17056,3,4,12,3,5,3
31,No,Travel_Rarely,691,Research & Development,5,4,Technical Degree,3,Male,86,3,4,4821,10077,3,3,6,3,5,2
31,No,Travel_Rarely,106,Human Resources,2,3,Human Resources,1,Male,62,2,1,6410,17822,3,4,9,3,2,2
45,No,Travel_Frequently,1249,Research & Development,7,3,Life Sciences,1,Male,97,3,1,5210,20308,3,1,24,3,24,9
31,No,Travel_Rarely,192,Research & Development,2,4,Life Sciences,3,Male,32,3,4,2695,7747,3,2,3,1,2,2
33,No,Travel_Frequently,553,Research & Development,5,4,Life Sciences,4,Female,74,3,2,11878,23364,3,2,12,3,10,6
39,No,Travel_Rarely,117,Research & Development,10,1,Medical,3,Male,99,3,1,17068,5355,3,4,21,3,21,9
43,No,Travel_Frequently,185,Research & Development,10,4,Life Sciences,3,Female,33,3,4,2455,10675,3,1,9,3,8,7
49,No,Travel_Rarely,1091,Research & Development,1,2,Technical Degree,3,Female,90,2,3,13964,17810,3,4,25,3,7,1
52,Yes,Travel_Rarely,723,Research & Development,8,4,Medical,3,Male,85,2,2,4941,17747,3,1,11,2,8,2
27,No,Travel_Rarely,1220,Research & Development,5,3,Life Sciences,3,Female,85,3,2,2478,20938,3,2,4,2,4,3
32,No,Travel_Rarely,588,Sales,8,2,Technical Degree,3,Female,65,2,2,5228,24624,3,4,13,3,13,12
27,No,Travel_Rarely,1377,Sales,2,3,Life Sciences,4,Male,74,3,3,4478,5242,3,1,5,3,5,4
31,No,Travel_Rarely,691,Sales,7,3,Marketing,4,Male,73,3,4,7547,7143,3,4,13,3,7,7
32,No,Travel_Rarely,1018,Research & Development,2,4,Medical,1,Female,74,4,4,5055,10557,3,3,10,2,7,7
28,Yes,Travel_Rarely,1157,Research & Development,2,4,Medical,1,Male,84,1,4,3464,24737,3,4,5,2,3,2
30,No,Travel_Rarely,1275,Research & Development,28,2,Medical,4,Female,64,3,4,5775,11934,3,4,11,3,10,8
31,No,Travel_Frequently,798,Research & Development,7,2,Life Sciences,3,Female,48,2,3,8943,14034,4,1,10,3,10,9
39,No,Travel_Frequently,672,Research & Development,7,2,Medical,3,Male,54,2,4,19272,21141,3,1,21,3,21,9
39,Yes,Travel_Rarely,1162,Sales,3,2,Medical,4,Female,41,3,3,5238,17778,3,1,12,2,1,0
33,No,Travel_Frequently,508,Sales,10,3,Marketing,2,Male,46,2,4,4682,4317,3,3,9,2,7,7
47,No,Travel_Rarely,1482,Research & Development,5,5,Life Sciences,4,Male,42,3,3,18300,16375,3,2,21,3,3,2
43,No,Travel_Frequently,559,Research & Development,10,4,Life Sciences,3,Female,82,2,3,5257,6227,3,2,9,4,9,7
27,No,Non-Travel,210,Sales,1,1,Marketing,3,Male,73,3,2,6349,22107,3,4,6,3,5,4
54,No,Travel_Frequently,928,Research & Development,20,4,Life Sciences,4,Female,31,3,3,4869,16885,3,4,20,2,4,3
43,No,Travel_Rarely,1001,Research & Development,7,3,Life Sciences,3,Female,43,3,1,9985,9262,3,1,10,2,1,0
45,No,Travel_Rarely,549,Research & Development,8,4,Other,4,Male,75,3,4,3697,9278,3,1,12,3,10,9
40,No,Travel_Rarely,1124,Sales,1,2,Medical,2,Male,57,1,4,7457,13273,4,3,6,2,4,3
29,Yes,Travel_Rarely,318,Research & Development,8,4,Other,2,Male,77,1,1,2119,4759,3,4,7,2,7,7
29,No,Travel_Rarely,738,Research & Development,9,5,Other,2,Male,30,2,4,3983,7621,3,3,4,3,3,2
30,No,Travel_Rarely,570,Sales,5,3,Marketing,4,Female,30,2,3,6118,5431,3,3,10,3,10,9
27,No,Travel_Rarely,1130,Sales,8,4,Marketing,2,Female,56,3,2,6214,3415,3,1,8,3,8,7
37,No,Travel_Rarely,1192,Research & Development,5,2,Medical,4,Male,61,3,4,6347,23177,3,3,8,2,6,2
38,No,Travel_Rarely,343,Research & Development,15,2,Life Sciences,3,Male,92,2,4,11510,15682,3,2,12,3,11,10
31,No,Travel_Rarely,1232,Research & Development,7,4,Medical,3,Female,39,3,4,7143,25713,3,3,11,2,11,9
29,No,Travel_Rarely,144,Sales,10,1,Marketing,4,Female,39,2,2,8268,11866,3,1,7,3,7,7
35,No,Travel_Rarely,1296,Research & Development,5,4,Technical Degree,3,Male,62,3,2,8095,18264,3,4,17,3,16,6
23,No,Travel_Rarely,1309,Research & Development,26,1,Life Sciences,3,Male,83,3,4,2904,16092,3,3,4,2,4,2
41,No,Travel_Rarely,483,Research & Development,6,3,Medical,4,Male,95,2,2,6032,10110,3,4,8,3,5,4
47,No,Travel_Frequently,1309,Sales,4,1,Medical,2,Male,99,3,3,2976,25751,3,1,5,3,0,0
42,No,Travel_Rarely,810,Research & Development,23,5,Life Sciences,1,Female,44,3,4,15992,15901,3,2,16,3,1,0
29,No,Non-Travel,746,Sales,2,3,Life Sciences,4,Male,61,3,3,4649,16928,3,1,4,2,4,3
42,No,Travel_Rarely,544,Human Resources,2,1,Technical Degree,3,Male,52,3,3,2696,24017,3,3,4,3,3,2
32,No,Travel_Rarely,1062,Research & Development,2,3,Medical,3,Female,75,3,2,2370,3956,3,3,8,3,8,0
48,No,Travel_Rarely,530,Sales,29,1,Medical,1,Female,91,3,3,12504,23978,4,2,15,1,0,0
37,No,Travel_Rarely,1319,Research & Development,6,3,Medical,3,Male,51,4,1,5974,17001,3,1,13,3,7,7
30,No,Non-Travel,641,Sales,25,2,Technical Degree,4,Female,85,3,3,4736,6069,3,2,4,4,2,2
26,No,Travel_Rarely,933,Sales,1,3,Life Sciences,3,Male,57,3,3,5296,20156,3,2,8,3,8,7
42,No,Travel_Rarely,1332,Research & Development,2,4,Other,1,Male,98,2,4,6781,17078,4,2,14,3,1,0
21,Yes,Travel_Frequently,756,Sales,1,1,Technical Degree,1,Female,99,2,2,2174,9150,3,3,3,3,3,2
36,No,Non-Travel,845,Sales,1,5,Medical,4,Female,45,3,4,6653,15276,3,2,7,3,1,0
36,No,Travel_Frequently,541,Sales,3,4,Medical,1,Male,48,2,4,9699,7246,3,1,16,3,13,9
57,No,Travel_Rarely,593,Research & Development,1,4,Medical,4,Male,88,3,3,6755,2967,3,3,15,3,3,2
40,No,Travel_Rarely,1171,Research & Development,10,4,Life Sciences,4,Female,46,4,3,2213,22495,3,3,10,3,7,7
21,No,Non-Travel,895,Sales,9,2,Medical,1,Male,39,3,4,2610,2851,4,3,3,2,3,2
33,Yes,Travel_Rarely,350,Sales,5,3,Marketing,4,Female,34,3,3,2851,9150,3,2,1,3,1,0
37,No,Travel_Rarely,921,Research & Development,10,3,Medical,3,Female,98,3,1,3452,17663,4,2,17,3,5,4
46,No,Non-Travel,1144,Research & Development,7,4,Medical,3,Female,30,3,3,5258,16044,3,3,7,4,1,0
41,Yes,Travel_Frequently,143,Sales,4,3,Marketing,1,Male,56,3,2,9355,9558,3,3,8,3,8,7
50,No,Travel_Rarely,1046,Research & Development,10,3,Technical Degree,4,Male,100,2,4,10496,2755,3,4,20,3,4,3
40,Yes,Travel_Rarely,575,Sales,22,2,Marketing,3,Male,68,2,3,6380,6110,3,1,8,3,6,4
31,No,Travel_Rarely,408,Research & Development,9,4,Life Sciences,3,Male,42,2,2,2657,7551,3,4,3,3,2,2
21,Yes,Travel_Rarely,156,Sales,12,3,Life Sciences,3,Female,90,4,2,2716,25422,3,4,1,3,1,0
29,No,Travel_Rarely,1283,Research & Development,23,3,Life Sciences,4,Male,54,3,4,2201,18168,3,4,6,3,3,2
35,No,Travel_Rarely,755,Research & Development,9,4,Life Sciences,3,Male,97,2,2,6540,19394,3,3,10,3,1,1
27,No,Travel_Rarely,1469,Research & Development,1,2,Medical,4,Male,82,3,2,3816,17881,3,2,5,3,5,2
28,No,Travel_Rarely,304,Sales,9,4,Life Sciences,2,Male,92,3,4,5253,20750,3,4,7,3,7,5
49,No,Travel_Rarely,1261,Research & Development,7,3,Other,2,Male,31,2,3,10965,12066,4,3,26,3,5,2
51,No,Travel_Rarely,1178,Sales,14,2,Life Sciences,3,Female,87,3,4,4936,14862,3,3,18,2,7,7
36,No,Travel_Rarely,329,Research & Development,2,3,Life Sciences,4,Female,96,3,3,2543,11868,3,2,6,3,2,2
34,Yes,Non-Travel,1362,Sales,19,3,Marketing,1,Male,67,4,4,5304,4652,3,2,9,2,5,2
55,No,Travel_Rarely,1311,Research & Development,2,3,Life Sciences,3,Female,97,3,4,16659,23258,3,3,30,3,5,4
24,No,Travel_Rarely,1371,Sales,10,4,Marketing,4,Female,77,3,3,4260,5915,3,4,5,4,5,2
30,No,Travel_Rarely,202,Sales,2,1,Technical Degree,3,Male,72,3,2,2476,17434,3,1,1,3,1,0
26,Yes,Travel_Frequently,575,Research & Development,3,1,Technical Degree,3,Male,73,3,1,3102,6582,4,3,7,3,6,4
22,No,Travel_Rarely,253,Research & Development,11,3,Medical,1,Female,43,3,2,2244,24440,3,4,2,3,2,1
36,No,Travel_Rarely,164,Sales,2,2,Medical,2,Male,61,2,3,7596,3809,3,2,10,3,10,9
30,Yes,Travel_Frequently,464,Research & Development,4,3,Technical Degree,3,Male,40,3,4,2285,3427,4,3,3,3,1,0
37,No,Travel_Rarely,1107,Research & Development,14,3,Life Sciences,4,Female,95,3,1,3034,26914,3,3,18,2,18,7
40,No,Travel_Rarely,759,Sales,2,2,Marketing,4,Female,46,3,2,5715,22553,3,3,8,3,5,4
42,No,Travel_Rarely,201,Research & Development,1,4,Life Sciences,2,Female,95,3,1,2576,20490,3,2,8,3,5,2
37,No,Travel_Rarely,1305,Research & Development,10,4,Life Sciences,3,Male,49,3,2,4197,21123,3,4,18,2,1,0
43,No,Travel_Rarely,982,Research & Development,12,3,Life Sciences,1,Male,59,2,2,14336,4345,3,3,25,3,25,10
40,No,Travel_Rarely,555,Research & Development,2,3,Medical,2,Female,78,2,3,3448,13436,4,2,20,3,1,0
54,No,Travel_Rarely,821,Research & Development,5,2,Medical,1,Male,86,3,1,19406,8509,3,3,24,2,4,2
34,No,Non-Travel,1381,Sales,4,4,Marketing,3,Female,72,3,3,6538,12740,3,1,6,3,3,2
31,No,Travel_Rarely,480,Research & Development,7,2,Medical,2,Female,31,3,1,4306,4156,3,2,13,1,13,10
43,No,Travel_Frequently,313,Research & Development,21,3,Medical,4,Male,61,3,4,2258,15238,4,1,8,3,3,2
43,No,Travel_Rarely,1473,Research & Development,8,4,Other,3,Female,74,3,3,4522,2227,3,4,8,3,5,2
25,No,Travel_Rarely,891,Sales,4,2,Life Sciences,2,Female,99,2,4,4487,12090,3,2,5,3,5,4
37,No,Non-Travel,1063,Research & Development,25,5,Medical,2,Female,72,3,3,4449,23866,3,1,15,3,13,11
31,No,Travel_Rarely,329,Research & Development,1,2,Life Sciences,4,Male,98,2,1,2218,16193,3,3,4,3,4,2
39,No,Travel_Frequently,1218,Research & Development,1,1,Life Sciences,2,Male,52,3,3,19197,8213,3,3,21,3,21,8
56,No,Travel_Frequently,906,Sales,6,3,Life Sciences,3,Female,86,4,1,13212,18256,3,4,36,2,7,7
30,No,Travel_Rarely,1082,Sales,12,3,Technical Degree,2,Female,83,3,3,6577,19558,3,2,6,3,5,4
41,No,Travel_Rarely,645,Sales,1,3,Marketing,2,Male,49,4,1,8392,19566,3,3,10,3,10,7
28,No,Travel_Rarely,1300,Research & Development,17,2,Medical,3,Male,79,3,1,4558,13535,3,4,10,3,10,0
25,Yes,Travel_Rarely,688,Research & Development,3,3,Medical,1,Male,91,3,1,4031,9396,3,3,6,3,2,2
52,No,Travel_Rarely,319,Research & Development,3,3,Medical,4,Male,39,2,3,7969,19609,3,3,28,3,5,4
45,No,Travel_Rarely,192,Research & Development,10,2,Life Sciences,1,Male,69,3,4,2654,9655,4,4,8,2,2,2
52,No,Travel_Rarely,1490,Research & Development,4,2,Life Sciences,4,Female,30,3,4,16555,10310,3,4,31,1,5,2
42,No,Travel_Frequently,532,Research & Development,29,2,Life Sciences,1,Female,92,3,3,4556,12932,3,2,19,3,5,4
30,No,Travel_Rarely,317,Research & Development,2,3,Life Sciences,3,Female,43,1,4,6091,24793,4,3,11,3,5,4
60,No,Travel_Rarely,422,Research & Development,7,3,Life Sciences,1,Female,41,3,1,19566,3854,3,4,33,1,29,8
46,No,Travel_Rarely,1485,Research & Development,18,3,Medical,3,Female,87,3,3,4810,26314,3,3,19,2,10,7
42,No,Travel_Frequently,1368,Research & Development,28,4,Technical Degree,4,Female,88,2,4,4523,4386,3,4,7,4,6,5
24,Yes,Travel_Rarely,1448,Sales,1,1,Technical Degree,1,Female,62,3,2,3202,21972,3,2,6,3,5,3
34,Yes,Travel_Frequently,296,Sales,6,2,Marketing,4,Female,33,1,3,2351,12253,3,4,3,2,2,2
38,No,Travel_Frequently,1490,Research & Development,2,2,Life Sciences,4,Male,42,3,4,1702,12106,4,3,1,3,1,0
40,No,Travel_Rarely,1398,Sales,2,4,Life Sciences,3,Female,79,3,3,18041,13022,3,4,21,3,20,15
26,No,Travel_Rarely,1349,Research & Development,23,3,Life Sciences,1,Female,90,3,4,2886,3032,4,2,3,1,3,2
30,No,Non-Travel,1400,Research & Development,3,3,Life Sciences,3,Male,53,3,4,2097,16734,3,3,9,1,5,3
29,No,Travel_Rarely,986,Research & Development,3,4,Medical,2,Male,93,2,3,11935,21526,3,3,10,3,10,2
29,Yes,Travel_Rarely,408,Research & Development,25,5,Technical Degree,3,Female,71,2,2,2546,18300,3,2,6,4,2,2
19,Yes,Travel_Rarely,489,Human Resources,2,2,Technical Degree,1,Male,52,2,4,2564,18437,3,3,1,4,1,0
30,No,Non-Travel,1398,Sales,22,4,Other,3,Female,69,3,1,8412,2890,3,3,10,3,9,8
57,No,Travel_Rarely,210,Sales,29,3,Marketing,1,Male,56,2,4,14118,22102,3,3,32,2,1,0
50,No,Travel_Rarely,1099,Research & Development,29,4,Life Sciences,2,Male,88,2,3,17046,9314,3,2,28,3,27,10
30,No,Non-Travel,1116,Research & Development,2,3,Medical,3,Female,49,3,4,2564,7181,3,3,12,2,11,7
60,No,Travel_Frequently,1499,Sales,28,3,Marketing,3,Female,80,2,1,10266,2845,3,4,22,4,18,13
47,No,Travel_Rarely,983,Research & Development,2,2,Medical,1,Female,65,3,4,5070,7389,3,3,20,3,5,0
46,No,Travel_Rarely,1009,Research & Development,2,3,Life Sciences,1,Male,51,3,3,17861,2288,3,3,26,1,3,2
35,No,Travel_Rarely,144,Research & Development,22,3,Life Sciences,4,Male,46,1,3,4230,19225,3,3,6,3,5,4
54,No,Travel_Rarely,548,Research & Development,8,4,Life Sciences,3,Female,42,3,3,3780,23428,3,3,19,3,1,0
34,No,Travel_Rarely,1303,Research & Development,2,4,Life Sciences,4,Male,62,2,3,2768,8416,3,3,14,3,7,3
46,No,Travel_Rarely,1125,Sales,10,3,Marketing,3,Female,94,2,4,9071,11563,3,3,15,3,3,2
31,No,Travel_Rarely,1274,Research & Development,9,1,Life Sciences,3,Male,33,3,2,10648,14394,4,4,13,4,13,8
33,Yes,Travel_Rarely,1277,Research & Development,15,1,Medical,2,Male,56,3,3,13610,24619,3,4,15,4,7,6
33,Yes,Travel_Rarely,587,Research & Development,10,1,Medical,1,Male,38,1,4,3408,6705,3,1,8,3,4,3
30,No,Travel_Rarely,413,Sales,7,1,Marketing,4,Male,57,3,2,2983,18398,3,1,4,3,3,2
35,No,Travel_Rarely,1276,Research & Development,16,3,Life Sciences,4,Male,72,3,3,7632,14295,3,3,10,3,8,7
31,Yes,Travel_Frequently,534,Research & Development,20,3,Life Sciences,1,Male,66,3,3,9824,22908,3,1,12,3,1,0
34,Yes,Travel_Frequently,988,Human Resources,23,3,Human Resources,2,Female,43,3,1,9950,11533,3,3,11,3,3,2
42,No,Travel_Frequently,1474,Research & Development,5,2,Other,2,Male,97,3,3,2093,9260,3,4,8,3,2,2
36,No,Non-Travel,635,Sales,10,4,Medical,2,Male,32,3,4,9980,15318,3,4,10,2,10,3
22,Yes,Travel_Frequently,1368,Research & Development,4,1,Technical Degree,3,Male,99,2,3,3894,9129,3,3,4,3,2,2
48,No,Travel_Rarely,163,Sales,2,5,Marketing,2,Female,37,3,4,4051,19658,3,1,14,3,9,7
55,No,Travel_Rarely,1117,Sales,18,5,Life Sciences,1,Female,83,3,2,16835,9873,4,4,37,3,10,9
41,No,Non-Travel,267,Sales,10,2,Life Sciences,4,Male,56,3,4,6230,13430,3,4,16,3,14,3
35,No,Travel_Rarely,619,Sales,1,3,Marketing,2,Male,85,3,3,4717,18659,3,3,15,3,11,9
40,No,Travel_Rarely,302,Research & Development,6,3,Life Sciences,2,Female,75,3,3,13237,20364,3,3,22,3,20,6
39,No,Travel_Frequently,443,Research & Development,8,1,Life Sciences,3,Female,48,3,3,3755,17872,3,1,8,3,8,3
31,No,Travel_Rarely,828,Sales,2,1,Life Sciences,2,Male,77,3,4,6582,8346,3,3,10,4,6,5
42,No,Travel_Rarely,319,Research & Development,24,3,Medical,4,Male,56,3,1,7406,6950,4,4,10,2,10,9
45,No,Travel_Rarely,561,Sales,2,3,Other,4,Male,61,3,2,4805,16177,3,2,9,4,8,7
26,Yes,Travel_Frequently,426,Human Resources,17,4,Life Sciences,2,Female,58,3,3,2741,22808,3,2,8,2,7,7
29,No,Travel_Rarely,232,Research & Development,19,3,Technical Degree,4,Male,34,3,4,4262,22645,3,2,8,4,3,2
33,No,Travel_Rarely,922,Research & Development,1,5,Medical,1,Female,95,4,3,16184,22578,3,3,10,3,6,1
31,No,Travel_Rarely,688,Sales,7,3,Life Sciences,3,Male,44,2,4,11557,25291,4,3,10,2,5,4
18,Yes,Travel_Frequently,1306,Sales,5,3,Marketing,2,Male,69,3,2,1878,8059,3,4,0,3,0,0
40,No,Non-Travel,1094,Sales,28,3,Other,3,Male,58,1,1,10932,11373,3,3,20,3,1,0
41,No,Non-Travel,509,Research & Development,2,4,Other,1,Female,62,2,3,6811,2112,3,1,10,3,8,7
26,No,Travel_Rarely,775,Sales,29,2,Medical,1,Male,45,3,3,4306,4267,3,1,8,3,0,0
35,No,Travel_Rarely,195,Sales,1,3,Medical,1,Female,80,3,3,4859,6698,3,4,5,3,5,4
34,No,Travel_Rarely,258,Sales,21,4,Life Sciences,4,Male,74,4,4,5337,19921,3,4,10,3,10,7
26,Yes,Travel_Rarely,471,Research & Development,24,3,Technical Degree,3,Male,66,1,4,2340,23213,3,2,1,1,1,0
37,No,Travel_Rarely,799,Research & Development,1,3,Technical Degree,2,Female,59,3,4,7491,23848,3,4,12,4,6,5
46,No,Travel_Frequently,1034,Research & Development,18,1,Medical,1,Female,86,3,3,10527,8984,3,4,28,2,2,2
41,No,Travel_Rarely,1276,Sales,2,5,Life Sciences,2,Female,91,3,1,16595,5626,3,2,22,3,18,16
37,No,Non-Travel,142,Sales,9,4,Medical,1,Male,69,3,2,8834,24666,3,4,9,3,9,5
52,No,Travel_Rarely,956,Research & Development,6,2,Technical Degree,4,Male,78,3,1,5577,22087,3,2,18,3,10,9
32,Yes,Non-Travel,1474,Sales,11,4,Other,4,Male,60,4,3,4707,23914,3,4,6,3,4,2
24,No,Travel_Frequently,535,Sales,24,3,Medical,4,Male,38,3,4,2400,5530,3,3,3,3,2,2
38,No,Travel_Rarely,1495,Research & Development,10,3,Medical,3,Female,76,3,3,9824,22174,3,3,18,3,1,0
37,No,Travel_Rarely,446,Research & Development,1,4,Life Sciences,2,Female,65,3,2,6447,15701,3,2,8,2,6,5
49,No,Travel_Rarely,1245,Research & Development,18,4,Life Sciences,4,Male,58,2,3,19502,2125,3,3,31,3,31,9
24,No,Travel_Rarely,691,Research & Development,23,3,Medical,2,Male,89,4,4,2725,21630,3,2,6,3,6,5
26,No,Travel_Rarely,703,Sales,28,2,Marketing,1,Male,66,3,2,6272,7428,4,4,6,4,5,3
24,No,Travel_Rarely,823,Research & Development,17,2,Other,4,Male,94,2,2,2127,9100,4,4,1,3,1,0
50,No,Travel_Frequently,1246,Human Resources,3,3,Medical,1,Male,99,3,2,18200,7999,3,3,32,3,32,5
25,No,Travel_Rarely,622,Sales,13,1,Medical,2,Male,40,3,3,2096,26376,3,3,7,3,7,4
24,Yes,Travel_Frequently,1287,Research & Development,7,3,Life Sciences,1,Female,55,3,3,2886,14168,3,4,6,3,6,3
30,Yes,Travel_Frequently,448,Sales,12,4,Life Sciences,2,Male,74,2,1,2033,14470,3,3,1,4,1,0
34,No,Travel_Rarely,254,Research & Development,1,2,Life Sciences,2,Male,83,2,4,3622,22794,3,4,6,3,6,5
31,Yes,Travel_Rarely,1365,Sales,13,4,Medical,2,Male,46,3,1,4233,11512,3,3,9,1,3,1
35,No,Travel_Rarely,538,Research & Development,25,2,Other,1,Male,54,2,4,3681,14004,3,4,9,3,3,2
31,No,Travel_Rarely,525,Sales,6,4,Medical,1,Male,66,4,4,5460,6219,4,4,13,4,7,7
27,No,Travel_Rarely,798,Research & Development,6,4,Medical,1,Female,66,2,3,2187,5013,3,3,6,2,5,3
37,No,Travel_Rarely,558,Sales,2,3,Marketing,4,Male,75,3,3,9602,3010,3,3,17,2,3,0
20,No,Travel_Rarely,959,Research & Development,1,3,Life Sciences,4,Female,83,2,2,2836,11757,3,4,1,4,1,0
42,No,Travel_Rarely,622,Research & Development,2,4,Life Sciences,3,Female,81,3,4,4089,5718,3,2,10,3,10,2
43,No,Travel_Rarely,782,Research & Development,6,4,Other,2,Male,50,2,4,16627,2671,3,3,21,2,1,0
38,No,Travel_Rarely,362,Research & Development,1,1,Life Sciences,3,Female,43,3,1,2619,14561,3,4,8,2,0,0
43,No,Travel_Frequently,1001,Research & Development,9,5,Medical,4,Male,72,3,3,5679,19627,3,2,10,3,8,7
48,No,Travel_Rarely,1236,Research & Development,1,4,Life Sciences,4,Female,40,2,1,15402,17997,3,1,21,1,3,2
44,No,Travel_Rarely,1112,Human Resources,1,4,Life Sciences,1,Female,50,2,3,5985,26894,3,2,10,4,2,2
34,No,Travel_Rarely,204,Sales,14,3,Technical Degree,3,Female,31,3,3,2579,2912,3,4,8,3,8,2
27,Yes,Travel_Rarely,1420,Sales,2,1,Marketing,3,Male,85,3,1,3041,16346,3,2,5,3,4,3
21,No,Travel_Rarely,1343,Sales,22,1,Technical Degree,3,Male,49,3,3,3447,24444,3,3,3,3,3,2
44,No,Travel_Rarely,1315,Research & Development,3,4,Other,4,Male,35,3,4,19513,9358,3,1,26,4,2,2
22,No,Travel_Rarely,604,Research & Development,6,1,Medical,1,Male,69,3,3,2773,12145,4,4,3,3,2,2
33,No,Travel_Rarely,1216,Sales,8,4,Marketing,3,Male,39,3,3,7104,20431,3,4,6,3,5,0
32,No,Travel_Rarely,646,Research & Development,9,4,Life Sciences,1,Female,92,3,4,6322,18089,3,4,6,2,6,4
30,No,Travel_Frequently,160,Research & Development,3,3,Medical,3,Female,71,3,3,2083,22653,4,3,1,3,1,0
53,No,Travel_Rarely,238,Sales,1,1,Medical,4,Female,34,3,1,8381,7507,4,4,18,4,14,7
34,No,Travel_Rarely,1397,Research & Development,1,5,Life Sciences,2,Male,42,3,4,2691,7660,3,4,10,2,10,9
45,Yes,Travel_Frequently,306,Sales,26,4,Life Sciences,1,Female,100,3,1,4286,5630,3,4,5,3,1,1
26,No,Travel_Rarely,991,Research & Development,6,3,Life Sciences,3,Female,71,3,4,2659,17759,3,3,3,3,3,2
37,No,Travel_Rarely,482,Research & Development,3,3,Other,3,Male,36,3,3,9434,9606,3,3,10,3,10,7
29,No,Travel_Rarely,1176,Sales,3,2,Medical,2,Female,62,3,3,5561,3487,3,1,6,2,6,0
35,No,Travel_Rarely,1017,Research & Development,6,4,Life Sciences,2,Male,82,1,4,6646,19368,3,2,17,3,17,11
33,No,Travel_Frequently,1296,Research & Development,6,3,Life Sciences,3,Male,30,3,4,7725,5335,4,3,15,1,13,11
54,No,Travel_Rarely,397,Human Resources,19,4,Medical,3,Male,88,3,2,10725,6729,3,3,16,4,9,7
36,No,Travel_Rarely,913,Research & Development,9,2,Medical,2,Male,48,2,2,8847,13934,3,3,13,3,3,2
27,No,Travel_Rarely,1115,Research & Development,3,4,Medical,1,Male,54,2,4,2045,15174,3,4,5,3,4,2
20,Yes,Travel_Rarely,1362,Research & Development,10,1,Medical,4,Male,32,3,3,1009,26999,3,4,1,3,1,0
33,Yes,Travel_Frequently,1076,Research & Development,3,3,Life Sciences,1,Male,70,3,1,3348,3164,3,1,10,3,10,8
35,No,Non-Travel,727,Research & Development,3,3,Life Sciences,3,Male,41,2,3,1281,16900,3,3,1,3,1,0
23,No,Travel_Rarely,885,Research & Development,4,3,Medical,1,Male,58,4,1,2819,8544,3,1,5,4,3,2
25,No,Travel_Rarely,810,Sales,8,3,Life Sciences,4,Male,57,4,2,4851,15678,4,3,4,3,3,2
38,No,Travel_Rarely,243,Sales,7,4,Marketing,4,Female,46,2,4,4028,7791,4,1,8,3,7,7
29,No,Travel_Frequently,806,Research & Development,1,4,Life Sciences,2,Male,76,1,4,2720,18959,3,4,10,3,10,7
48,No,Travel_Rarely,817,Sales,2,1,Marketing,2,Male,56,4,2,8120,18597,3,4,12,3,2,2
27,No,Travel_Frequently,1410,Sales,3,1,Medical,4,Female,71,4,4,4647,16673,4,2,6,3,6,5
37,No,Travel_Rarely,1225,Research & Development,10,2,Life Sciences,4,Male,80,4,4,4680,15232,3,1,4,3,1,0
50,No,Travel_Rarely,1207,Research & Development,28,1,Medical,4,Male,74,4,3,3221,3297,3,3,20,3,20,8
34,No,Travel_Rarely,1442,Research & Development,9,3,Medical,4,Female,46,2,2,8621,17654,3,2,9,4,8,7
24,Yes,Travel_Rarely,693,Sales,3,2,Life Sciences,1,Female,65,3,3,4577,24785,3,1,4,3,2,2
39,No,Travel_Rarely,408,Research & Development,2,4,Technical Degree,4,Female,80,2,3,4553,20978,3,1,20,3,20,7
32,No,Travel_Rarely,929,Sales,10,3,Marketing,4,Male,55,3,4,5396,21703,3,4,10,2,10,7
50,Yes,Travel_Frequently,562,Sales,8,2,Technical Degree,2,Male,50,3,3,6796,23452,3,1,18,3,4,3
38,No,Travel_Rarely,827,Research & Development,1,4,Life Sciences,2,Female,33,4,4,7625,19383,3,3,10,2,9,7
27,No,Travel_Rarely,608,Research & Development,1,2,Life Sciences,3,Female,68,3,1,7412,6009,3,4,9,3,9,7
32,No,Travel_Rarely,1018,Research & Development,3,2,Life Sciences,3,Female,39,3,4,11159,19373,3,4,10,3,7,7
47,No,Travel_Rarely,703,Sales,14,4,Marketing,4,Male,42,3,1,4960,11825,3,4,20,3,7,7
40,No,Travel_Frequently,580,Sales,5,4,Life Sciences,4,Male,48,2,1,10475,23772,4,3,20,3,18,13
53,No,Travel_Rarely,970,Research & Development,7,3,Life Sciences,3,Male,59,4,3,14814,13514,3,3,32,3,5,1
41,No,Travel_Rarely,427,Human Resources,10,4,Human Resources,2,Male,73,2,4,19141,8861,3,2,23,2,21,6
60,No,Travel_Rarely,1179,Sales,16,4,Marketing,1,Male,84,3,1,5405,11924,3,4,10,3,2,2
27,No,Travel_Frequently,294,Research & Development,10,2,Life Sciences,4,Male,32,3,1,8793,4809,4,3,9,2,9,7
41,No,Travel_Rarely,314,Human Resources,1,3,Human Resources,4,Male,59,2,3,19189,19562,3,2,22,3,22,7
50,No,Travel_Rarely,316,Sales,8,4,Marketing,4,Male,54,3,2,3875,9983,3,4,4,3,2,2
28,Yes,Travel_Rarely,654,Research & Development,1,2,Life Sciences,1,Female,67,1,2,2216,3872,3,4,10,3,7,7
36,No,Non-Travel,427,Research & Development,8,3,Life Sciences,1,Female,63,4,1,11713,20335,3,1,10,3,8,7
38,No,Travel_Rarely,168,Research & Development,1,3,Life Sciences,3,Female,81,3,3,7861,15397,3,4,10,4,1,0
44,No,Non-Travel,381,Research & Development,24,3,Medical,1,Male,49,1,3,3708,2104,3,3,9,3,5,2
47,No,Travel_Frequently,217,Sales,3,3,Medical,4,Female,49,3,3,13770,10225,3,4,28,2,22,2
30,No,Travel_Rarely,501,Sales,27,5,Marketing,3,Male,99,3,4,5304,25275,4,4,10,2,8,7
29,No,Travel_Rarely,1396,Sales,10,3,Life Sciences,3,Male,99,3,3,2642,2755,3,3,1,3,1,0
42,Yes,Travel_Frequently,933,Research & Development,19,3,Medical,3,Male,57,4,3,2759,20366,3,4,7,3,2,2
43,No,Travel_Frequently,775,Sales,15,3,Life Sciences,4,Male,47,2,4,6804,23683,3,3,7,3,2,2
34,No,Travel_Rarely,970,Research & Development,8,2,Medical,2,Female,96,3,3,6142,7360,3,4,10,3,5,1
23,No,Travel_Rarely,650,Research & Development,9,1,Medical,2,Male,37,3,1,2500,4344,3,4,5,4,4,3
39,No,Travel_Rarely,141,Human Resources,3,3,Human Resources,3,Female,44,4,2,6389,18767,3,3,12,1,8,3
56,No,Travel_Rarely,832,Research & Development,9,3,Medical,3,Male,81,3,4,11103,20420,3,3,30,2,10,7
40,No,Travel_Rarely,804,Research & Development,2,1,Medical,4,Female,86,2,4,2342,22929,4,4,5,2,4,2
27,No,Travel_Rarely,975,Research & Development,7,3,Medical,4,Female,55,2,1,6811,23398,3,1,9,1,7,6
29,No,Travel_Rarely,1090,Sales,10,3,Marketing,4,Male,83,3,2,2297,17967,3,4,2,3,2,2
53,No,Travel_Rarely,346,Research & Development,6,3,Life Sciences,4,Male,86,3,4,2450,10919,3,4,19,3,2,2
35,No,Non-Travel,1225,Research & Development,2,4,Life Sciences,4,Female,61,3,1,5093,4761,3,1,16,4,1,0
32,No,Travel_Frequently,430,Research & Development,24,4,Life Sciences,1,Male,80,3,4,5309,21146,3,4,10,3,10,8
38,No,Travel_Rarely,268,Research & Development,2,5,Medical,4,Male,92,3,3,3057,20471,3,2,6,1,1,0
34,No,Travel_Rarely,167,Research & Development,8,5,Life Sciences,2,Female,32,3,1,5121,4187,3,3,7,3,0,0
52,No,Travel_Rarely,621,Sales,3,4,Marketing,3,Male,31,2,1,16856,10084,3,1,34,4,34,6
33,Yes,Travel_Rarely,527,Research & Development,1,4,Other,4,Male,63,3,4,2686,5207,3,3,10,2,10,9
25,No,Travel_Rarely,883,Sales,26,1,Medical,3,Female,32,3,4,6180,22807,4,2,6,2,6,5
45,No,Travel_Rarely,954,Sales,2,2,Technical Degree,2,Male,46,1,3,6632,12388,3,1,9,3,8,7
23,No,Travel_Rarely,310,Research & Development,10,1,Medical,1,Male,79,4,3,3505,19630,3,4,2,3,2,2
47,Yes,Travel_Frequently,719,Sales,27,2,Life Sciences,2,Female,77,4,3,6397,10339,3,4,8,3,5,4
34,No,Travel_Rarely,304,Sales,2,3,Other,4,Male,60,3,4,6274,18686,4,3,6,3,6,5
55,Yes,Travel_Rarely,725,Research & Development,2,3,Medical,4,Male,78,3,1,19859,21199,3,4,24,3,5,2
36,No,Non-Travel,1434,Sales,8,4,Life Sciences,1,Male,76,2,1,7587,14229,3,2,10,3,10,7
52,No,Non-Travel,715,Research & Development,19,4,Medical,4,Male,41,3,4,4258,26589,3,1,5,3,4,3
26,No,Travel_Frequently,575,Research & Development,1,2,Life Sciences,1,Female,71,1,4,4364,5288,3,1,5,3,2,2
29,No,Travel_Rarely,657,Research & Development,27,3,Medical,2,Female,66,3,3,4335,25549,3,1,11,2,8,7
26,Yes,Travel_Rarely,1146,Sales,8,3,Technical Degree,4,Male,38,2,1,5326,3064,3,3,6,2,4,3
34,No,Travel_Rarely,182,Research & Development,1,4,Life Sciences,2,Female,72,4,4,3280,13551,3,3,10,3,4,2
54,No,Travel_Rarely,376,Research & Development,19,4,Medical,4,Female,95,3,1,5485,22670,3,2,9,3,5,3
27,No,Travel_Frequently,829,Sales,8,1,Marketing,3,Male,84,3,4,4342,24008,3,2,5,3,4,2
37,No,Travel_Rarely,571,Research & Development,10,1,Life Sciences,4,Female,82,3,1,2782,19905,3,2,6,2,5,3
38,No,Travel_Frequently,240,Research & Development,2,4,Life Sciences,1,Female,75,4,1,5980,26085,3,4,17,3,15,7
34,No,Travel_Rarely,121,Research & Development,2,4,Medical,3,Female,86,2,1,4381,7530,3,3,6,3,6,5
35,No,Travel_Rarely,384,Sales,8,4,Life Sciences,1,Female,72,3,4,2572,20317,3,2,3,2,3,2
30,No,Travel_Rarely,921,Research & Development,1,3,Life Sciences,4,Male,38,1,3,3833,24375,4,3,7,3,2,2
40,No,Travel_Frequently,791,Research & Development,2,2,Medical,3,Female,38,4,2,4244,9931,4,4,8,3,8,7
34,No,Travel_Rarely,1111,Sales,8,2,Life Sciences,3,Female,93,3,1,6500,13305,3,2,6,3,3,2
42,No,Travel_Frequently,570,Research & Development,8,3,Life Sciences,2,Male,66,3,4,18430,16225,3,2,24,2,24,7
23,Yes,Travel_Rarely,1243,Research & Development,6,3,Life Sciences,3,Male,63,4,1,1601,3445,4,3,1,3,0,0
24,No,Non-Travel,1092,Research & Development,9,3,Life Sciences,3,Male,60,2,2,2694,26551,3,3,1,3,1,0
52,No,Travel_Rarely,1325,Research & Development,11,4,Life Sciences,4,Female,82,3,3,3149,21821,4,2,9,3,5,2
50,No,Travel_Rarely,691,Research & Development,2,3,Medical,3,Male,64,3,3,17639,6881,3,4,30,3,4,3
29,Yes,Travel_Rarely,805,Research & Development,1,2,Life Sciences,2,Female,36,2,1,2319,6689,3,4,1,3,1,0
33,No,Travel_Rarely,213,Research & Development,7,3,Medical,3,Male,49,3,3,11691,25995,3,4,14,4,13,9
33,Yes,Travel_Rarely,118,Sales,16,3,Marketing,1,Female,69,3,1,5324,26507,3,3,6,3,3,2
47,No,Travel_Rarely,202,Research & Development,2,2,Other,3,Female,33,3,4,16752,12982,3,3,26,2,26,14
36,No,Travel_Rarely,676,Research & Development,1,3,Other,3,Female,35,3,2,5228,23361,3,1,10,3,9,7
29,No,Travel_Rarely,1252,Research & Development,23,2,Life Sciences,3,Male,81,4,3,2700,23779,4,3,10,3,10,7
58,Yes,Travel_Rarely,286,Research & Development,2,4,Life Sciences,4,Male,31,3,2,19246,25761,3,4,40,3,31,15
35,No,Travel_Rarely,1258,Research & Development,1,4,Life Sciences,4,Female,40,4,3,2506,13301,3,3,7,3,2,2
42,No,Travel_Rarely,932,Research & Development,1,2,Life Sciences,4,Female,43,2,4,6062,4051,3,4,8,3,4,3
28,Yes,Travel_Rarely,890,Research & Development,2,4,Medical,3,Male,46,3,3,4382,16374,3,4,5,2,2,2
36,No,Travel_Rarely,1041,Human Resources,13,3,Human Resources,3,Male,36,3,2,2143,25527,3,2,8,3,5,2
32,No,Travel_Rarely,859,Research & Development,4,3,Life Sciences,3,Female,98,2,3,6162,19124,3,3,14,3,14,13
40,No,Travel_Frequently,720,Research & Development,16,4,Medical,1,Male,51,2,3,5094,11983,3,4,10,3,1,0
30,No,Travel_Rarely,946,Research & Development,2,3,Medical,3,Female,52,2,4,6877,20234,4,2,12,2,0,0
45,No,Travel_Rarely,252,Research & Development,2,3,Life Sciences,2,Female,95,2,3,2274,6153,3,4,1,3,1,0
42,No,Travel_Rarely,933,Research & Development,29,3,Life Sciences,2,Male,98,3,2,4434,11806,3,4,10,2,9,8
38,No,Travel_Frequently,471,Research & Development,12,3,Life Sciences,1,Male,45,2,1,6288,4284,3,3,13,2,4,3
34,No,Travel_Frequently,702,Research & Development,16,4,Life Sciences,3,Female,100,2,4,2553,8306,3,3,6,3,5,2
49,Yes,Travel_Rarely,1184,Sales,11,3,Marketing,3,Female,43,3,4,7654,5860,3,1,9,4,9,8
55,Yes,Travel_Rarely,436,Sales,2,1,Medical,3,Male,37,3,4,5160,21519,3,3,12,2,9,7
43,No,Travel_Rarely,589,Research & Development,14,2,Life Sciences,2,Male,94,3,1,17159,5200,4,3,22,3,4,1
27,No,Travel_Rarely,269,Research & Development,5,1,Technical Degree,3,Male,42,2,4,12808,8842,3,2,9,3,9,8
35,No,Travel_Rarely,950,Research & Development,7,3,Other,3,Male,59,3,3,10221,18869,4,2,17,4,8,5
28,No,Travel_Rarely,760,Sales,2,4,Marketing,2,Female,81,3,2,4779,3698,4,1,8,3,8,7
34,No,Travel_Rarely,829,Human Resources,3,2,Human Resources,3,Male,88,3,4,3737,2243,3,3,4,1,3,2
26,Yes,Travel_Frequently,887,Research & Development,5,2,Medical,3,Female,88,2,3,2366,20898,3,1,8,3,8,7
27,No,Non-Travel,443,Research & Development,3,3,Medical,4,Male,50,3,4,1706,16571,3,3,0,2,0,0
51,No,Travel_Rarely,1318,Sales,26,4,Marketing,1,Female,66,3,3,16307,5594,3,3,29,2,20,6
44,No,Travel_Rarely,625,Research & Development,4,3,Medical,4,Male,50,3,2,5933,5197,3,4,10,2,5,2
25,No,Travel_Rarely,180,Research & Development,2,1,Medical,1,Male,65,4,1,3424,21632,3,3,6,2,4,3
33,No,Travel_Rarely,586,Sales,1,3,Medical,1,Male,48,4,1,4037,21816,4,1,9,3,9,8
35,No,Travel_Rarely,1343,Research & Development,27,1,Medical,3,Female,53,2,1,2559,17852,3,4,6,2,6,5
36,No,Travel_Rarely,928,Sales,1,2,Life Sciences,2,Male,56,3,4,6201,2823,3,4,18,2,18,14
32,No,Travel_Rarely,117,Sales,13,4,Life Sciences,2,Male,73,3,4,4403,9250,3,3,8,2,5,2
30,No,Travel_Frequently,1012,Research & Development,5,4,Life Sciences,2,Male,75,2,4,3761,2373,3,2,10,2,5,4
53,No,Travel_Rarely,661,Sales,7,2,Marketing,1,Female,78,2,4,10934,20715,3,4,35,3,5,2
45,No,Travel_Rarely,930,Sales,9,3,Marketing,4,Male,74,3,1,10761,19239,3,3,18,3,5,4
32,No,Travel_Rarely,638,Research & Development,8,2,Medical,3,Female,91,4,3,5175,22162,3,3,9,2,5,3
52,No,Travel_Frequently,890,Research & Development,25,4,Medical,3,Female,81,2,4,13826,19028,4,3,31,3,9,8
37,No,Travel_Rarely,342,Sales,16,4,Marketing,4,Male,66,2,3,6334,24558,3,4,9,3,1,0
28,No,Travel_Rarely,1169,Human Resources,8,2,Medical,2,Male,63,2,4,4936,23965,3,4,6,3,5,1
22,No,Travel_Rarely,1230,Research & Development,1,2,Life Sciences,4,Male,33,2,4,4775,19146,4,1,4,1,2,2
44,No,Travel_Rarely,986,Research & Development,8,4,Life Sciences,1,Male,62,4,4,2818,5044,4,3,10,2,3,2
42,No,Travel_Frequently,1271,Research & Development,2,1,Medical,2,Male,35,3,4,2515,9068,3,4,8,3,2,1
36,No,Travel_Rarely,1278,Human Resources,8,3,Life Sciences,1,Male,77,2,1,2342,8635,4,3,6,3,5,4
25,No,Travel_Rarely,141,Sales,3,1,Other,3,Male,98,3,1,4194,14363,3,4,5,3,5,3
35,No,Travel_Rarely,607,Research & Development,9,3,Life Sciences,4,Female,66,2,3,10685,23457,4,2,17,3,17,14
35,Yes,Travel_Frequently,130,Research & Development,25,4,Life Sciences,4,Female,96,3,2,2022,16612,3,1,10,2,10,2
32,No,Non-Travel,300,Research & Development,1,3,Life Sciences,4,Male,61,3,4,2314,9148,3,2,4,3,3,0
25,No,Travel_Rarely,583,Sales,4,1,Marketing,3,Male,87,2,1,4256,18154,3,1,5,4,5,2
49,No,Travel_Rarely,1418,Research & Development,1,3,Technical Degree,3,Female,36,3,1,3580,10554,3,2,7,3,4,2
24,No,Non-Travel,1269,Research & Development,4,1,Life Sciences,1,Male,46,2,4,3162,10778,3,4,6,2,5,2
32,No,Travel_Frequently,379,Sales,5,2,Life Sciences,2,Male,48,3,2,6524,8891,3,4,10,3,10,8
38,No,Travel_Rarely,395,Sales,9,3,Marketing,2,Male,98,2,2,2899,12102,3,4,3,3,2,2
42,No,Travel_Rarely,1265,Research & Development,3,3,Life Sciences,3,Female,95,4,4,5231,23726,3,2,17,2,5,3
31,No,Travel_Rarely,1222,Research & Development,11,4,Life Sciences,4,Male,48,3,4,2356,14871,3,2,8,3,6,4
29,Yes,Travel_Rarely,341,Sales,1,3,Medical,2,Female,48,2,3,2800,23522,3,3,5,3,3,2
53,No,Travel_Rarely,868,Sales,8,3,Marketing,1,Male,73,3,4,11836,22789,3,3,28,3,2,0
35,No,Travel_Rarely,672,Research & Development,25,3,Technical Degree,4,Male,78,2,2,10903,9129,3,1,16,3,13,10
37,No,Travel_Frequently,1231,Sales,21,2,Medical,3,Female,54,3,4,2973,21222,3,2,10,3,5,4
53,No,Travel_Rarely,102,Research & Development,23,4,Life Sciences,4,Female,72,3,4,14275,20206,3,3,33,3,12,9
43,No,Travel_Frequently,422,Research & Development,1,3,Life Sciences,4,Female,33,3,4,5562,21782,3,2,12,2,5,2
47,No,Travel_Rarely,249,Sales,2,2,Marketing,3,Female,35,3,4,4537,17783,4,1,8,3,7,6
37,No,Non-Travel,1252,Sales,19,2,Medical,1,Male,32,3,2,7642,4814,3,4,10,3,10,0
50,No,Non-Travel,881,Research & Development,2,4,Life Sciences,1,Male,98,3,1,17924,4544,3,4,31,3,31,6
39,No,Travel_Rarely,1383,Human Resources,2,3,Life Sciences,4,Female,42,2,4,5204,7790,3,3,13,3,5,4
33,No,Travel_Rarely,1075,Human Resources,3,2,Human Resources,4,Male,57,3,2,2277,22650,3,3,7,4,4,3
32,Yes,Travel_Rarely,374,Research & Development,25,4,Life Sciences,1,Male,87,3,4,2795,18016,4,3,1,1,1,0
29,No,Travel_Rarely,1086,Research & Development,7,1,Medical,1,Female,62,2,4,2532,6054,3,3,8,3,4,3
44,No,Travel_Rarely,661,Research & Development,9,2,Life Sciences,2,Male,61,3,1,2559,7508,3,4,8,3,8,7
28,No,Travel_Rarely,821,Sales,5,4,Medical,1,Male,98,3,4,4908,24252,3,2,4,3,4,2
58,Yes,Travel_Frequently,781,Research & Development,2,1,Life Sciences,4,Male,57,2,4,2380,13384,3,4,3,2,1,0
43,No,Travel_Rarely,177,Research & Development,8,3,Life Sciences,1,Female,55,3,2,4765,23814,4,3,4,4,1,0
20,Yes,Travel_Rarely,500,Sales,2,3,Medical,3,Female,49,2,3,2044,22052,3,4,2,2,2,2
21,Yes,Travel_Rarely,1427,Research & Development,18,1,Other,4,Female,65,3,4,2693,8870,3,1,1,2,1,0
36,No,Travel_Rarely,1425,Research & Development,14,1,Life Sciences,3,Male,68,3,4,6586,4821,3,1,17,2,16,8
47,No,Travel_Rarely,1454,Sales,2,4,Life Sciences,4,Female,65,2,4,3294,13137,3,1,3,2,3,2
22,Yes,Travel_Rarely,617,Research & Development,3,1,Life Sciences,2,Female,34,3,3,4171,10022,3,1,4,4,3,2
41,Yes,Travel_Rarely,1085,Research & Development,2,4,Life Sciences,2,Female,57,1,4,2778,17725,3,3,10,2,7,7
28,No,Travel_Rarely,995,Research & Development,9,3,Medical,3,Female,77,3,3,2377,9834,3,2,6,3,2,2
39,Yes,Travel_Rarely,1122,Research & Development,6,3,Medical,4,Male,70,3,1,2404,4303,4,4,8,1,2,2
27,No,Travel_Rarely,618,Research & Development,4,3,Life Sciences,2,Female,76,3,3,2318,17808,3,3,1,3,1,1
34,No,Travel_Rarely,546,Research & Development,10,3,Life Sciences,2,Male,83,3,2,2008,6896,3,2,1,3,1,0
42,No,Travel_Rarely,462,Sales,14,2,Medical,3,Female,68,2,3,6244,7824,3,1,10,3,5,4
33,No,Travel_Rarely,1198,Research & Development,1,4,Other,3,Male,100,2,1,2799,3339,3,2,6,3,3,2
58,No,Travel_Rarely,1272,Research & Development,5,3,Technical Degree,3,Female,37,2,2,10552,9255,3,4,24,3,6,0
31,No,Travel_Rarely,154,Sales,7,4,Life Sciences,2,Male,41,2,3,2329,11737,3,2,13,4,7,7
35,No,Travel_Rarely,1137,Research & Development,21,1,Life Sciences,4,Female,51,3,4,4014,19170,4,4,10,1,10,6
49,No,Travel_Rarely,527,Research & Development,8,2,Other,1,Female,51,3,2,7403,22477,3,3,29,2,26,9
48,No,Travel_Rarely,1469,Research & Development,20,4,Medical,4,Male,51,3,3,2259,5543,3,1,13,2,0,0
31,No,Non-Travel,1188,Sales,20,2,Marketing,4,Female,45,3,3,6932,24406,3,4,9,2,9,8
36,No,Travel_Rarely,188,Research & Development,7,4,Other,2,Male,65,3,4,4678,23293,3,3,8,3,6,2
38,No,Travel_Rarely,1333,Research & Development,1,3,Technical Degree,4,Female,80,3,1,13582,16292,3,2,15,3,15,12
32,No,Non-Travel,1184,Research & Development,1,3,Life Sciences,3,Female,70,2,2,2332,3974,4,3,5,3,3,0
25,Yes,Travel_Rarely,867,Sales,19,2,Marketing,3,Male,36,2,2,2413,18798,3,3,1,3,1,0
40,No,Travel_Rarely,658,Sales,10,4,Marketing,1,Male,67,2,2,9705,20652,3,2,11,2,1,0
26,No,Travel_Frequently,1283,Sales,1,3,Medical,3,Male,52,2,1,4294,11148,3,2,7,3,7,7
41,No,Travel_Rarely,263,Research & Development,6,3,Medical,4,Male,59,3,1,4721,3119,3,3,20,3,18,13
36,No,Travel_Rarely,938,Research & Development,2,4,Medical,3,Male,79,3,3,2519,12287,4,3,16,3,11,8
19,Yes,Travel_Rarely,419,Sales,21,3,Other,4,Male,37,2,2,2121,9947,3,2,1,4,1,0
20,Yes,Travel_Rarely,129,Research & Development,4,3,Technical Degree,1,Male,84,3,1,2973,13008,3,2,1,3,1,0
31,No,Travel_Rarely,616,Research & Development,12,3,Medical,4,Female,41,3,4,5855,17369,3,3,10,1,9,7
40,No,Travel_Frequently,1469,Research & Development,9,4,Medical,4,Male,35,3,2,3617,25063,3,4,3,3,1,1
32,No,Travel_Rarely,498,Research & Development,3,4,Medical,3,Female,93,3,1,6725,13554,3,3,8,4,8,7
36,Yes,Travel_Rarely,530,Sales,3,1,Life Sciences,3,Male,51,2,4,10325,5518,3,1,16,3,16,7
33,No,Travel_Rarely,1069,Research & Development,1,3,Life Sciences,2,Female,42,2,4,6949,12291,3,1,6,3,5,0
37,Yes,Travel_Rarely,625,Sales,1,4,Life Sciences,1,Male,46,2,3,10609,14922,3,3,17,1,14,1
45,No,Non-Travel,805,Research & Development,4,2,Life Sciences,3,Male,57,3,2,4447,23163,3,2,9,2,9,7
29,No,Travel_Frequently,1404,Sales,20,3,Technical Degree,3,Female,84,3,4,2157,18203,3,2,3,3,3,1
35,No,Travel_Rarely,1219,Sales,18,3,Medical,3,Female,86,3,3,4601,6179,3,2,5,3,5,2
52,No,Travel_Rarely,1053,Research & Development,1,2,Life Sciences,4,Male,70,3,4,17099,13829,3,2,26,2,9,8
58,Yes,Travel_Rarely,289,Research & Development,2,3,Technical Degree,4,Male,51,3,3,2479,26227,4,1,7,3,1,0
53,No,Travel_Rarely,1376,Sales,2,2,Medical,3,Male,45,3,3,14852,13938,3,3,22,4,17,13
30,No,Travel_Rarely,231,Sales,8,2,Other,3,Male,62,3,3,7264,9977,3,1,10,4,8,4
38,No,Non-Travel,152,Sales,10,3,Technical Degree,3,Female,85,3,4,5666,19899,3,2,6,3,5,3
35,No,Travel_Rarely,882,Sales,3,4,Life Sciences,4,Male,92,3,4,7823,6812,3,2,12,3,10,9
39,No,Travel_Rarely,903,Sales,2,5,Life Sciences,1,Male,41,4,3,7880,2560,3,4,9,3,8,7
40,Yes,Non-Travel,1479,Sales,24,3,Life Sciences,2,Female,100,4,2,13194,17071,3,4,22,2,1,0
47,No,Travel_Frequently,1379,Research & Development,16,4,Medical,3,Male,64,4,3,5067,6759,3,3,20,4,19,10
36,No,Non-Travel,1229,Sales,8,4,Technical Degree,1,Male,84,3,4,5079,25952,3,4,12,3,7,7
31,Yes,Non-Travel,335,Research & Development,9,2,Medical,3,Male,46,2,1,2321,10322,4,1,4,3,3,2
33,No,Non-Travel,722,Sales,17,3,Life Sciences,4,Male,38,3,3,17444,20489,3,4,10,3,10,8
29,Yes,Travel_Rarely,906,Research & Development,10,3,Life Sciences,4,Female,92,2,1,2404,11479,4,3,3,3,0,0
33,No,Travel_Rarely,461,Research & Development,13,1,Life Sciences,2,Female,53,3,4,3452,17241,3,1,5,3,3,2
45,No,Travel_Rarely,974,Research & Development,1,4,Medical,4,Female,91,3,4,2270,11005,3,4,8,3,5,3
50,No,Travel_Rarely,1126,Research & Development,1,2,Medical,4,Male,66,3,4,17399,6615,4,3,32,2,5,4
33,No,Travel_Frequently,827,Research & Development,1,4,Other,3,Female,84,4,2,5488,20161,3,1,6,3,6,5
41,No,Travel_Frequently,840,Research & Development,9,3,Medical,1,Male,64,3,3,19419,3735,3,2,21,4,18,16
27,No,Travel_Rarely,1134,Research & Development,16,4,Technical Degree,3,Female,37,3,2,2811,12086,3,2,4,3,2,2
45,No,Non-Travel,248,Research & Development,23,2,Life Sciences,4,Male,42,3,1,3633,14039,3,3,9,3,9,8
47,No,Travel_Rarely,955,Sales,4,2,Life Sciences,4,Female,83,3,4,4163,8571,3,3,9,3,9,0
30,Yes,Travel_Rarely,138,Research & Development,22,3,Life Sciences,1,Female,48,3,3,2132,11539,3,2,7,3,5,2
50,No,Travel_Rarely,939,Research & Development,24,3,Life Sciences,4,Male,95,3,3,13973,4161,3,4,22,3,12,11
38,No,Travel_Frequently,1391,Research & Development,10,1,Medical,3,Male,66,3,3,2684,12127,3,2,3,2,2,1
46,No,Travel_Rarely,566,Research & Development,7,2,Medical,4,Male,75,3,3,10845,24208,3,2,13,3,8,7
24,No,Travel_Rarely,1206,Research & Development,17,1,Medical,4,Female,41,2,3,4377,24117,3,2,5,3,4,2
35,Yes,Travel_Rarely,622,Research & Development,14,4,Other,3,Male,39,2,2,3743,10074,4,4,5,1,4,2
31,No,Travel_Frequently,853,Research & Development,1,1,Life Sciences,3,Female,96,3,1,4148,11275,3,3,4,3,4,3
18,No,Non-Travel,287,Research & Development,5,2,Life Sciences,2,Male,73,3,4,1051,13493,3,4,0,3,0,0
54,No,Travel_Rarely,1441,Research & Development,17,3,Technical Degree,3,Female,56,3,3,10739,13943,3,3,22,3,10,7
35,No,Travel_Rarely,583,Research & Development,25,4,Medical,3,Female,57,3,3,10388,6975,3,3,16,2,16,10
30,No,Travel_Rarely,153,Research & Development,8,2,Life Sciences,2,Female,73,4,1,11416,17802,3,3,9,2,8,7
20,Yes,Travel_Rarely,1097,Research & Development,11,3,Medical,4,Female,98,2,1,2600,18275,3,1,1,3,1,0
30,Yes,Travel_Frequently,109,Research & Development,5,3,Medical,2,Female,60,3,2,2422,25725,3,1,4,3,3,2
26,No,Travel_Rarely,1066,Research & Development,2,2,Medical,4,Male,32,4,4,5472,3334,3,2,8,3,8,7
22,No,Travel_Rarely,217,Research & Development,8,1,Life Sciences,2,Male,94,1,1,2451,6881,3,1,4,2,4,3
48,No,Travel_Rarely,277,Research & Development,6,3,Life Sciences,1,Male,97,2,3,4240,13119,3,4,19,3,2,2
48,No,Travel_Rarely,1355,Research & Development,4,4,Life Sciences,3,Male,78,2,3,10999,22245,3,2,27,3,15,11
41,No,Travel_Rarely,549,Research & Development,7,2,Medical,4,Female,42,3,3,5003,23371,3,2,8,3,2,2
39,No,Travel_Rarely,466,Research & Development,1,1,Life Sciences,4,Female,65,2,4,12742,7060,3,3,21,3,21,6
27,No,Travel_Rarely,1055,Research & Development,2,4,Life Sciences,1,Female,47,3,4,4227,4658,3,2,4,3,3,2
35,No,Travel_Rarely,802,Research & Development,10,3,Other,2,Male,45,3,4,3917,9541,4,1,3,2,3,2
42,No,Travel_Rarely,265,Sales,5,2,Marketing,4,Male,90,3,3,18303,7770,3,2,21,4,1,0
50,No,Travel_Rarely,804,Research & Development,9,3,Life Sciences,1,Male,64,3,4,2380,20165,3,2,8,3,1,0
59,No,Travel_Rarely,715,Research & Development,2,3,Life Sciences,3,Female,69,2,4,13726,21829,3,1,30,3,5,3
37,Yes,Travel_Rarely,1141,Research & Development,11,2,Medical,1,Female,61,1,2,4777,14382,3,1,15,1,1,0
55,No,Travel_Frequently,135,Research & Development,18,4,Medical,3,Male,62,3,2,6385,12992,3,4,17,3,8,7
41,No,Non-Travel,247,Research & Development,7,1,Life Sciences,2,Female,55,1,3,19973,20284,4,2,21,3,21,16
38,No,Travel_Rarely,1035,Sales,3,4,Life Sciences,2,Male,42,3,4,6861,4981,3,3,19,3,1,0
26,Yes,Non-Travel,265,Sales,29,2,Medical,2,Male,79,1,1,4969,21813,3,4,7,3,2,2
52,Yes,Travel_Rarely,266,Sales,2,1,Marketing,1,Female,57,1,4,19845,25846,3,4,33,3,32,14
44,No,Travel_Rarely,1448,Sales,28,3,Medical,4,Female,53,4,4,13320,11737,3,3,23,3,12,11
50,No,Non-Travel,145,Sales,1,3,Life Sciences,4,Female,95,3,3,6347,24920,3,1,19,3,18,7
36,Yes,Travel_Rarely,885,Research & Development,16,4,Life Sciences,3,Female,43,4,1,2743,8269,3,3,18,3,17,13
39,No,Travel_Frequently,945,Research & Development,22,3,Medical,4,Female,82,3,1,10880,5083,3,3,21,3,21,6
33,No,Non-Travel,1038,Sales,8,1,Life Sciences,2,Female,88,2,4,2342,21437,3,4,3,2,2,2
45,No,Travel_Rarely,1234,Sales,11,2,Life Sciences,4,Female,90,3,4,17650,5404,3,2,26,4,9,3
32,No,Non-Travel,1109,Research & Development,29,4,Medical,4,Female,69,3,3,4025,11135,3,2,10,3,8,7
34,No,Travel_Rarely,216,Sales,1,4,Marketing,2,Male,75,4,4,9725,12278,3,4,16,2,15,1
59,No,Travel_Rarely,1089,Sales,1,2,Technical Degree,2,Male,66,3,4,11904,11038,3,3,14,1,6,4
45,No,Travel_Rarely,788,Human Resources,24,4,Medical,2,Male,36,3,2,2177,8318,3,1,6,3,6,3
53,No,Travel_Frequently,124,Sales,2,3,Marketing,3,Female,38,2,2,7525,23537,3,1,30,3,15,7
36,Yes,Travel_Rarely,660,Research & Development,15,3,Other,1,Male,81,3,3,4834,7858,3,2,9,2,1,0
26,Yes,Travel_Frequently,342,Research & Development,2,3,Life Sciences,1,Male,57,3,1,2042,15346,3,2,6,3,3,2
34,No,Travel_Rarely,1333,Sales,10,4,Life Sciences,3,Female,87,3,3,2220,18410,3,4,1,3,1,1
28,No,Travel_Rarely,1144,Sales,10,1,Medical,4,Male,74,3,2,1052,23384,4,2,1,3,1,0
38,No,Travel_Frequently,1186,Research & Development,3,4,Other,3,Male,44,3,3,2821,2997,3,1,8,3,2,2
50,No,Travel_Rarely,1464,Research & Development,2,4,Medical,2,Male,62,3,3,19237,12853,3,4,29,2,8,1
37,No,Travel_Rarely,124,Research & Development,3,3,Other,4,Female,35,3,2,4107,13848,3,1,8,2,4,3
40,No,Travel_Rarely,300,Sales,26,3,Marketing,3,Male,74,3,1,8396,22217,3,2,8,2,7,7
26,No,Travel_Frequently,921,Research & Development,1,1,Medical,1,Female,66,2,3,2007,25265,3,3,5,3,5,3
46,No,Travel_Rarely,430,Research & Development,1,4,Medical,4,Male,40,3,4,19627,21445,3,4,23,3,2,2
54,No,Travel_Rarely,1082,Sales,2,4,Life Sciences,3,Female,41,2,3,10686,8392,3,2,13,3,9,4
56,No,Travel_Frequently,1240,Research & Development,9,3,Medical,1,Female,63,3,3,2942,12154,3,2,18,3,5,4
36,No,Travel_Rarely,796,Research & Development,12,5,Medical,4,Female,51,2,4,8858,15669,3,2,15,2,14,8
55,No,Non-Travel,444,Research & Development,2,1,Medical,3,Male,40,2,1,16756,17323,3,2,31,4,9,7
43,No,Travel_Rarely,415,Sales,25,3,Medical,3,Male,79,2,4,10798,5268,3,3,18,3,1,0
20,Yes,Travel_Frequently,769,Sales,9,3,Marketing,4,Female,54,3,4,2323,17205,3,2,2,3,2,2
21,Yes,Travel_Rarely,1334,Research & Development,10,3,Life Sciences,3,Female,36,2,1,1416,17258,3,1,1,2,1,0
46,No,Travel_Rarely,1003,Research & Development,8,4,Life Sciences,4,Female,74,2,1,4615,21029,4,1,19,3,16,13
51,Yes,Travel_Rarely,1323,Research & Development,4,4,Life Sciences,1,Male,34,3,3,2461,10332,3,3,18,4,10,0
28,Yes,Non-Travel,1366,Research & Development,24,2,Technical Degree,2,Male,72,2,1,8722,12355,3,1,10,2,10,7
26,No,Travel_Rarely,192,Research & Development,1,2,Medical,1,Male,59,2,1,3955,11141,3,1,6,3,5,3
30,No,Travel_Rarely,1176,Research & Development,20,3,Other,3,Male,85,3,1,9957,9096,3,3,7,2,6,2
41,No,Travel_Rarely,509,Research & Development,7,2,Technical Degree,2,Female,43,4,3,3376,18863,3,3,10,3,10,6
38,No,Travel_Rarely,330,Research & Development,17,1,Life Sciences,3,Female,65,2,3,8823,24608,3,1,20,2,19,9
40,No,Travel_Rarely,1492,Research & Development,20,4,Technical Degree,1,Male,61,3,4,10322,26542,4,4,14,3,11,10
27,No,Non-Travel,1277,Research & Development,8,5,Life Sciences,1,Male,87,1,3,4621,5869,3,4,3,3,3,2
55,No,Travel_Frequently,1091,Research & Development,2,1,Life Sciences,4,Male,65,3,2,10976,15813,3,2,23,3,3,2
28,No,Travel_Rarely,857,Research & Development,10,3,Other,3,Female,59,3,3,3660,7909,3,4,10,4,8,7
44,Yes,Travel_Rarely,1376,Human Resources,1,2,Medical,2,Male,91,2,1,10482,2326,3,4,24,3,20,6
33,No,Travel_Rarely,654,Research & Development,5,3,Life Sciences,4,Male,34,2,4,7119,21214,3,3,9,3,3,2
35,Yes,Travel_Rarely,1204,Sales,4,3,Technical Degree,4,Male,86,3,1,9582,10333,4,1,9,3,8,7
33,Yes,Travel_Frequently,827,Research & Development,29,4,Medical,1,Female,54,2,3,4508,3129,4,2,14,3,13,7
28,No,Travel_Rarely,895,Research & Development,15,2,Life Sciences,1,Male,50,3,3,2207,22482,3,4,4,2,4,2
34,No,Travel_Frequently,618,Research & Development,3,1,Life Sciences,1,Male,45,3,4,7756,22266,3,3,7,2,6,2
37,No,Travel_Rarely,309,Sales,10,4,Life Sciences,4,Female,88,2,4,6694,24223,3,3,8,3,1,0
25,Yes,Travel_Rarely,1219,Research & Development,4,1,Technical Degree,4,Male,32,3,4,3691,4605,3,2,7,4,7,7
26,Yes,Travel_Rarely,1330,Research & Development,21,3,Medical,1,Male,37,3,3,2377,19373,4,3,1,2,1,1
33,Yes,Travel_Rarely,1017,Research & Development,25,3,Medical,1,Male,55,2,2,2313,2993,4,2,5,3,2,2
42,No,Travel_Rarely,469,Research & Development,2,2,Medical,4,Male,35,3,1,17665,14399,3,4,23,3,22,6
28,Yes,Travel_Frequently,1009,Research & Development,1,3,Medical,1,Male,45,2,2,2596,7160,3,1,1,3,1,0
50,Yes,Travel_Frequently,959,Sales,1,4,Other,4,Male,81,3,3,4728,17251,3,4,5,3,0,0
33,No,Travel_Frequently,970,Sales,7,3,Life Sciences,4,Female,30,3,2,4302,13401,3,3,4,3,3,2
34,No,Non-Travel,697,Research & Development,3,4,Life Sciences,3,Male,40,2,4,2979,22478,3,4,6,3,0,0
48,No,Non-Travel,1262,Research & Development,1,4,Medical,1,Male,35,4,4,16885,16154,4,3,27,2,5,4
45,No,Non-Travel,1050,Sales,9,4,Life Sciences,2,Female,65,2,3,5593,17970,3,4,15,3,15,10
52,No,Travel_Rarely,994,Research & Development,7,4,Life Sciences,2,Male,87,3,2,10445,15322,3,4,18,3,8,6
38,No,Travel_Rarely,770,Sales,10,4,Marketing,3,Male,73,2,3,8740,5569,3,2,9,3,8,7
29,No,Travel_Rarely,1107,Research & Development,28,4,Life Sciences,3,Female,93,3,4,2514,26968,4,1,11,3,7,5
28,No,Travel_Rarely,950,Research & Development,3,3,Medical,4,Female,93,3,2,7655,8039,3,2,10,2,9,7
46,No,Travel_Rarely,406,Sales,3,1,Marketing,1,Male,52,3,3,17465,15596,3,4,23,3,12,9
38,No,Travel_Rarely,130,Sales,2,2,Marketing,4,Male,32,3,2,7351,20619,3,3,10,3,1,0
43,No,Travel_Frequently,1082,Research & Development,27,3,Life Sciences,3,Female,83,3,1,10820,11535,3,3,18,3,8,7
39,Yes,Travel_Frequently,203,Research & Development,2,3,Life Sciences,1,Male,84,3,4,12169,13547,3,4,21,3,18,7
40,No,Travel_Rarely,1308,Research & Development,14,3,Medical,3,Male,44,2,3,19626,17544,3,1,21,4,20,7
21,No,Travel_Rarely,984,Research & Development,1,1,Technical Degree,4,Female,70,2,2,2070,25326,3,3,2,4,2,2
39,No,Non-Travel,439,Research & Development,9,3,Life Sciences,3,Male,70,3,2,6782,8770,3,3,9,2,5,4
36,No,Non-Travel,217,Research & Development,18,4,Life Sciences,1,Male,78,3,4,7779,23238,4,1,18,3,11,9
31,No,Travel_Frequently,793,Sales,20,3,Life Sciences,3,Male,67,4,4,2791,21981,3,1,3,3,2,2
28,No,Travel_Rarely,1451,Research & Development,2,1,Life Sciences,1,Male,67,2,2,3201,19911,3,1,6,1,5,3
35,No,Travel_Frequently,1182,Sales,11,2,Marketing,4,Male,54,3,4,4968,18500,3,4,5,3,5,2
49,No,Travel_Rarely,174,Sales,8,4,Technical Degree,4,Male,56,2,2,13120,11879,3,2,22,3,9,8
34,No,Travel_Frequently,1003,Research & Development,2,2,Life Sciences,4,Male,95,3,3,4033,15834,3,4,5,2,3,2
29,No,Travel_Frequently,490,Research & Development,10,3,Life Sciences,4,Female,61,3,2,3291,17940,3,4,8,2,7,5
42,No,Travel_Rarely,188,Research & Development,29,3,Medical,2,Male,56,1,4,4272,9558,3,1,16,3,1,0
29,No,Travel_Rarely,718,Research & Development,8,1,Medical,2,Male,79,2,4,5056,17689,3,3,10,2,10,7
38,No,Travel_Rarely,433,Human Resources,1,3,Human Resources,3,Male,37,4,3,2844,6004,3,4,7,4,7,6
28,No,Travel_Frequently,773,Research & Development,6,3,Life Sciences,3,Male,39,2,3,2703,22088,3,4,3,3,3,1
18,Yes,Non-Travel,247,Research & Development,8,1,Medical,3,Male,80,3,3,1904,13556,3,4,0,3,0,0
33,Yes,Travel_Rarely,603,Sales,9,4,Marketing,1,Female,77,3,1,8224,18385,3,1,6,3,5,2
41,No,Travel_Rarely,167,Research & Development,12,4,Life Sciences,2,Male,46,3,4,4766,9051,3,1,6,3,1,0
31,Yes,Travel_Frequently,874,Research & Development,15,3,Medical,3,Male,72,3,3,2610,6233,3,3,2,2,2,2
37,No,Travel_Rarely,367,Research & Development,25,2,Medical,3,Female,52,2,4,5731,17171,3,3,9,3,6,2
27,No,Travel_Rarely,199,Research & Development,6,3,Life Sciences,4,Male,55,2,3,2539,7950,3,3,4,3,4,2
34,No,Travel_Rarely,1400,Sales,9,1,Life Sciences,2,Female,70,3,3,5714,5829,4,1,6,2,6,5
35,No,Travel_Rarely,528,Human Resources,8,4,Technical Degree,3,Male,100,3,3,4323,7108,3,2,6,1,5,4
29,Yes,Travel_Rarely,408,Sales,23,1,Life Sciences,4,Female,45,2,1,7336,11162,3,1,11,1,11,8
40,No,Travel_Frequently,593,Research & Development,9,4,Medical,2,Female,88,3,3,13499,13782,3,3,20,2,18,7
42,Yes,Travel_Frequently,481,Sales,12,3,Life Sciences,3,Male,44,3,1,13758,2447,3,2,22,2,21,9
42,No,Travel_Rarely,647,Sales,4,4,Marketing,2,Male,45,3,1,5155,2253,3,4,9,4,6,4
35,No,Travel_Rarely,982,Research & Development,1,4,Medical,4,Male,58,2,3,2258,16340,3,2,10,3,8,0
24,No,Travel_Rarely,477,Research & Development,24,3,Medical,4,Male,49,3,2,3597,6409,4,4,6,3,4,3
28,Yes,Travel_Rarely,1485,Research & Development,12,1,Life Sciences,3,Female,79,3,4,2515,22955,3,4,1,2,1,1
26,No,Travel_Rarely,1384,Research & Development,3,4,Medical,1,Male,82,4,4,4420,13421,4,2,8,3,8,7
30,No,Travel_Rarely,852,Sales,10,3,Marketing,3,Male,72,2,3,6578,2706,3,1,10,3,10,3
40,No,Travel_Frequently,902,Research & Development,26,2,Medical,3,Female,92,2,4,4422,21203,3,4,16,1,1,1
35,No,Travel_Rarely,819,Research & Development,2,3,Life Sciences,3,Male,44,2,2,10274,19588,3,2,15,4,7,7
34,No,Travel_Frequently,669,Research & Development,1,3,Medical,4,Male,97,2,1,5343,25755,4,3,14,3,13,9
35,No,Travel_Frequently,636,Research & Development,4,4,Other,4,Male,47,2,4,2376,26537,3,2,2,4,2,2
43,Yes,Travel_Rarely,1372,Sales,9,3,Marketing,1,Female,85,1,3,5346,9489,3,2,7,2,4,3
32,No,Non-Travel,862,Sales,2,1,Life Sciences,3,Female,76,3,1,2827,14947,3,3,1,3,1,0
56,No,Travel_Rarely,718,Research & Development,4,4,Technical Degree,4,Female,92,3,1,19943,18575,3,4,28,3,5,2
29,No,Travel_Rarely,1401,Research & Development,6,1,Medical,2,Female,54,3,4,3131,26342,3,1,10,3,10,8
19,No,Travel_Rarely,645,Research & Development,9,2,Life Sciences,3,Male,54,3,1,2552,7172,4,3,1,3,1,1
45,No,Travel_Rarely,1457,Research & Development,7,3,Medical,1,Female,83,3,3,4477,20100,3,3,7,2,3,2
37,No,Travel_Rarely,977,Research & Development,1,3,Life Sciences,4,Female,56,2,4,6474,9961,3,2,14,2,14,8
20,No,Travel_Rarely,805,Research & Development,3,3,Life Sciences,1,Male,87,2,3,3033,12828,3,1,2,2,2,2
44,Yes,Travel_Rarely,1097,Research & Development,10,4,Life Sciences,3,Male,96,3,3,2936,10826,3,3,6,3,6,4
53,No,Travel_Rarely,1223,Research & Development,7,2,Medical,4,Female,50,3,3,18606,18640,3,2,26,3,7,7
29,No,Travel_Rarely,942,Research & Development,15,1,Life Sciences,2,Female,69,1,4,2168,26933,3,1,6,2,5,4
22,Yes,Travel_Frequently,1256,Research & Development,3,4,Life Sciences,3,Male,48,2,4,2853,4223,3,2,1,3,0,0
46,No,Travel_Rarely,1402,Sales,2,3,Marketing,3,Female,69,3,1,17048,24097,4,1,28,3,26,15
44,No,Non-Travel,111,Research & Development,17,3,Life Sciences,4,Male,74,1,3,2290,4279,3,4,6,3,0,0
33,No,Travel_Rarely,147,Human Resources,2,3,Human Resources,2,Male,99,3,3,3600,8429,3,4,5,3,5,4
41,Yes,Non-Travel,906,Research & Development,5,2,Life Sciences,1,Male,95,2,1,2107,20293,3,1,5,1,1,0
30,No,Travel_Rarely,1329,Sales,29,4,Life Sciences,3,Male,61,3,1,4115,13192,3,3,8,3,4,3
40,No,Travel_Frequently,1184,Sales,2,4,Medical,2,Male,62,3,2,4327,25440,3,4,5,3,0,0
50,No,Travel_Frequently,1421,Research & Development,2,3,Medical,4,Female,30,3,1,17856,9490,4,3,32,3,2,2
28,No,Travel_Rarely,1179,Research & Development,19,4,Medical,4,Male,78,2,1,3196,12449,3,3,6,3,6,5
46,No,Travel_Rarely,1450,Research & Development,15,2,Life Sciences,4,Male,52,3,2,19081,10849,3,1,25,3,4,2
35,No,Travel_Rarely,1361,Sales,17,4,Life Sciences,3,Male,94,3,1,8966,21026,3,4,15,3,7,7
24,Yes,Travel_Rarely,984,Research & Development,17,2,Life Sciences,4,Female,97,3,2,2210,3372,3,1,1,1,1,0
33,No,Travel_Frequently,1146,Sales,25,3,Medical,2,Female,82,3,3,4539,4905,3,1,10,2,10,7
36,No,Travel_Rarely,917,Research & Development,6,4,Life Sciences,3,Male,60,1,3,2741,6865,3,3,7,3,7,7
30,No,Travel_Rarely,853,Research & Development,7,4,Life Sciences,3,Male,49,3,3,3491,11309,3,1,10,2,10,7
44,No,Travel_Rarely,200,Research & Development,29,4,Other,4,Male,32,3,4,4541,7744,4,2,20,3,20,11
20,No,Travel_Rarely,654,Sales,21,3,Marketing,3,Male,43,4,4,2678,5050,3,4,2,3,2,1
46,No,Travel_Rarely,150,Research & Development,2,4,Technical Degree,4,Male,60,3,4,7379,17433,3,3,12,2,6,3
42,No,Non-Travel,179,Human Resources,2,5,Medical,4,Male,79,4,1,6272,12858,3,1,10,4,4,3
60,No,Travel_Rarely,696,Sales,7,4,Marketing,2,Male,52,4,4,5220,10893,3,2,12,3,11,7
32,No,Travel_Frequently,116,Research & Development,13,3,Other,3,Female,77,2,2,2743,7331,4,3,2,3,2,2
32,No,Travel_Frequently,1316,Research & Development,2,2,Life Sciences,4,Female,38,3,3,4998,2338,3,4,10,3,8,7
36,No,Travel_Rarely,363,Research & Development,1,3,Technical Degree,3,Female,77,1,1,10252,4235,4,3,17,3,7,7
33,No,Travel_Rarely,117,Research & Development,9,3,Medical,1,Male,60,3,4,2781,6311,3,2,15,3,14,10
40,No,Travel_Rarely,107,Sales,10,3,Technical Degree,2,Female,84,2,2,6852,11591,3,2,7,4,5,1
25,No,Travel_Rarely,1356,Sales,10,4,Life Sciences,3,Male,57,3,4,4950,20623,3,2,5,3,4,3
30,No,Travel_Rarely,1465,Research & Development,1,3,Medical,4,Male,63,3,2,3579,9369,4,1,12,3,11,9
42,No,Travel_Frequently,458,Research & Development,26,5,Medical,1,Female,60,3,1,13191,23281,3,3,20,3,1,0
35,No,Non-Travel,1212,Sales,8,2,Marketing,3,Female,78,2,4,10377,13755,3,2,16,2,13,2
27,No,Travel_Rarely,1103,Research & Development,14,3,Life Sciences,1,Male,42,3,1,2235,14377,3,4,9,2,9,7
54,No,Travel_Frequently,966,Research & Development,1,4,Life Sciences,4,Female,53,3,3,10502,9659,3,1,33,1,5,4
44,No,Travel_Rarely,1117,Research & Development,2,1,Life Sciences,1,Female,72,4,4,2011,19982,3,4,10,3,10,5
19,Yes,Non-Travel,504,Research & Development,10,3,Medical,1,Female,96,2,2,1859,6148,4,2,1,4,1,1
29,No,Travel_Rarely,1010,Research & Development,1,3,Life Sciences,1,Female,97,3,4,3760,5598,3,1,3,3,3,2
54,No,Travel_Rarely,685,Research & Development,3,3,Life Sciences,4,Male,85,3,4,17779,23474,3,1,36,3,10,9
31,No,Travel_Rarely,1332,Research & Development,11,2,Medical,3,Male,80,3,1,6833,17089,3,4,6,2,6,5
31,No,Travel_Rarely,1062,Research & Development,24,3,Medical,3,Female,96,2,1,6812,17198,3,2,10,3,10,9
59,No,Travel_Rarely,326,Sales,3,3,Life Sciences,3,Female,48,2,4,5171,16490,3,4,13,3,6,1
43,No,Travel_Rarely,920,Research & Development,3,3,Life Sciences,3,Male,96,1,4,19740,18625,3,2,25,3,8,7
49,No,Travel_Rarely,1098,Research & Development,4,2,Medical,1,Male,85,2,3,18711,12124,3,3,23,4,1,0
36,No,Travel_Frequently,469,Research & Development,3,3,Technical Degree,3,Male,46,3,2,3692,9256,3,3,12,2,11,10
48,No,Travel_Rarely,969,Research & Development,2,2,Technical Degree,4,Male,76,4,2,2559,16620,3,3,7,2,1,0
27,No,Travel_Rarely,1167,Research & Development,4,2,Life Sciences,1,Male,76,3,3,2517,3208,3,2,5,3,5,3
29,No,Travel_Rarely,1329,Research & Development,7,3,Life Sciences,3,Male,82,3,4,6623,4204,3,2,6,3,6,0
48,No,Travel_Rarely,715,Research & Development,1,3,Life Sciences,4,Male,76,2,4,18265,8733,3,3,25,4,1,0
29,No,Travel_Rarely,694,Research & Development,1,3,Life Sciences,4,Female,87,2,4,16124,3423,3,2,9,2,7,7
34,No,Travel_Rarely,1320,Research & Development,20,3,Technical Degree,3,Female,89,4,3,2585,21643,3,4,2,2,1,0
44,No,Travel_Rarely,1099,Sales,5,3,Marketing,2,Male,88,3,2,18213,8751,3,3,26,3,22,9
33,No,Travel_Rarely,536,Sales,10,5,Marketing,4,Male,82,4,3,8380,21708,3,4,10,3,9,8
19,No,Travel_Rarely,265,Research & Development,25,3,Life Sciences,2,Female,57,4,4,2994,21221,3,4,1,3,1,0
23,No,Travel_Rarely,373,Research & Development,1,2,Life Sciences,4,Male,47,3,3,1223,16901,4,4,1,3,1,0
25,Yes,Travel_Frequently,599,Sales,24,1,Life Sciences,3,Male,73,1,4,1118,8040,3,4,1,3,1,0
26,No,Travel_Rarely,583,Research & Development,4,2,Life Sciences,3,Male,53,3,4,2875,9973,4,2,8,2,8,5
45,Yes,Travel_Rarely,1449,Sales,2,3,Marketing,1,Female,94,1,2,18824,2493,3,1,26,3,24,10
55,No,Non-Travel,177,Research & Development,8,1,Medical,4,Male,37,2,2,13577,25592,3,4,34,3,33,9
21,Yes,Travel_Frequently,251,Research & Development,10,2,Life Sciences,1,Female,45,2,3,2625,25308,4,3,2,1,2,2
46,No,Travel_Rarely,168,Sales,4,2,Marketing,4,Female,33,2,2,18789,9946,3,3,26,3,11,4
34,No,Travel_Rarely,131,Sales,2,3,Marketing,3,Female,86,3,1,4538,6039,3,4,4,3,3,2
51,No,Travel_Frequently,237,Sales,9,3,Life Sciences,4,Male,83,3,2,19847,19196,4,1,31,2,29,10
59,No,Travel_Rarely,1429,Research & Development,18,4,Medical,4,Male,67,3,4,10512,20002,3,4,25,2,9,7
34,No,Travel_Frequently,135,Research & Development,19,3,Medical,3,Female,46,3,2,4444,22534,3,3,15,4,11,8
28,No,Travel_Frequently,791,Research & Development,1,4,Medical,4,Male,44,3,3,2154,6842,3,3,5,2,4,2
44,No,Travel_Rarely,1199,Research & Development,4,2,Life Sciences,3,Male,92,4,1,19190,17477,3,4,26,2,25,9
34,No,Travel_Frequently,648,Human Resources,11,3,Life Sciences,3,Male,56,2,2,4490,21833,3,4,14,4,10,9
35,No,Travel_Rarely,735,Research & Development,6,1,Life Sciences,3,Male,66,3,3,3506,6020,3,4,4,3,3,2
42,No,Travel_Rarely,603,Research & Development,7,4,Medical,2,Female,78,4,2,2372,5628,3,4,18,3,1,0
43,No,Travel_Rarely,531,Sales,4,4,Marketing,4,Female,56,2,4,10231,20364,3,4,23,4,21,7
36,No,Travel_Rarely,429,Research & Development,2,4,Life Sciences,3,Female,53,3,2,5410,2323,3,4,18,3,16,14
44,Yes,Travel_Rarely,621,Research & Development,15,3,Medical,1,Female,73,3,4,7978,14075,3,4,10,3,10,7
28,No,Travel_Frequently,193,Research & Development,2,3,Life Sciences,4,Male,52,2,4,3867,14222,3,2,2,3,2,2
51,No,Travel_Frequently,968,Research & Development,6,2,Medical,2,Female,40,2,3,2838,4257,3,2,8,2,7,0
30,No,Non-Travel,879,Research & Development,9,2,Medical,3,Female,72,3,3,4695,12858,3,3,10,3,8,4
29,Yes,Travel_Rarely,806,Research & Development,7,3,Technical Degree,2,Female,39,3,3,3339,17285,3,1,10,3,7,7
28,No,Travel_Rarely,640,Research & Development,1,3,Technical Degree,4,Male,84,3,1,2080,4732,3,2,5,2,3,2
25,No,Travel_Rarely,266,Research & Development,1,3,Medical,4,Female,40,3,2,2096,18830,3,4,2,2,2,2
32,No,Travel_Rarely,604,Sales,8,3,Medical,3,Male,56,4,4,6209,11693,3,3,10,4,10,7
45,No,Travel_Frequently,364,Research & Development,25,3,Medical,2,Female,83,3,2,18061,13035,4,3,22,3,0,0
39,No,Travel_Rarely,412,Research & Development,13,4,Medical,3,Female,94,2,2,17123,17334,3,4,21,3,19,9
58,No,Travel_Rarely,848,Research & Development,23,4,Life Sciences,1,Male,88,3,3,2372,26076,3,4,2,3,2,2
32,Yes,Travel_Rarely,1089,Research & Development,7,2,Life Sciences,4,Male,79,3,3,4883,22845,3,1,10,3,10,4
39,Yes,Travel_Rarely,360,Research & Development,23,3,Medical,3,Male,93,3,1,3904,22154,3,1,6,3,5,2
30,No,Travel_Rarely,1138,Research & Development,6,3,Technical Degree,1,Female,48,2,4,4627,23631,3,1,10,3,9,2
36,No,Travel_Rarely,325,Research & Development,10,4,Technical Degree,4,Female,63,3,3,7094,5747,3,1,10,3,7,7
46,No,Travel_Rarely,991,Human Resources,1,2,Life Sciences,4,Female,44,3,1,3423,22957,3,3,10,4,7,6
28,No,Non-Travel,1476,Research & Development,1,3,Life Sciences,3,Female,55,1,4,6674,16392,3,1,10,3,9,8
50,No,Travel_Rarely,1322,Research & Development,28,3,Life Sciences,4,Female,43,3,1,16880,22422,3,2,25,3,3,2
40,Yes,Travel_Rarely,299,Sales,25,4,Marketing,4,Male,57,2,2,9094,17235,3,3,9,3,5,4
52,Yes,Travel_Rarely,1030,Sales,5,3,Life Sciences,2,Male,64,3,2,8446,21534,3,3,10,2,8,7
30,No,Travel_Rarely,634,Research & Development,17,4,Medical,2,Female,95,3,1,11916,25927,4,4,9,3,9,1
39,No,Travel_Rarely,524,Research & Development,18,2,Life Sciences,1,Male,32,3,3,4534,13352,3,1,9,3,8,7
31,No,Non-Travel,587,Sales,2,4,Life Sciences,4,Female,57,3,3,9852,8935,3,1,10,2,10,8
41,No,Non-Travel,256,Sales,10,2,Medical,3,Male,40,1,2,6151,22074,3,1,19,3,19,2
31,Yes,Travel_Frequently,1060,Sales,1,3,Life Sciences,4,Female,54,3,2,2302,8319,3,1,3,4,3,2
44,Yes,Travel_Rarely,935,Research & Development,3,3,Life Sciences,1,Male,89,3,1,2362,14669,3,3,10,4,3,2
42,No,Non-Travel,495,Research & Development,2,1,Life Sciences,3,Male,37,3,3,17861,26582,3,4,21,2,20,8
55,No,Travel_Rarely,282,Research & Development,2,2,Medical,4,Female,58,1,3,19187,6992,3,4,23,3,19,9
56,No,Travel_Rarely,206,Human Resources,8,4,Life Sciences,4,Male,99,3,2,19717,4022,3,1,36,3,7,3
40,No,Non-Travel,458,Research & Development,16,2,Life Sciences,3,Male,74,3,3,3544,8532,3,2,6,3,4,2
34,No,Travel_Rarely,943,Research & Development,9,3,Life Sciences,4,Male,86,3,4,8500,5494,3,4,10,2,9,7
40,No,Travel_Rarely,523,Research & Development,2,3,Life Sciences,3,Male,98,3,4,4661,22455,3,3,9,3,9,8
41,No,Travel_Frequently,1018,Sales,1,3,Marketing,3,Female,66,3,1,4103,4297,3,4,10,3,9,3
35,No,Travel_Frequently,482,Research & Development,4,4,Life Sciences,3,Male,87,3,3,4249,2690,3,2,9,3,9,6
51,No,Travel_Rarely,770,Human Resources,5,3,Life Sciences,3,Male,84,3,2,14026,17588,3,2,33,3,33,9
38,No,Travel_Rarely,1009,Sales,2,2,Life Sciences,2,Female,31,3,1,6893,19461,3,4,11,3,7,7
34,No,Travel_Rarely,507,Sales,15,2,Medical,3,Female,66,3,1,6125,23553,3,4,10,4,10,8
25,No,Travel_Rarely,882,Research & Development,19,1,Medical,4,Male,67,3,4,3669,9075,3,3,7,2,3,2
58,Yes,Travel_Rarely,601,Research & Development,7,4,Medical,3,Female,53,2,1,10008,12023,3,4,31,2,10,9
40,No,Travel_Rarely,329,Research & Development,1,4,Life Sciences,2,Male,88,3,2,2387,6762,4,3,7,3,4,2
36,No,Travel_Frequently,607,Sales,7,3,Marketing,1,Female,83,4,1,4639,2261,3,4,17,2,15,7
48,No,Travel_Rarely,855,Research & Development,4,3,Life Sciences,4,Male,54,3,4,7898,18706,3,3,11,3,10,9
27,No,Travel_Rarely,1291,Sales,11,3,Medical,3,Female,98,4,4,2534,6527,3,2,5,3,1,0
51,No,Travel_Rarely,1405,Research & Development,11,2,Technical Degree,4,Female,82,2,2,13142,24439,3,2,29,2,5,2
18,No,Non-Travel,1124,Research & Development,1,3,Life Sciences,4,Female,97,3,4,1611,19305,3,3,0,4,0,0
35,No,Travel_Rarely,817,Research & Development,1,3,Medical,4,Female,60,2,4,5363,10846,3,2,10,3,9,7
27,No,Travel_Frequently,793,Sales,2,1,Life Sciences,4,Male,43,1,4,5071,20392,4,2,8,3,6,2
55,Yes,Travel_Rarely,267,Sales,13,4,Marketing,1,Male,85,4,3,13695,9277,3,3,24,2,19,7
56,No,Travel_Rarely,1369,Research & Development,23,3,Life Sciences,4,Male,68,3,2,13402,18235,3,1,33,3,19,16
34,No,Non-Travel,999,Research & Development,26,1,Technical Degree,1,Female,92,2,3,2029,15891,4,3,5,3,5,4
40,No,Travel_Rarely,1202,Research & Development,2,1,Medical,2,Female,89,4,3,6377,13888,4,2,15,3,12,11
34,No,Travel_Rarely,285,Research & Development,29,3,Medical,2,Male,86,3,3,5429,17491,3,1,10,3,8,7
31,Yes,Travel_Frequently,703,Sales,2,3,Life Sciences,3,Female,90,2,4,2785,11882,3,3,3,4,1,0
35,Yes,Travel_Frequently,662,Sales,18,4,Marketing,4,Female,67,3,3,4614,23288,3,3,5,2,4,2
38,No,Travel_Frequently,693,Research & Development,7,3,Life Sciences,4,Male,57,4,3,2610,15748,3,4,4,3,4,2
34,No,Travel_Rarely,404,Research & Development,2,4,Technical Degree,3,Female,98,3,4,6687,6163,3,4,14,4,14,11
28,No,Travel_Rarely,736,Sales,26,3,Life Sciences,3,Male,48,2,1,4724,24232,3,3,5,3,5,3
31,Yes,Travel_Rarely,330,Research & Development,22,4,Medical,4,Male,98,3,3,6179,21057,3,4,10,2,10,2
39,No,Travel_Rarely,1498,Sales,21,4,Life Sciences,1,Male,44,2,4,6120,3567,3,4,8,4,5,4
51,No,Travel_Frequently,541,Sales,2,3,Marketing,2,Male,52,3,2,10596,15395,3,2,14,3,4,2
41,No,Travel_Frequently,1200,Research & Development,22,3,Life Sciences,4,Female,75,3,4,5467,13953,3,1,12,2,6,2
37,No,Travel_Rarely,1439,Research & Development,4,1,Life Sciences,3,Male,54,3,3,2996,5182,3,4,8,3,6,4
33,No,Travel_Frequently,1111,Sales,5,1,Life Sciences,2,Male,61,3,4,9998,19293,3,1,8,4,5,4
32,No,Travel_Rarely,499,Sales,2,1,Marketing,3,Male,36,3,2,4078,20497,3,1,4,2,3,2
39,No,Non-Travel,1485,Research & Development,25,2,Life Sciences,3,Male,71,3,3,10920,3449,4,2,13,3,6,4
25,No,Travel_Rarely,1372,Sales,18,1,Life Sciences,1,Male,93,4,3,6232,12477,3,2,6,2,3,2
52,No,Travel_Frequently,322,Research & Development,28,2,Medical,4,Female,59,4,3,13247,9731,3,2,24,2,5,3
43,No,Travel_Rarely,930,Research & Development,6,3,Medical,1,Female,73,2,3,4081,20003,3,1,20,1,20,7
27,No,Travel_Rarely,205,Sales,10,3,Marketing,4,Female,98,2,4,5769,7100,3,4,6,3,6,2
27,Yes,Travel_Rarely,135,Research & Development,17,4,Life Sciences,4,Female,51,3,3,2394,25681,3,4,8,3,8,2
26,No,Travel_Rarely,683,Research & Development,2,1,Medical,1,Male,36,2,4,3904,4050,3,4,5,3,4,3
42,No,Travel_Rarely,1147,Human Resources,10,3,Human Resources,3,Female,31,3,1,16799,16616,3,3,21,3,20,7
52,No,Travel_Rarely,258,Research & Development,8,4,Other,3,Female,54,3,1,2950,17363,3,3,12,1,5,4
37,No,Travel_Rarely,1462,Research & Development,11,3,Medical,1,Female,94,3,3,3629,19106,3,1,8,3,3,2
35,No,Travel_Frequently,200,Research & Development,18,2,Life Sciences,3,Male,60,3,4,9362,19944,3,3,10,3,2,2
25,No,Travel_Rarely,949,Research & Development,1,3,Technical Degree,1,Male,81,3,4,3229,4910,3,2,7,2,3,2
26,No,Travel_Rarely,652,Research & Development,7,3,Other,3,Male,100,4,1,3578,23577,3,4,8,3,7,7
29,No,Travel_Rarely,332,Human Resources,17,3,Other,2,Male,51,2,1,7988,9769,3,1,10,2,10,9
49,Yes,Travel_Frequently,1475,Research & Development,28,2,Life Sciences,1,Male,97,2,1,4284,22710,4,1,20,3,4,3
29,Yes,Travel_Frequently,337,Research & Development,14,1,Other,3,Female,84,3,4,7553,22930,3,1,9,3,8,7
54,No,Travel_Rarely,971,Research & Development,1,3,Medical,4,Female,54,3,4,17328,5652,3,4,29,2,20,7
58,No,Travel_Rarely,1055,Research & Development,1,3,Medical,4,Female,76,3,1,19701,22456,4,3,32,3,9,8
55,No,Travel_Rarely,1136,Research & Development,1,4,Medical,2,Male,81,4,4,14732,12414,3,4,31,4,7,7
36,No,Travel_Rarely,1174,Sales,3,4,Marketing,1,Female,99,3,2,9278,20763,3,4,15,3,5,4
31,Yes,Travel_Frequently,667,Sales,1,4,Life Sciences,2,Female,50,1,3,1359,16154,3,2,1,3,1,0
30,No,Travel_Rarely,855,Sales,7,4,Marketing,4,Female,73,3,1,4779,12761,3,2,8,3,3,2
31,No,Travel_Rarely,182,Research & Development,8,5,Life Sciences,1,Female,93,3,2,16422,8847,3,3,9,4,3,2
34,No,Travel_Frequently,560,Research & Development,1,4,Other,4,Male,91,3,1,2996,20284,3,3,10,3,4,3
31,Yes,Travel_Rarely,202,Research & Development,8,3,Life Sciences,1,Female,34,2,2,1261,22262,3,3,1,4,1,0
27,No,Travel_Rarely,1377,Research & Development,11,1,Life Sciences,2,Male,91,3,1,2099,7679,3,2,6,4,5,0
36,No,Travel_Rarely,172,Research & Development,4,4,Life Sciences,1,Male,37,2,4,5810,22604,3,3,10,2,10,4
36,No,Travel_Rarely,329,Sales,16,4,Marketing,3,Female,98,2,1,5647,13494,3,1,11,2,3,2
47,No,Travel_Rarely,465,Research & Development,1,3,Technical Degree,1,Male,74,3,4,3420,10205,3,3,17,2,6,5
25,Yes,Travel_Rarely,383,Sales,9,2,Life Sciences,1,Male,68,2,1,4400,15182,3,1,6,3,3,2
37,No,Non-Travel,1413,Research & Development,5,2,Technical Degree,3,Male,84,4,3,3500,25470,3,1,7,1,6,5
56,No,Travel_Rarely,1255,Research & Development,1,2,Life Sciences,1,Female,90,3,1,2066,10494,4,4,5,4,3,2
47,No,Travel_Rarely,359,Research & Development,2,4,Medical,1,Female,82,3,3,17169,26703,3,2,26,4,20,17
24,No,Travel_Rarely,1476,Sales,4,1,Medical,4,Female,42,3,3,4162,15211,3,3,5,3,5,4
32,No,Travel_Rarely,601,Sales,7,5,Marketing,4,Male,97,3,4,9204,23343,3,3,7,2,4,3
34,No,Travel_Rarely,401,Research & Development,1,3,Life Sciences,4,Female,86,2,2,3294,3708,3,1,7,2,5,4
41,No,Travel_Rarely,1283,Research & Development,5,5,Medical,2,Male,90,4,3,2127,5561,3,1,7,2,4,2
40,No,Non-Travel,663,Research & Development,9,4,Other,3,Male,81,3,3,3975,23099,3,3,11,4,8,7
31,No,Travel_Rarely,326,Sales,8,2,Life Sciences,1,Male,31,3,4,10793,8386,3,1,13,3,13,7
46,Yes,Travel_Rarely,377,Sales,9,3,Marketing,1,Male,52,3,4,10096,15986,3,1,28,4,7,7
39,Yes,Non-Travel,592,Research & Development,2,3,Life Sciences,1,Female,54,2,1,3646,17181,4,2,11,4,1,0
31,Yes,Travel_Frequently,1445,Research & Development,1,5,Life Sciences,3,Female,100,4,2,7446,8931,3,1,10,3,10,8
45,No,Travel_Rarely,1038,Research & Development,20,3,Medical,2,Male,95,1,1,10851,19863,3,2,24,3,7,7
31,No,Travel_Rarely,1398,Human Resources,8,2,Medical,4,Female,96,4,2,2109,24609,3,4,8,3,3,2
31,Yes,Travel_Frequently,523,Research & Development,2,3,Life Sciences,2,Male,94,3,4,3722,21081,3,3,7,1,2,2
45,No,Travel_Rarely,1448,Research & Development,29,3,Technical Degree,2,Male,55,3,4,9380,14720,3,4,10,4,3,1
48,No,Travel_Rarely,1221,Sales,7,3,Marketing,3,Male,96,3,1,5486,24795,3,1,15,3,2,2
34,Yes,Travel_Rarely,1107,Human Resources,9,4,Technical Degree,1,Female,52,3,3,2742,3072,3,4,2,3,2,2
40,No,Non-Travel,218,Research & Development,8,1,Medical,4,Male,55,2,2,13757,25178,3,3,16,3,9,8
28,No,Travel_Rarely,866,Sales,5,3,Medical,4,Male,84,3,1,8463,23490,3,4,6,3,5,4
44,No,Non-Travel,981,Research & Development,5,3,Life Sciences,3,Male,90,2,3,3162,7973,3,4,7,3,5,2
53,No,Travel_Rarely,447,Research & Development,2,3,Medical,4,Male,39,4,2,16598,19764,3,2,35,2,9,8
49,No,Travel_Rarely,1495,Research & Development,5,4,Technical Degree,1,Male,96,3,3,6651,21534,3,2,20,2,3,2
40,No,Travel_Rarely,896,Research & Development,2,3,Medical,3,Male,68,3,3,2345,8045,3,3,8,4,3,1
44,No,Travel_Rarely,1467,Research & Development,20,3,Life Sciences,4,Male,49,3,2,3420,21158,3,3,6,2,5,2
33,No,Travel_Frequently,430,Sales,7,3,Medical,4,Male,54,3,1,4373,17456,3,1,5,3,4,3
34,No,Travel_Rarely,1326,Sales,3,3,Other,4,Male,81,1,1,4759,15891,3,4,15,3,13,9
30,No,Travel_Rarely,1358,Sales,16,1,Life Sciences,4,Male,96,3,3,5301,2939,3,3,4,2,2,1
42,No,Travel_Frequently,748,Research & Development,9,2,Medical,1,Female,74,3,4,3673,16458,3,3,12,3,12,9
44,No,Travel_Frequently,383,Sales,1,5,Marketing,1,Female,79,3,3,4768,9282,3,3,11,2,1,0
30,No,Non-Travel,990,Research & Development,7,3,Technical Degree,3,Male,64,3,3,1274,7152,3,2,1,2,1,0
57,No,Travel_Rarely,405,Research & Development,1,2,Life Sciences,2,Male,93,4,3,4900,2721,4,1,13,2,12,9
49,No,Travel_Rarely,1490,Research & Development,7,4,Life Sciences,3,Male,35,3,2,10466,20948,3,2,29,3,8,7
34,No,Travel_Frequently,829,Research & Development,15,3,Medical,2,Male,71,3,1,17007,11929,3,4,16,2,14,8
28,Yes,Travel_Frequently,1496,Sales,1,3,Technical Degree,1,Male,92,3,3,2909,15747,3,4,5,4,3,2
29,Yes,Travel_Frequently,115,Sales,13,3,Technical Degree,1,Female,51,3,2,5765,17485,3,1,7,1,5,3
34,Yes,Travel_Rarely,790,Sales,24,4,Medical,1,Female,40,2,2,4599,7815,4,3,16,4,15,9
35,No,Travel_Rarely,660,Sales,7,1,Life Sciences,4,Male,76,3,3,2404,16192,3,1,1,3,1,0
24,Yes,Travel_Frequently,381,Research & Development,9,3,Medical,2,Male,89,3,1,3172,16998,3,3,4,2,0,0
24,No,Non-Travel,830,Sales,13,2,Life Sciences,4,Female,78,3,2,2033,7103,3,3,1,3,1,0
44,No,Travel_Frequently,1193,Research & Development,2,1,Medical,2,Male,86,3,3,10209,19719,3,2,16,2,2,2
29,No,Travel_Rarely,1246,Sales,19,3,Life Sciences,3,Male,77,2,3,8620,23757,3,3,10,3,10,7
30,No,Travel_Rarely,330,Human Resources,1,3,Life Sciences,3,Male,46,3,3,2064,15428,4,1,6,4,5,3
55,No,Travel_Rarely,1229,Research & Development,4,4,Life Sciences,4,Male,30,3,3,4035,16143,3,2,4,3,3,2
33,No,Travel_Rarely,1099,Research & Development,4,4,Medical,1,Female,82,2,2,3838,8192,3,4,8,3,5,4
47,No,Travel_Rarely,571,Sales,14,3,Medical,3,Female,78,3,3,4591,24200,3,3,11,2,5,4
28,Yes,Travel_Frequently,289,Research & Development,2,2,Medical,3,Male,38,2,1,2561,5355,3,3,8,2,0,0
28,No,Travel_Rarely,1423,Research & Development,1,3,Life Sciences,1,Male,72,2,3,1563,12530,3,4,1,1,1,0
28,No,Travel_Frequently,467,Sales,7,3,Life Sciences,3,Male,55,3,1,4898,11827,3,4,5,3,4,2
49,No,Travel_Rarely,271,Research & Development,3,2,Medical,3,Female,43,2,1,4789,23070,4,1,10,3,3,2
29,No,Travel_Frequently,410,Research & Development,2,1,Life Sciences,4,Female,97,3,2,3180,4668,3,3,4,3,3,2
28,No,Travel_Rarely,1083,Research & Development,29,1,Life Sciences,3,Male,96,1,2,6549,3173,3,2,8,2,8,6
33,No,Travel_Rarely,516,Research & Development,8,5,Life Sciences,4,Male,69,3,3,6388,22049,3,1,14,3,0,0
32,No,Travel_Rarely,495,Research & Development,10,3,Medical,3,Male,64,3,4,11244,21072,4,2,10,4,5,2
54,No,Travel_Frequently,1050,Research & Development,11,4,Medical,2,Female,87,3,4,16032,24456,4,1,26,3,14,9
29,Yes,Travel_Rarely,224,Research & Development,1,4,Technical Degree,1,Male,100,2,1,2362,7568,3,3,11,1,9,7
44,No,Travel_Rarely,136,Research & Development,28,3,Life Sciences,4,Male,32,3,1,16328,22074,3,3,24,4,20,6
39,No,Travel_Rarely,1089,Research & Development,6,3,Life Sciences,2,Female,32,3,2,8376,9150,3,4,9,3,2,0
46,No,Travel_Rarely,228,Sales,3,3,Life Sciences,3,Female,51,3,2,16606,11380,3,4,23,4,13,12
35,No,Travel_Rarely,1029,Research & Development,16,3,Life Sciences,4,Female,91,2,2,8606,21195,3,4,11,1,11,8
23,No,Travel_Rarely,507,Research & Development,20,1,Life Sciences,1,Male,97,3,3,2272,24812,3,2,5,3,4,3
40,Yes,Travel_Rarely,676,Research & Development,9,4,Life Sciences,4,Male,86,3,1,2018,21831,3,2,15,1,5,4
34,No,Travel_Rarely,971,Sales,1,3,Technical Degree,4,Male,64,2,3,7083,12288,3,4,10,3,10,9
31,Yes,Travel_Frequently,561,Research & Development,3,3,Life Sciences,4,Female,33,3,3,4084,4156,3,1,7,1,7,2
50,No,Travel_Frequently,333,Research & Development,22,5,Medical,3,Male,88,1,4,14411,24450,3,4,32,3,32,6
34,No,Travel_Rarely,1440,Sales,7,2,Technical Degree,2,Male,55,3,3,2308,4944,4,2,12,3,11,10
42,No,Travel_Rarely,1210,Research & Development,2,3,Medical,3,Male,68,2,2,4841,24052,3,2,4,3,1,0
37,No,Travel_Rarely,674,Research & Development,13,3,Medical,1,Male,47,3,4,4285,3031,3,1,10,3,10,8
29,No,Travel_Rarely,441,Research & Development,8,1,Other,3,Female,39,1,1,9715,7288,3,3,9,3,7,7
33,No,Travel_Rarely,575,Research & Development,25,3,Life Sciences,4,Male,44,2,2,4320,24152,3,4,5,3,5,3
45,No,Travel_Rarely,950,Research & Development,28,3,Technical Degree,4,Male,97,3,4,2132,4585,4,4,8,3,5,4
42,No,Travel_Frequently,288,Research & Development,2,3,Life Sciences,4,Male,40,3,4,10124,18611,3,3,24,1,20,8
40,No,Travel_Rarely,1342,Sales,9,2,Medical,1,Male,47,3,1,5473,19345,3,4,9,4,8,4
33,No,Travel_Rarely,589,Research & Development,28,4,Life Sciences,2,Male,79,3,3,5207,22949,3,2,15,3,15,14
40,No,Travel_Rarely,898,Human Resources,6,2,Medical,3,Male,38,3,4,16437,17381,4,4,21,3,21,7
24,No,Travel_Rarely,350,Research & Development,21,2,Technical Degree,3,Male,57,2,1,2296,10036,3,2,2,3,1,1
40,No,Non-Travel,1142,Research & Development,8,2,Life Sciences,4,Male,72,3,4,4069,8841,3,3,8,3,2,2
45,No,Travel_Rarely,538,Research & Development,1,4,Technical Degree,1,Male,66,3,2,7441,20933,3,1,10,3,10,8
35,No,Travel_Rarely,1402,Sales,28,4,Life Sciences,2,Female,98,2,3,2430,26204,4,1,6,3,5,3
32,No,Travel_Rarely,824,Research & Development,5,2,Life Sciences,4,Female,67,2,2,5878,15624,3,1,12,3,7,1
36,No,Travel_Rarely,1157,Sales,2,4,Life Sciences,3,Male,70,3,4,2644,17001,4,4,7,2,3,2
48,No,Travel_Rarely,492,Sales,16,4,Life Sciences,3,Female,96,3,3,6439,13693,3,3,18,3,8,7
29,No,Travel_Rarely,598,Research & Development,9,3,Life Sciences,3,Male,91,4,3,2451,22376,3,1,5,2,1,0
33,No,Travel_Rarely,1242,Sales,8,4,Life Sciences,1,Male,46,3,1,6392,10589,3,4,8,1,2,2
30,Yes,Travel_Rarely,740,Sales,1,3,Life Sciences,2,Male,64,2,1,9714,5323,3,4,10,3,10,8
38,No,Travel_Frequently,888,Human Resources,10,4,Human Resources,3,Male,71,3,3,6077,14814,3,3,10,3,6,3
35,No,Travel_Rarely,992,Research & Development,1,3,Medical,4,Male,68,2,1,2450,21731,3,2,3,3,3,0
30,No,Travel_Rarely,1288,Sales,29,4,Technical Degree,3,Male,33,3,2,9250,17799,3,2,9,3,4,2
35,Yes,Travel_Rarely,104,Research & Development,2,3,Life Sciences,1,Female,69,3,1,2074,26619,3,4,1,3,1,0
53,Yes,Travel_Rarely,607,Research & Development,2,5,Technical Degree,3,Female,78,2,4,10169,14618,3,2,34,3,33,7
38,Yes,Travel_Rarely,903,Research & Development,2,3,Medical,3,Male,81,3,2,4855,7653,3,1,7,3,5,2
32,No,Non-Travel,1200,Research & Development,1,4,Technical Degree,4,Male,62,3,1,4087,25174,3,2,9,2,6,5
48,No,Travel_Rarely,1108,Research & Development,15,4,Other,3,Female,65,3,1,2367,16530,3,4,10,2,8,2
34,No,Travel_Rarely,479,Research & Development,7,4,Medical,1,Male,35,3,4,2972,22061,3,3,1,1,1,0
55,No,Travel_Rarely,685,Sales,26,5,Marketing,3,Male,60,2,4,19586,23037,4,3,36,3,36,6
34,No,Travel_Rarely,1351,Research & Development,1,4,Life Sciences,2,Male,45,3,4,5484,13008,3,2,9,2,2,2
26,No,Travel_Rarely,474,Research & Development,3,3,Life Sciences,1,Female,89,3,4,2061,11133,4,1,1,3,1,0
38,No,Travel_Rarely,1245,Sales,14,3,Life Sciences,3,Male,80,3,2,9924,12355,3,4,10,3,9,8
38,No,Travel_Rarely,437,Sales,16,3,Life Sciences,2,Female,90,3,2,4198,16379,3,2,8,4,3,2
36,No,Travel_Rarely,884,Sales,1,4,Life Sciences,2,Female,73,3,3,6815,21447,3,1,15,3,1,0
29,No,Travel_Rarely,1370,Research & Development,3,1,Medical,2,Male,87,3,1,4723,16213,3,4,10,3,10,9
35,No,Travel_Rarely,670,Research & Development,10,4,Medical,1,Female,51,3,3,6142,4223,3,3,10,3,5,2
39,No,Travel_Rarely,1462,Sales,6,3,Medical,4,Male,38,4,3,8237,4658,3,1,11,3,7,6
29,No,Travel_Frequently,995,Research & Development,2,1,Life Sciences,1,Male,87,3,4,8853,24483,3,4,6,4,6,4
50,No,Travel_Rarely,264,Sales,9,3,Marketing,3,Male,59,3,3,19331,19519,3,3,27,3,1,0
23,No,Travel_Rarely,977,Research & Development,10,3,Technical Degree,4,Male,45,4,3,2073,12826,3,4,4,3,2,2
36,No,Travel_Frequently,1302,Research & Development,6,4,Life Sciences,1,Male,80,4,1,5562,19711,3,4,9,3,3,2
42,No,Travel_Rarely,1059,Research & Development,9,2,Other,4,Male,93,2,4,19613,26362,4,4,24,3,1,0
35,No,Travel_Rarely,750,Research & Development,28,3,Life Sciences,2,Male,46,4,3,3407,25348,3,4,10,2,10,9
34,No,Travel_Frequently,653,Research & Development,10,4,Technical Degree,4,Male,92,2,3,5063,15332,3,2,8,2,8,2
40,No,Travel_Rarely,118,Sales,14,2,Life Sciences,4,Female,84,3,1,4639,11262,3,3,5,3,5,4
43,No,Travel_Rarely,990,Research & Development,27,3,Technical Degree,4,Male,87,4,2,4876,5855,3,3,8,3,6,4
35,No,Travel_Rarely,1349,Research & Development,7,2,Life Sciences,3,Male,63,2,4,2690,7713,3,4,1,2,1,0
46,No,Travel_Rarely,563,Sales,1,4,Life Sciences,4,Male,56,4,1,17567,3156,3,2,27,1,26,0
28,Yes,Travel_Rarely,329,Research & Development,24,3,Medical,3,Male,51,3,2,2408,7324,3,3,1,3,1,1
22,No,Non-Travel,457,Research & Development,26,2,Other,2,Female,85,2,3,2814,10293,3,2,4,2,4,2
50,No,Travel_Frequently,1234,Research & Development,20,5,Medical,2,Male,41,3,3,11245,20689,3,3,32,3,30,8
32,No,Travel_Rarely,634,Research & Development,5,4,Other,2,Female,35,4,4,3312,18783,3,4,6,3,3,2
44,No,Travel_Rarely,1313,Research & Development,7,3,Medical,2,Female,31,3,4,19049,3549,3,4,23,2,22,7
30,No,Travel_Rarely,241,Research & Development,7,3,Medical,2,Male,48,2,2,2141,5348,3,2,6,2,6,4
45,No,Travel_Rarely,1015,Research & Development,5,5,Medical,3,Female,50,1,1,5769,23447,3,1,10,3,10,7
45,No,Non-Travel,336,Sales,26,3,Marketing,1,Male,52,2,1,4385,24162,3,1,10,3,10,7
31,No,Travel_Frequently,715,Sales,2,4,Other,4,Male,54,3,1,5332,21602,3,4,10,3,5,2
36,No,Travel_Rarely,559,Research & Development,12,4,Life Sciences,3,Female,76,3,3,4663,12421,3,2,7,3,3,2
34,No,Travel_Frequently,426,Research & Development,10,4,Life Sciences,3,Male,42,4,4,4724,17000,3,1,9,3,9,7
49,No,Travel_Rarely,722,Research & Development,25,4,Life Sciences,3,Female,84,3,1,3211,22102,3,4,10,2,9,6
39,No,Travel_Rarely,1387,Research & Development,10,5,Medical,2,Male,76,3,1,5377,3835,3,4,10,3,7,7
27,No,Travel_Rarely,1302,Research & Development,19,3,Other,4,Male,67,2,1,4066,16290,3,1,7,3,7,7
35,No,Travel_Rarely,819,Research & Development,18,5,Life Sciences,2,Male,48,4,1,5208,26312,3,4,16,3,16,15
28,No,Travel_Rarely,580,Research & Development,27,3,Medical,2,Female,39,1,1,4877,20460,4,2,6,2,5,3
21,No,Travel_Rarely,546,Research & Development,5,1,Medical,3,Male,97,3,4,3117,26009,3,3,3,3,2,2
18,Yes,Travel_Frequently,544,Sales,3,2,Medical,2,Female,70,3,4,1569,18420,3,3,0,4,0,0
47,No,Travel_Rarely,1176,Human Resources,26,4,Life Sciences,4,Female,98,3,3,19658,5220,3,3,27,3,5,2
39,No,Travel_Rarely,170,Research & Development,3,2,Medical,3,Male,76,2,3,3069,10302,3,4,11,3,10,8
40,No,Travel_Rarely,884,Research & Development,15,3,Life Sciences,1,Female,80,2,3,10435,25800,3,4,18,3,18,15
35,No,Non-Travel,208,Research & Development,8,4,Life Sciences,3,Female,52,3,3,4148,12250,3,4,15,3,14,11
37,No,Travel_Rarely,671,Research & Development,19,3,Life Sciences,3,Male,85,3,3,5768,26493,3,1,9,2,4,3
39,No,Travel_Frequently,711,Research & Development,4,3,Medical,1,Female,81,3,3,5042,3140,3,4,10,1,9,2
45,No,Travel_Rarely,1329,Research & Development,2,2,Other,4,Female,59,2,4,5770,5388,3,1,10,3,10,7
38,No,Travel_Rarely,397,Research & Development,2,2,Medical,4,Female,54,2,3,7756,14199,3,4,10,4,5,4
35,Yes,Travel_Rarely,737,Sales,10,3,Medical,4,Male,55,2,1,10306,21530,3,3,15,3,13,12
37,No,Travel_Rarely,1470,Research & Development,10,3,Medical,2,Female,71,3,2,3936,9953,3,1,8,1,8,4
40,No,Travel_Rarely,448,Research & Development,16,3,Life Sciences,3,Female,84,3,4,7945,19948,3,4,18,2,4,2
44,No,Travel_Frequently,602,Human Resources,1,5,Human Resources,1,Male,37,3,4,5743,10503,3,3,14,3,10,7
48,No,Travel_Frequently,365,Research & Development,4,5,Medical,3,Male,89,2,4,15202,5602,4,2,23,3,2,2
35,Yes,Travel_Rarely,763,Sales,15,2,Medical,1,Male,59,1,4,5440,22098,3,4,7,2,2,2
24,No,Travel_Frequently,567,Research & Development,2,1,Technical Degree,1,Female,32,3,4,3760,17218,3,3,6,3,6,3
27,No,Travel_Rarely,486,Research & Development,8,3,Medical,2,Female,86,4,3,3517,22490,3,1,5,3,3,2
27,No,Travel_Frequently,591,Research & Development,2,3,Medical,4,Male,87,3,4,2580,6297,3,3,6,2,4,2
40,Yes,Travel_Rarely,1329,Research & Development,7,3,Life Sciences,1,Male,73,3,1,2166,3339,3,2,10,1,4,2
29,No,Travel_Rarely,469,Sales,10,3,Medical,3,Male,42,2,3,5869,23413,3,3,8,3,5,2
36,No,Travel_Rarely,711,Research & Development,5,4,Life Sciences,2,Female,42,3,1,8008,22792,3,3,9,3,3,2
25,No,Travel_Frequently,772,Research & Development,2,1,Life Sciences,4,Male,77,4,3,5206,4973,3,3,7,3,7,7
39,No,Travel_Rarely,492,Research & Development,12,3,Medical,4,Male,66,3,2,5295,7693,4,3,7,3,5,4
49,No,Travel_Rarely,301,Research & Development,22,4,Other,1,Female,72,3,2,16413,3498,3,2,27,3,4,2
50,No,Travel_Rarely,813,Research & Development,17,5,Life Sciences,4,Female,50,2,1,13269,21981,3,3,19,3,14,11
20,No,Travel_Rarely,1141,Sales,2,3,Medical,3,Female,31,3,3,2783,13251,3,1,2,3,2,2
34,No,Travel_Rarely,1130,Research & Development,3,3,Life Sciences,4,Female,66,3,2,5433,19332,3,3,11,3,11,8
36,No,Travel_Rarely,311,Research & Development,7,3,Life Sciences,1,Male,77,3,2,2013,10950,3,3,15,3,4,3
49,No,Travel_Rarely,465,Research & Development,6,1,Life Sciences,3,Female,41,2,3,13966,11652,3,2,30,3,15,11
36,No,Non-Travel,894,Research & Development,1,4,Medical,4,Female,33,2,3,4374,15411,3,3,4,3,3,2
36,No,Travel_Rarely,1040,Research & Development,3,2,Life Sciences,4,Male,79,4,1,6842,26308,4,1,13,3,5,4
54,No,Travel_Rarely,584,Research & Development,22,5,Medical,2,Female,91,3,3,17426,18685,4,3,36,3,10,8
43,No,Travel_Rarely,1291,Research & Development,15,2,Life Sciences,3,Male,65,2,3,17603,3525,4,1,14,3,14,10
35,Yes,Travel_Frequently,880,Sales,12,4,Other,4,Male,36,3,4,4581,10414,4,1,13,4,11,9
38,No,Travel_Frequently,1189,Research & Development,1,3,Life Sciences,4,Male,90,3,4,4735,9867,3,4,19,4,13,11
29,No,Travel_Rarely,991,Sales,5,3,Medical,1,Male,43,2,2,4187,3356,3,2,10,2,10,0
33,No,Travel_Rarely,392,Sales,2,4,Medical,4,Male,93,3,4,5505,3921,3,3,6,3,6,2
32,No,Travel_Rarely,977,Research & Development,2,3,Medical,4,Male,45,3,2,5470,25518,3,3,10,2,9,5
31,No,Travel_Rarely,1112,Sales,5,4,Life Sciences,1,Female,67,3,4,5476,22589,3,1,10,3,10,0
49,No,Travel_Rarely,464,Research & Development,16,3,Medical,4,Female,74,3,1,2587,24941,3,2,17,2,2,2
38,No,Travel_Frequently,148,Research & Development,2,3,Medical,4,Female,42,2,2,2440,23826,4,2,4,3,4,3
47,No,Travel_Rarely,1225,Sales,2,4,Life Sciences,2,Female,47,4,2,15972,21086,3,3,29,3,3,2
49,No,Travel_Rarely,809,Research & Development,1,3,Life Sciences,3,Male,36,3,3,15379,22384,3,1,23,3,8,7
41,No,Travel_Rarely,1206,Sales,23,2,Life Sciences,4,Male,80,3,3,7082,11591,3,4,21,3,2,0
20,No,Travel_Rarely,727,Sales,9,1,Life Sciences,4,Male,54,3,1,2728,21082,3,1,2,3,2,2
33,No,Non-Travel,530,Sales,16,3,Life Sciences,3,Female,36,3,4,5368,16130,4,3,7,3,6,5
36,No,Travel_Rarely,1351,Research & Development,26,4,Life Sciences,1,Male,80,3,3,5347,7419,3,2,10,2,3,2
44,No,Travel_Rarely,528,Human Resources,1,3,Life Sciences,3,Female,44,3,4,3195,4167,3,1,8,3,2,2
23,Yes,Travel_Rarely,1320,Research & Development,8,1,Medical,4,Male,93,2,3,3989,20586,3,1,5,3,5,4
38,No,Travel_Rarely,1495,Research & Development,4,2,Medical,4,Female,87,3,3,3306,26176,3,4,7,2,0,0
53,No,Travel_Rarely,1395,Research & Development,24,4,Medical,2,Male,48,4,4,7005,3458,3,3,11,3,4,3
48,Yes,Travel_Frequently,708,Sales,7,2,Medical,4,Female,95,3,3,2655,11740,3,3,19,3,9,7
32,Yes,Travel_Rarely,1259,Research & Development,2,4,Life Sciences,4,Male,95,3,2,1393,24852,3,1,1,3,1,0
26,No,Non-Travel,786,Research & Development,7,3,Medical,4,Male,76,3,4,2570,11925,4,3,7,3,7,7
55,No,Travel_Rarely,1441,Research & Development,22,3,Technical Degree,1,Male,94,2,2,3537,23737,3,4,8,3,4,2
34,No,Travel_Rarely,1157,Research & Development,5,2,Medical,2,Male,57,2,4,3986,11912,3,3,15,4,15,10
60,No,Travel_Rarely,370,Research & Development,1,4,Medical,3,Male,92,1,4,10883,20467,4,3,19,4,1,0
33,No,Travel_Rarely,267,Research & Development,21,3,Medical,2,Male,79,4,2,2028,13637,3,4,14,3,14,11
37,No,Travel_Frequently,1278,Sales,1,4,Medical,3,Male,31,1,4,9525,7677,3,3,6,2,6,3
34,No,Travel_Rarely,678,Research & Development,19,3,Life Sciences,2,Female,35,2,4,2929,20338,3,2,10,3,10,9
23,Yes,Travel_Rarely,427,Sales,7,3,Life Sciences,3,Male,99,3,4,2275,25103,4,2,3,3,3,2
44,No,Travel_Rarely,921,Research & Development,2,3,Life Sciences,3,Female,96,4,4,7879,14810,3,2,9,3,8,7
35,No,Travel_Frequently,146,Research & Development,2,4,Medical,1,Male,79,2,4,4930,13970,3,3,6,4,5,4
43,No,Travel_Rarely,1179,Sales,2,3,Medical,4,Male,73,3,4,7847,6069,3,1,10,3,10,9
24,No,Travel_Rarely,581,Research & Development,9,3,Medical,3,Male,62,4,3,4401,17616,3,4,5,3,5,3
41,No,Travel_Rarely,918,Sales,6,3,Marketing,4,Male,35,3,3,9241,15869,3,2,10,3,10,8
29,No,Travel_Rarely,1082,Research & Development,9,4,Medical,4,Female,43,3,3,2974,25412,3,3,9,3,5,3
36,No,Travel_Rarely,530,Sales,2,4,Life Sciences,3,Female,51,3,4,4502,7439,3,3,17,2,13,7
45,No,Non-Travel,1238,Research & Development,1,1,Life Sciences,3,Male,74,2,3,10748,3395,4,4,25,2,23,15
24,Yes,Travel_Rarely,240,Human Resources,22,1,Human Resources,4,Male,58,1,3,1555,11585,3,3,1,3,1,0
47,Yes,Travel_Frequently,1093,Sales,9,3,Life Sciences,3,Male,82,1,3,12936,24164,3,3,25,1,23,5
26,No,Travel_Rarely,390,Research & Development,17,4,Medical,4,Male,62,1,3,2305,6217,3,3,3,4,3,2
45,No,Travel_Rarely,1005,Research & Development,28,2,Technical Degree,4,Female,48,2,2,16704,17119,3,3,21,3,21,6
32,No,Travel_Frequently,585,Research & Development,10,3,Life Sciences,1,Male,56,3,3,3433,17360,3,1,10,2,5,2
31,No,Travel_Rarely,741,Research & Development,2,4,Life Sciences,2,Male,69,3,3,3477,18103,3,4,6,4,5,2
41,No,Non-Travel,552,Human Resources,4,3,Human Resources,3,Male,60,1,2,6430,20794,3,2,10,3,3,2
40,No,Travel_Rarely,369,Research & Development,8,2,Life Sciences,2,Female,92,3,1,6516,5041,3,2,18,3,1,0
24,No,Travel_Rarely,506,Research & Development,29,1,Medical,2,Male,91,3,1,3907,3622,3,2,6,4,6,2
46,No,Travel_Rarely,717,Research & Development,13,4,Life Sciences,3,Male,34,3,2,5562,9697,3,4,19,3,10,7
35,No,Travel_Rarely,1370,Research & Development,27,4,Life Sciences,4,Male,49,3,3,6883,5151,3,2,17,3,7,7
30,No,Travel_Rarely,793,Research & Development,16,1,Life Sciences,2,Male,33,3,4,2862,3811,3,2,10,2,10,0
47,No,Non-Travel,543,Sales,2,4,Marketing,3,Male,87,3,2,4978,3536,3,4,4,1,1,0
46,No,Travel_Rarely,1277,Sales,2,3,Life Sciences,3,Male,74,3,4,10368,5596,3,2,13,2,10,6
36,Yes,Travel_Rarely,1456,Sales,13,5,Marketing,2,Male,96,2,1,6134,8658,3,2,16,3,2,2
32,Yes,Travel_Rarely,964,Sales,1,2,Life Sciences,1,Male,34,1,2,6735,12147,3,2,10,3,0,0
23,No,Travel_Rarely,160,Research & Development,4,1,Medical,3,Female,51,3,2,3295,12862,3,3,3,1,3,2
31,No,Travel_Frequently,163,Research & Development,24,1,Technical Degree,4,Female,30,3,4,5238,6670,4,4,9,2,5,4
39,No,Non-Travel,792,Research & Development,1,3,Life Sciences,4,Male,77,3,4,6472,8989,3,4,9,3,9,8
32,No,Travel_Rarely,371,Sales,19,3,Life Sciences,4,Male,80,1,3,9610,3840,3,3,10,1,4,3
40,No,Travel_Rarely,611,Sales,7,4,Medical,2,Male,88,3,2,19833,4349,3,2,21,2,21,8
45,No,Travel_Rarely,176,Human Resources,4,3,Life Sciences,3,Female,56,1,3,9756,6595,4,3,9,4,5,0
30,No,Travel_Frequently,1312,Research & Development,2,4,Technical Degree,4,Female,78,2,1,4968,26427,3,4,10,3,9,7
24,No,Travel_Frequently,897,Human Resources,10,3,Medical,1,Male,59,3,4,2145,2097,3,4,3,3,2,2
30,Yes,Travel_Frequently,600,Human Resources,8,3,Human Resources,3,Female,66,2,4,2180,9732,3,3,6,2,4,2
31,No,Travel_Rarely,1003,Sales,5,3,Technical Degree,1,Male,51,3,3,8346,20943,3,3,6,3,5,2
27,No,Travel_Rarely,1054,Research & Development,8,3,Medical,3,Female,67,3,4,3445,6152,3,3,6,2,6,2
29,Yes,Travel_Rarely,428,Sales,9,3,Marketing,2,Female,52,1,2,2760,14630,3,3,2,3,2,2
29,No,Travel_Frequently,461,Research & Development,1,3,Life Sciences,4,Male,70,4,3,6294,23060,3,4,10,4,3,2
30,No,Travel_Rarely,979,Sales,15,2,Marketing,3,Male,94,2,1,7140,3088,3,1,12,3,7,7
34,No,Travel_Rarely,181,Research & Development,2,4,Medical,4,Male,97,4,4,2932,5586,3,1,6,3,5,0
33,No,Non-Travel,1283,Sales,2,3,Marketing,4,Female,62,3,2,5147,10697,3,4,13,2,11,7
49,No,Travel_Rarely,1313,Sales,11,4,Marketing,4,Female,80,3,4,4507,8191,3,3,8,4,5,1
33,Yes,Travel_Rarely,211,Sales,16,3,Life Sciences,1,Female,74,3,1,8564,10092,4,3,11,2,0,0
38,No,Travel_Frequently,594,Research & Development,2,2,Medical,3,Female,75,2,2,2468,15963,3,2,9,2,6,1
31,Yes,Travel_Rarely,1079,Sales,16,4,Marketing,1,Male,70,3,3,8161,19002,3,1,10,3,1,0
29,No,Travel_Rarely,590,Research & Development,4,3,Technical Degree,4,Female,91,2,1,2109,10007,3,3,1,3,1,0
30,No,Travel_Rarely,305,Research & Development,16,3,Life Sciences,3,Male,58,4,3,5294,9128,3,3,10,3,7,0
32,No,Non-Travel,953,Research & Development,5,4,Technical Degree,2,Male,65,3,2,2718,17674,3,2,12,3,7,7
38,No,Travel_Rarely,833,Research & Development,18,3,Medical,2,Male,60,1,4,5811,24539,3,3,15,3,1,0
43,Yes,Travel_Frequently,807,Research & Development,17,3,Technical Degree,3,Male,38,2,3,2437,15587,3,4,6,3,1,0
42,No,Travel_Rarely,855,Research & Development,12,3,Medical,2,Male,57,3,2,2766,8952,4,2,7,2,5,3
55,No,Travel_Rarely,478,Research & Development,2,3,Medical,3,Male,60,2,1,19038,19805,3,2,34,3,1,0
33,No,Non-Travel,775,Research & Development,4,3,Technical Degree,4,Male,90,3,2,3055,6194,3,4,11,2,9,8
41,No,Travel_Rarely,548,Research & Development,9,4,Life Sciences,3,Male,94,3,1,2289,20520,4,2,5,3,5,3
34,No,Non-Travel,1375,Sales,10,3,Life Sciences,4,Male,87,3,3,4001,12313,3,3,15,3,15,14
53,No,Non-Travel,661,Research & Development,1,4,Medical,1,Female,60,2,3,12965,22308,4,4,27,2,3,2
43,No,Travel_Rarely,244,Human Resources,2,3,Life Sciences,2,Male,97,3,4,3539,5033,3,2,10,3,9,7
34,No,Travel_Rarely,511,Sales,3,2,Life Sciences,4,Female,32,1,4,6029,25353,3,1,6,3,2,2
21,Yes,Travel_Rarely,337,Sales,7,1,Marketing,2,Male,31,3,2,2679,4567,3,2,1,3,1,0
38,No,Travel_Rarely,1153,Research & Development,6,2,Other,4,Female,40,2,3,3702,16376,3,2,5,3,5,4
22,Yes,Travel_Rarely,1294,Research & Development,8,1,Medical,3,Female,79,3,1,2398,15999,3,3,1,3,1,0
31,No,Travel_Rarely,196,Sales,29,4,Marketing,1,Female,91,2,4,5468,13402,3,1,13,3,12,7
51,No,Travel_Rarely,942,Research & Development,3,3,Technical Degree,1,Female,53,3,3,13116,22984,3,4,15,3,2,2
37,No,Travel_Rarely,589,Sales,9,2,Marketing,2,Male,46,2,2,4189,8800,3,1,5,3,5,2
46,No,Travel_Rarely,734,Research & Development,2,4,Medical,3,Male,46,3,4,19328,14218,3,3,24,3,2,1
36,No,Travel_Rarely,1383,Research & Development,10,3,Life Sciences,4,Male,90,3,1,8321,25949,3,4,15,3,12,8
44,Yes,Travel_Frequently,429,Research & Development,1,2,Medical,3,Male,99,3,2,2342,11092,3,3,6,2,5,3
37,No,Travel_Rarely,1239,Human Resources,8,2,Other,3,Male,89,3,2,4071,12832,3,3,19,2,10,0
35,Yes,Travel_Rarely,303,Sales,27,3,Life Sciences,3,Male,84,3,4,5813,13492,3,4,10,3,10,7
33,No,Travel_Rarely,867,Research & Development,8,4,Life Sciences,4,Male,90,4,1,3143,6076,3,2,14,3,10,8
28,No,Travel_Rarely,1181,Research & Development,1,3,Life Sciences,3,Male,82,3,4,2044,5531,3,3,5,4,5,3
39,No,Travel_Rarely,1253,Research & Development,10,1,Medical,3,Male,65,3,3,13464,7914,4,3,9,3,4,3
46,No,Non-Travel,849,Sales,26,2,Life Sciences,2,Male,98,2,2,7991,25166,3,3,6,3,2,2
40,No,Travel_Rarely,616,Research & Development,2,2,Life Sciences,3,Female,99,3,1,3377,25605,3,4,7,2,4,3
42,No,Travel_Rarely,1128,Research & Development,13,3,Medical,2,Male,95,4,1,5538,5696,3,3,10,2,0,0
35,No,Non-Travel,1180,Research & Development,2,2,Medical,2,Male,90,3,4,5762,24442,3,3,15,3,7,7
38,No,Non-Travel,1336,Human Resources,2,3,Human Resources,1,Male,100,3,2,2592,7129,3,4,13,3,11,10
34,Yes,Travel_Frequently,234,Research & Development,9,4,Life Sciences,4,Male,93,3,1,5346,6208,3,3,11,2,7,1
37,Yes,Travel_Rarely,370,Research & Development,10,4,Medical,4,Male,58,3,1,4213,4992,3,2,10,1,10,3
39,No,Travel_Frequently,766,Sales,20,3,Life Sciences,3,Male,83,3,4,4127,19188,3,4,7,3,2,1
43,No,Non-Travel,343,Research & Development,9,3,Life Sciences,1,Male,52,3,3,2438,24978,3,3,7,2,3,2
41,No,Travel_Rarely,447,Research & Development,5,3,Life Sciences,2,Male,85,4,2,6870,15530,3,1,11,1,3,2
41,No,Travel_Rarely,796,Sales,4,1,Marketing,3,Female,81,3,3,10447,26458,3,4,23,4,22,14
30,No,Travel_Rarely,1092,Research & Development,10,3,Medical,1,Female,64,3,3,9667,2739,3,2,9,3,7,7
26,Yes,Travel_Rarely,920,Human Resources,20,2,Medical,4,Female,69,3,2,2148,6889,3,3,6,3,5,1
46,Yes,Travel_Rarely,261,Research & Development,21,2,Medical,4,Female,66,3,2,8926,10842,4,4,13,4,9,7
40,No,Travel_Rarely,1194,Research & Development,1,3,Life Sciences,3,Female,52,3,4,6513,9060,3,4,12,3,5,3
34,No,Travel_Rarely,810,Sales,8,2,Technical Degree,2,Male,92,4,3,6799,22128,4,3,10,3,10,8
58,No,Non-Travel,350,Sales,2,3,Medical,2,Male,52,3,2,16291,22577,4,4,37,2,16,9
35,No,Travel_Rarely,185,Research & Development,23,4,Medical,2,Male,91,1,3,2705,9696,3,2,6,4,5,4
47,No,Travel_Rarely,1001,Research & Development,4,3,Life Sciences,3,Female,92,2,2,10333,19271,3,3,28,3,22,11
40,No,Travel_Rarely,750,Research & Development,12,3,Life Sciences,2,Female,47,3,1,4448,10748,3,2,15,3,7,4
54,No,Travel_Rarely,431,Research & Development,7,4,Medical,4,Female,68,3,4,6854,15696,3,2,14,2,7,1
31,No,Travel_Frequently,1125,Sales,7,4,Marketing,1,Female,68,3,1,9637,8277,3,4,9,3,3,2
28,No,Travel_Rarely,1217,Research & Development,1,3,Medical,3,Female,67,3,1,3591,12719,4,3,3,3,3,2
38,No,Travel_Rarely,723,Sales,2,4,Marketing,2,Female,77,1,4,5405,4244,4,1,20,2,4,2
26,No,Travel_Rarely,572,Sales,10,3,Medical,3,Male,46,3,4,4684,9125,3,1,5,3,5,3
58,No,Travel_Frequently,1216,Research & Development,15,4,Life Sciences,1,Male,87,3,3,15787,21624,3,2,23,3,2,2
18,No,Non-Travel,1431,Research & Development,14,3,Medical,2,Female,33,3,3,1514,8018,3,3,0,1,0,0
31,Yes,Travel_Rarely,359,Human Resources,18,5,Human Resources,4,Male,89,4,1,2956,21495,3,3,2,3,1,0
29,Yes,Travel_Rarely,350,Human Resources,13,3,Human Resources,1,Male,56,2,1,2335,3157,3,4,4,3,2,2
45,No,Non-Travel,589,Sales,2,4,Life Sciences,3,Female,67,3,3,5154,19665,4,2,10,4,8,7
36,No,Travel_Rarely,430,Research & Development,2,4,Other,4,Female,73,3,2,6962,19573,4,4,15,3,1,0
43,No,Travel_Frequently,1422,Sales,2,4,Life Sciences,1,Male,92,3,4,5675,19246,4,3,7,3,7,7
27,No,Travel_Frequently,1297,Research & Development,5,2,Life Sciences,4,Female,53,3,4,2379,19826,3,3,6,2,5,4
29,No,Travel_Frequently,574,Research & Development,20,1,Medical,4,Male,40,3,4,3812,7003,3,2,11,4,11,8
32,No,Travel_Frequently,1318,Sales,10,4,Marketing,4,Male,79,3,4,4648,26075,3,3,4,4,0,0
42,No,Non-Travel,355,Research & Development,10,4,Technical Degree,3,Male,38,3,3,2936,6161,4,2,10,2,6,3
47,No,Travel_Rarely,207,Research & Development,9,4,Life Sciences,2,Female,64,3,3,2105,5411,3,3,7,3,2,2
46,No,Travel_Rarely,706,Research & Development,2,2,Life Sciences,4,Male,82,3,4,8578,19989,3,3,12,2,9,8
28,No,Non-Travel,280,Human Resources,1,2,Life Sciences,3,Male,43,3,4,2706,10494,3,2,3,3,3,2
29,No,Travel_Rarely,726,Research & Development,29,1,Life Sciences,4,Male,93,1,3,6384,21143,3,4,11,3,7,0
42,No,Travel_Rarely,1142,Research & Development,8,3,Life Sciences,4,Male,81,3,3,3968,13624,3,4,8,3,0,0
32,Yes,Travel_Rarely,414,Sales,2,4,Marketing,3,Male,82,2,2,9907,26186,3,3,7,2,2,2
46,No,Travel_Rarely,1319,Sales,3,3,Technical Degree,1,Female,45,4,1,13225,7739,3,4,25,3,19,17
27,No,Travel_Rarely,728,Sales,23,1,Medical,2,Female,36,2,3,3540,7018,4,4,9,3,9,8
29,No,Travel_Rarely,352,Human Resources,6,1,Medical,4,Male,87,2,2,2804,15434,3,4,1,3,1,0
43,No,Travel_Rarely,823,Research & Development,6,3,Medical,1,Female,81,2,3,19392,22539,3,4,21,3,16,12
48,No,Travel_Rarely,1224,Research & Development,10,3,Life Sciences,4,Male,91,2,2,19665,13583,3,4,29,3,22,10
29,Yes,Travel_Frequently,459,Research & Development,24,2,Life Sciences,4,Male,73,2,4,2439,14753,4,2,1,2,1,0
46,Yes,Travel_Rarely,1254,Sales,10,3,Life Sciences,3,Female,64,3,2,7314,14011,4,3,14,3,8,7
27,No,Travel_Frequently,1131,Research & Development,15,3,Life Sciences,4,Female,77,2,1,4774,23844,3,4,8,2,7,6
39,No,Travel_Rarely,835,Research & Development,19,4,Other,4,Male,41,3,4,3902,5141,3,2,7,3,2,2
55,No,Travel_Rarely,836,Research & Development,2,4,Technical Degree,2,Male,98,2,4,2662,7975,4,2,19,4,5,2
28,No,Travel_Rarely,1172,Sales,3,3,Medical,2,Female,78,3,2,2856,3692,3,4,1,3,1,0
30,Yes,Travel_Rarely,945,Sales,9,3,Medical,2,Male,89,3,4,1081,16019,3,3,1,2,1,0
22,Yes,Travel_Rarely,391,Research & Development,7,1,Life Sciences,4,Male,75,3,2,2472,26092,4,1,1,3,1,0
36,No,Travel_Rarely,1266,Sales,10,4,Technical Degree,2,Female,63,2,3,5673,6060,3,1,10,3,10,9
31,No,Travel_Rarely,311,Research & Development,20,3,Life Sciences,2,Male,89,3,3,4197,18624,3,1,10,3,10,8
34,No,Travel_Rarely,1480,Sales,4,3,Life Sciences,3,Male,64,3,4,9713,24444,3,4,9,3,5,3
29,No,Travel_Rarely,592,Research & Development,7,3,Life Sciences,4,Male,59,3,1,2062,19384,3,2,11,3,3,2
37,No,Travel_Rarely,783,Research & Development,7,4,Medical,4,Male,78,3,1,4284,13588,4,3,16,3,5,3
35,No,Travel_Rarely,219,Research & Development,16,2,Other,4,Female,44,2,2,4788,25388,3,4,4,3,3,2
45,No,Travel_Rarely,556,Research & Development,25,2,Life Sciences,2,Female,93,2,4,5906,23888,3,4,10,2,9,8
36,No,Travel_Frequently,1213,Human Resources,2,1,Human Resources,2,Male,94,2,4,3886,4223,4,4,10,2,10,1
40,No,Travel_Rarely,1137,Research & Development,1,4,Life Sciences,1,Male,98,3,1,16823,18991,3,1,22,3,19,7
26,No,Travel_Rarely,482,Research & Development,1,2,Life Sciences,2,Female,90,2,3,2933,14908,3,3,1,2,1,0
27,No,Travel_Rarely,511,Sales,2,2,Medical,1,Female,89,4,3,6500,26997,3,2,9,2,8,7
48,No,Travel_Frequently,117,Research & Development,22,3,Medical,4,Female,58,3,4,17174,2437,3,2,24,3,22,17
44,No,Travel_Rarely,170,Research & Development,1,4,Life Sciences,2,Male,78,4,1,5033,9364,3,4,10,3,2,0
34,Yes,Non-Travel,967,Research & Development,16,4,Technical Degree,4,Male,85,1,1,2307,14460,4,2,5,3,5,2
56,Yes,Travel_Rarely,1162,Research & Development,24,2,Life Sciences,1,Male,97,3,4,2587,10261,3,4,5,3,4,2
36,No,Travel_Rarely,335,Sales,17,2,Marketing,3,Male,33,2,2,5507,16822,3,3,12,1,4,2
41,No,Travel_Rarely,337,Sales,8,3,Marketing,3,Female,54,3,2,4393,26841,4,3,14,3,5,4
42,No,Travel_Rarely,1396,Research & Development,6,3,Medical,3,Male,83,3,1,13348,14842,3,2,18,4,13,7
31,No,Travel_Rarely,1079,Sales,10,2,Medical,3,Female,86,3,4,6583,20115,3,4,8,3,5,2
34,No,Travel_Rarely,735,Sales,3,1,Medical,4,Female,75,2,4,8103,16495,3,3,9,2,4,2
31,No,Travel_Rarely,471,Research & Development,4,3,Medical,1,Female,62,4,3,3978,16031,3,2,4,2,2,2
26,No,Travel_Frequently,1096,Research & Development,6,3,Other,3,Male,61,4,4,2544,7102,3,1,8,3,7,7
45,No,Travel_Frequently,1297,Research & Development,1,4,Medical,2,Male,44,3,3,5399,14511,3,3,12,3,4,2
33,No,Travel_Rarely,217,Sales,10,4,Marketing,2,Male,43,3,3,5487,10410,3,2,10,2,10,4
28,No,Travel_Frequently,783,Sales,1,2,Life Sciences,3,Male,42,2,4,6834,19255,3,3,7,3,7,7
29,Yes,Travel_Frequently,746,Sales,24,3,Technical Degree,3,Male,45,4,1,1091,10642,3,4,1,3,1,0
39,No,Non-Travel,1251,Sales,21,4,Life Sciences,1,Female,32,1,3,5736,3987,3,3,10,3,3,2
27,No,Travel_Rarely,1354,Research & Development,2,4,Technical Degree,2,Male,41,3,2,2226,6073,3,3,6,2,5,3
34,No,Travel_Frequently,735,Research & Development,22,4,Other,3,Male,86,2,4,5747,26496,3,2,16,3,15,10
28,Yes,Travel_Rarely,1475,Sales,13,2,Marketing,4,Female,84,3,3,9854,23352,3,4,6,3,2,0
47,No,Non-Travel,1169,Research & Development,14,4,Technical Degree,3,Male,64,3,2,5467,2125,3,3,16,4,8,7
56,No,Travel_Rarely,1443,Sales,11,5,Marketing,4,Female,89,2,1,5380,20328,3,3,6,3,0,0
39,No,Travel_Rarely,867,Research & Development,9,2,Medical,1,Male,87,3,1,5151,12315,4,4,10,3,10,0
38,No,Travel_Frequently,1394,Research & Development,8,3,Medical,4,Female,58,2,2,2133,18115,3,3,20,3,20,11
58,No,Travel_Rarely,605,Sales,21,3,Life Sciences,4,Female,72,3,4,17875,11761,3,3,29,2,1,0
32,Yes,Travel_Frequently,238,Research & Development,5,2,Life Sciences,1,Female,47,4,3,2432,15318,3,1,8,3,4,1
38,No,Travel_Rarely,1206,Research & Development,9,2,Life Sciences,2,Male,71,3,4,4771,14293,3,4,10,4,5,2
49,No,Travel_Frequently,1064,Research & Development,2,1,Life Sciences,2,Male,42,3,4,19161,13738,3,4,28,3,5,4
42,No,Travel_Rarely,419,Sales,12,4,Marketing,2,Male,77,3,4,5087,2900,3,3,14,3,0,0
27,Yes,Travel_Frequently,1337,Human Resources,22,3,Human Resources,1,Female,58,2,2,2863,19555,3,1,1,3,1,0
35,No,Travel_Rarely,682,Sales,18,4,Medical,2,Male,71,3,1,5561,15975,3,4,6,1,5,3
28,No,Non-Travel,1103,Research & Development,16,3,Medical,3,Male,49,3,3,2144,2122,3,3,5,2,5,3
31,No,Non-Travel,976,Research & Development,3,2,Medical,3,Male,48,3,1,3065,3995,3,4,4,4,4,2
36,No,Non-Travel,1351,Research & Development,9,4,Life Sciences,1,Male,66,4,2,2810,9238,4,2,5,3,5,4
34,No,Travel_Rarely,937,Sales,1,3,Marketing,1,Male,32,3,4,9888,6770,4,1,14,2,14,8
34,No,Travel_Rarely,1239,Sales,13,4,Medical,4,Male,39,3,3,8628,22914,3,3,9,2,8,7
26,No,Travel_Rarely,157,Research & Development,1,3,Medical,3,Male,95,3,1,2867,20006,3,4,8,2,7,7
29,No,Travel_Rarely,136,Research & Development,1,3,Life Sciences,1,Male,89,3,1,5373,6225,3,1,6,2,5,3
32,No,Non-Travel,1146,Research & Development,15,4,Medical,3,Female,34,3,4,6667,16542,3,2,9,3,5,1
31,No,Travel_Frequently,1125,Research & Development,1,3,Life Sciences,4,Male,48,1,1,5003,5771,4,2,10,3,10,8
28,Yes,Travel_Rarely,1404,Research & Development,17,3,Technical Degree,3,Male,32,2,4,2367,18779,3,1,6,2,4,1
38,No,Travel_Rarely,1404,Sales,1,3,Life Sciences,1,Male,59,2,1,2858,11473,3,1,20,2,1,0
35,No,Travel_Rarely,1224,Sales,7,4,Life Sciences,3,Female,55,3,4,5204,13586,3,4,10,3,10,8
27,No,Travel_Rarely,954,Sales,9,3,Marketing,4,Male,44,3,4,4105,5099,3,1,7,3,7,7
32,No,Travel_Rarely,1373,Research & Development,5,4,Life Sciences,4,Male,56,2,4,9679,10138,4,2,8,3,1,0
31,Yes,Travel_Frequently,754,Sales,26,4,Marketing,1,Male,63,3,4,5617,21075,3,3,10,3,10,7
53,Yes,Travel_Rarely,1168,Sales,24,4,Life Sciences,1,Male,66,3,1,10448,5843,3,2,15,2,2,2
54,No,Travel_Rarely,155,Research & Development,9,2,Life Sciences,1,Female,67,3,3,2897,22474,3,3,9,2,4,3
33,No,Travel_Frequently,1303,Research & Development,7,2,Life Sciences,4,Male,36,3,3,5968,18079,4,3,9,3,9,7
43,No,Travel_Rarely,574,Research & Development,11,3,Life Sciences,1,Male,30,3,3,7510,16873,3,2,10,3,10,9
38,No,Travel_Frequently,1444,Human Resources,1,4,Other,4,Male,88,3,2,2991,5224,3,2,7,3,6,2
55,No,Travel_Rarely,189,Human Resources,26,4,Human Resources,3,Male,71,4,2,19636,25811,3,1,35,3,10,9
31,No,Travel_Rarely,1276,Research & Development,2,1,Medical,4,Female,59,1,4,1129,17536,3,3,1,3,1,0
39,No,Travel_Rarely,119,Sales,15,4,Marketing,2,Male,77,3,1,13341,25098,3,1,21,3,20,8
42,No,Non-Travel,335,Research & Development,23,2,Life Sciences,4,Male,37,2,3,4332,14811,3,4,20,3,20,9
31,No,Non-Travel,697,Research & Development,10,3,Medical,3,Female,40,3,3,11031,26862,4,3,13,4,11,7
54,No,Travel_Rarely,157,Research & Development,10,3,Medical,3,Female,77,3,1,4440,25198,3,4,9,3,5,2
24,No,Travel_Rarely,771,Research & Development,1,2,Life Sciences,2,Male,45,2,3,4617,14120,3,2,4,2,4,3
23,No,Travel_Rarely,571,Research & Development,12,2,Other,4,Male,78,3,4,2647,13672,3,3,5,4,5,2
40,No,Travel_Frequently,692,Research & Development,11,3,Technical Degree,4,Female,73,3,3,6323,26849,3,1,10,4,10,9
40,No,Travel_Rarely,444,Sales,2,2,Marketing,2,Female,92,3,2,5677,4258,3,3,15,3,11,8
25,No,Travel_Rarely,309,Human Resources,2,3,Human Resources,3,Female,82,3,2,2187,19655,3,3,6,3,2,0
30,No,Travel_Rarely,911,Research & Development,1,2,Medical,4,Male,76,3,2,3748,4077,3,3,12,2,12,8
25,No,Travel_Rarely,977,Research & Development,2,1,Other,4,Male,57,3,3,3977,7298,3,3,7,2,2,2
47,No,Travel_Rarely,1180,Research & Development,25,3,Medical,1,Male,84,3,3,8633,13084,4,2,25,3,17,14
33,No,Non-Travel,1313,Research & Development,1,2,Medical,2,Male,59,2,3,2008,20439,3,3,1,2,1,1
38,No,Travel_Rarely,1321,Sales,1,4,Life Sciences,4,Male,86,3,2,4440,7636,3,1,16,3,15,13
31,No,Travel_Rarely,1154,Sales,2,2,Life Sciences,1,Male,54,3,3,3067,6393,3,3,3,3,2,2
38,No,Travel_Frequently,508,Research & Development,6,4,Life Sciences,1,Male,72,2,3,5321,14284,3,4,10,3,8,3
42,No,Travel_Rarely,557,Research & Development,18,4,Life Sciences,4,Male,35,3,1,5410,11189,3,3,9,2,4,3
41,No,Travel_Rarely,642,Research & Development,1,3,Life Sciences,4,Male,76,3,4,2782,21412,4,1,12,3,5,3
47,No,Non-Travel,1162,Research & Development,1,1,Medical,3,Female,98,3,2,11957,17231,3,1,14,1,13,8
35,No,Travel_Rarely,1490,Research & Development,11,4,Medical,4,Male,43,3,3,2660,20232,3,3,5,3,2,2
22,No,Travel_Rarely,581,Research & Development,1,2,Life Sciences,4,Male,63,3,3,3375,17624,3,4,4,4,3,2
35,No,Travel_Rarely,1395,Research & Development,9,4,Medical,2,Male,48,3,3,5098,18698,3,2,10,3,10,7
33,No,Travel_Rarely,501,Research & Development,15,2,Medical,2,Female,95,3,4,4878,21653,3,1,10,3,9,7
32,No,Travel_Rarely,267,Research & Development,29,4,Life Sciences,3,Female,49,2,2,2837,15919,3,3,6,3,6,2
40,No,Travel_Rarely,543,Research & Development,1,4,Life Sciences,1,Male,83,3,4,2406,4060,3,3,8,2,1,0
32,No,Travel_Rarely,234,Sales,1,4,Medical,2,Male,68,2,2,2269,18024,3,2,3,3,2,2
39,No,Travel_Rarely,116,Research & Development,24,1,Life Sciences,1,Male,52,3,4,4108,5340,3,1,18,3,7,7
38,No,Travel_Rarely,201,Research & Development,10,3,Medical,2,Female,99,1,3,13206,3376,3,1,20,3,18,16
32,No,Travel_Rarely,801,Sales,1,4,Marketing,3,Female,48,3,4,10422,24032,3,3,14,3,14,10
37,No,Travel_Rarely,161,Research & Development,10,3,Life Sciences,3,Female,42,4,4,13744,15471,4,1,16,3,16,11
25,No,Travel_Rarely,1382,Sales,8,2,Other,1,Female,85,3,3,4907,13684,4,2,6,2,5,3
52,No,Non-Travel,585,Sales,29,4,Life Sciences,1,Male,40,3,4,3482,19788,3,2,16,2,9,8
44,No,Travel_Rarely,1037,Research & Development,1,3,Medical,2,Male,42,3,4,2436,13422,3,3,6,3,4,3
21,No,Travel_Rarely,501,Sales,5,1,Medical,3,Male,58,3,1,2380,25479,3,4,2,3,2,2
39,No,Non-Travel,105,Research & Development,9,3,Life Sciences,4,Male,87,3,4,19431,15302,3,3,21,2,6,0
23,Yes,Travel_Frequently,638,Sales,9,3,Marketing,4,Male,33,3,1,1790,26956,3,1,1,2,1,0
36,No,Travel_Rarely,557,Sales,3,3,Medical,1,Female,94,2,4,7644,12695,3,3,10,3,9,7
36,No,Travel_Frequently,688,Research & Development,4,2,Life Sciences,4,Female,97,3,2,5131,9192,3,2,18,3,4,2
56,No,Non-Travel,667,Research & Development,1,4,Life Sciences,3,Male,57,3,3,6306,26236,4,1,13,2,13,12
29,Yes,Travel_Rarely,1092,Research & Development,1,4,Medical,1,Male,36,3,4,4787,26124,3,2,4,4,2,2
42,No,Travel_Rarely,300,Research & Development,2,3,Life Sciences,1,Male,56,3,3,18880,17312,3,1,24,2,22,6
56,Yes,Travel_Rarely,310,Research & Development,7,2,Technical Degree,4,Male,72,3,3,2339,3666,3,4,14,1,10,9
41,No,Travel_Rarely,582,Research & Development,28,4,Life Sciences,1,Female,60,2,2,13570,5640,4,3,21,3,20,7
34,No,Travel_Rarely,704,Sales,28,3,Marketing,4,Female,95,2,3,6712,8978,4,4,8,3,8,7
36,No,Non-Travel,301,Sales,15,4,Marketing,4,Male,88,1,4,5406,10436,4,1,15,2,15,12
41,No,Travel_Rarely,930,Sales,3,3,Life Sciences,3,Male,57,2,2,8938,12227,3,3,14,3,5,4
32,No,Travel_Rarely,529,Research & Development,2,3,Technical Degree,4,Male,78,3,1,2439,11288,3,4,4,3,4,2
35,No,Travel_Rarely,1146,Human Resources,26,4,Life Sciences,3,Female,31,3,4,8837,16642,3,3,9,3,9,0
38,No,Travel_Rarely,345,Sales,10,2,Life Sciences,1,Female,100,3,4,5343,5982,3,3,10,3,10,7
50,Yes,Travel_Frequently,878,Sales,1,4,Life Sciences,2,Male,94,3,3,6728,14255,3,4,12,3,6,3
36,No,Travel_Rarely,1120,Sales,11,4,Marketing,2,Female,100,2,4,6652,14369,3,1,8,2,6,3
45,No,Travel_Rarely,374,Sales,20,3,Life Sciences,4,Female,50,3,3,4850,23333,3,3,8,3,5,3
40,No,Travel_Rarely,1322,Research & Development,2,4,Life Sciences,3,Male,52,2,3,2809,2725,3,4,8,3,2,2
35,No,Travel_Frequently,1199,Research & Development,18,4,Life Sciences,3,Male,80,3,3,5689,24594,3,4,10,4,10,2
40,No,Travel_Rarely,1194,Research & Development,2,4,Medical,3,Female,98,3,3,2001,12549,3,2,20,3,5,3
35,No,Travel_Rarely,287,Research & Development,1,4,Life Sciences,3,Female,62,1,4,2977,8952,3,4,4,3,4,3
29,No,Travel_Rarely,1378,Research & Development,13,2,Other,4,Male,46,2,2,4025,23679,3,1,10,3,4,3
29,No,Travel_Rarely,468,Research & Development,28,4,Medical,4,Female,73,2,1,3785,8489,3,2,5,1,5,4
50,Yes,Travel_Rarely,410,Sales,28,3,Marketing,4,Male,39,2,1,10854,16586,3,2,20,3,3,2
39,No,Travel_Rarely,722,Sales,24,1,Marketing,2,Female,60,2,4,12031,8828,3,1,21,2,20,9
31,No,Non-Travel,325,Research & Development,5,3,Medical,2,Male,74,3,1,9936,3787,3,2,10,3,9,4
26,No,Travel_Rarely,1167,Sales,5,3,Other,4,Female,30,2,3,2966,21378,3,4,5,3,4,2
36,No,Travel_Frequently,884,Research & Development,23,2,Medical,3,Male,41,4,4,2571,12290,3,3,17,3,5,2
39,No,Travel_Rarely,613,Research & Development,6,1,Medical,4,Male,42,2,1,9991,21457,3,1,9,3,7,7
27,No,Travel_Rarely,155,Research & Development,4,3,Life Sciences,2,Male,87,4,2,6142,5174,4,2,6,3,6,2
49,No,Travel_Frequently,1023,Sales,2,3,Medical,4,Male,63,2,2,5390,13243,3,4,17,2,9,6
34,No,Travel_Rarely,628,Research & Development,8,3,Medical,2,Male,82,4,3,4404,10228,3,1,6,4,4,3