Category,Sub_Category,City,Region,Sales,Discount,Profit
Oil & Masala,Masalas,Vellore,North,1254,0.12,401.28
Beverages,Health Drinks,Krishnagiri,South,749,0.18,149.8
Food Grains,Atta & Flour,Perambalur,West,2360,0.21,165.2
Fruits & Veggies,Fresh Vegetables,Dharmapuri,South,896,0.25,89.6
Food Grains,Organic Staples,Ooty,South,2355,0.26,918.45
Food Grains,Organic Staples,Dharmapuri,West,2305,0.26,322.7
Fruits & Veggies,Fresh Vegetables,Trichy,West,826,0.33,346.92
Fruits & Veggies,Fresh Fruits,Ramanadhapuram,West,1847,0.32,147.76
Bakery,Biscuits,Tirunelveli,West,791,0.23,181.93
Bakery,Cakes,Chennai,West,1795,0.27,484.65
Snacks,Chocolates,Karur,West,1903,0.13,437.69
"Eggs, Meat & Fish",Eggs,Namakkal,West,701,0.1,308.44
Snacks,Cookies,Dindigul,South,1659,0.19,315.21
Fruits & Veggies,Fresh Vegetables,Kanyakumari,West,1277,0.25,63.85
"Eggs, Meat & Fish",Chicken,Kanyakumari,Central,831,0.22,207.75
Oil & Masala,Edible Oil & Ghee,Krishnagiri,Central,1440,0.11,100.8
Bakery,Cakes,Dharmapuri,Central,1678,0.28,318.82
Beverages,Health Drinks,Bodi,West,1617,0.19,113.19
"Eggs, Meat & Fish",Mutton,Tenkasi,West,1757,0.35,386.54
Beverages,Soft Drinks,Kanyakumari,West,692,0.29,159.16
Beverages,Health Drinks,Vellore,West,522,0.19,208.8
Food Grains,Dals & Pulses,Karur,Central,948,0.13,47.4
Beverages,Soft Drinks,Krishnagiri,Central,707,0.34,148.47
Fruits & Veggies,Organic Vegetables,Tenkasi,East,969,0.29,77.52
"Eggs, Meat & Fish",Eggs,Ooty,West,1100,0.11,495
Snacks,Chocolates,Tirunelveli,West,2022,0.11,202.2
Snacks,Cookies,Trichy,West,541,0.12,43.28
Bakery,Biscuits,Viluppuram,East,979,0.22,401.39
Beverages,Soft Drinks,Krishnagiri,East,1988,0.22,874.72
Oil & Masala,Masalas,Kanyakumari,East,989,0.17,69.23
Beverages,Soft Drinks,Dharmapuri,East,1845,0.24,166.05
Snacks,Noodles,Vellore,East,1400,0.11,420
Oil & Masala,Edible Oil & Ghee,Trichy,East,2163,0.26,670.53
Oil & Masala,Masalas,Madurai,East,1689,0.34,337.8
Beverages,Health Drinks,Vellore,Central,809,0.32,80.9
"Eggs, Meat & Fish",Eggs,Tirunelveli,Central,1265,0.22,569.25
Beverages,Soft Drinks,Salem,Central,934,0.35,56.04
Fruits & Veggies,Organic Vegetables,Ramanadhapuram,Central,1354,0.16,446.82
Fruits & Veggies,Fresh Fruits,Chennai,Central,1751,0.19,280.16
"Eggs, Meat & Fish",Chicken,Cumbum,Central,2045,0.23,879.35
Beverages,Health Drinks,Namakkal,Central,660,0.19,92.4
Beverages,Soft Drinks,Salem,Central,1868,0.18,616.44
Snacks,Cookies,Bodi,West,1017,0.25,345.78
Snacks,Cookies,Dharmapuri,South,2311,0.2,1039.95
Bakery,Biscuits,Krishnagiri,Central,1663,0.17,731.72
"Eggs, Meat & Fish",Eggs,Madurai,Central,1420,0.19,355
Fruits & Veggies,Organic Vegetables,Nagercoil,Central,1415,0.31,509.4
Snacks,Noodles,Chennai,East,1488,0.3,610.08
Snacks,Noodles,Pudukottai,East,726,0.18,43.56
Bakery,Cakes,Ooty,Central,1259,0.15,415.47
Beverages,Soft Drinks,Salem,Central,902,0.29,153.34
Beverages,Soft Drinks,Salem,Central,2306,0.3,553.44
Bakery,Cakes,Theni,Central,1417,0.19,99.19
Fruits & Veggies,Fresh Vegetables,Madurai,East,627,0.33,181.83
Fruits & Veggies,Organic Fruits,Nagercoil,East,760,0.28,60.8
Food Grains,Atta & Flour,Salem,East,2350,0.15,611
"Eggs, Meat & Fish",Fish,Krishnagiri,East,1179,0.34,271.17
Food Grains,Dals & Pulses,Trichy,East,1624,0.35,194.88
"Eggs, Meat & Fish",Mutton,Trichy,East,1316,0.35,421.12
Beverages,Health Drinks,Coimbatore,East,2121,0.12,678.72
Oil & Masala,Masalas,Virudhunagar,East,1428,0.28,271.32
Snacks,Noodles,Perambalur,East,706,0.33,289.46
"Eggs, Meat & Fish",Fish,Dharmapuri,West,921,0.25,184.2
Fruits & Veggies,Fresh Fruits,Trichy,West,1741,0.31,661.58
"Eggs, Meat & Fish",Eggs,Madurai,West,607,0.22,200.31
"Eggs, Meat & Fish",Mutton,Tirunelveli,West,1824,0.25,766.08
Food Grains,Atta & Flour,Madurai,Central,1368,0.11,383.04
Fruits & Veggies,Fresh Vegetables,Pudukottai,West,1160,0.16,510.4
Food Grains,Atta & Flour,Viluppuram,West,1294,0.23,77.64
Oil & Masala,Masalas,Ooty,South,1232,0.14,554.4
"Eggs, Meat & Fish",Mutton,Kanyakumari,East,994,0.31,357.84
Snacks,Noodles,Kanyakumari,Central,2468,0.18,1011.88
Snacks,Cookies,Theni,South,721,0.27,100.94
Fruits & Veggies,Organic Vegetables,Vellore,South,2375,0.21,475
Beverages,Soft Drinks,Vellore,South,1965,0.13,117.9
Beverages,Soft Drinks,Bodi,Central,1489,0.12,193.57
Fruits & Veggies,Organic Fruits,Ooty,Central,1250,0.27,75
Snacks,Noodles,Coimbatore,Central,1358,0.31,488.88
Snacks,Cookies,Vellore,Central,719,0.2,64.71
Fruits & Veggies,Organic Fruits,Chennai,South,2303,0.26,621.81
Beverages,Health Drinks,Kanyakumari,South,2027,0.34,912.15
Food Grains,Atta & Flour,Bodi,West,1739,0.29,765.16
Oil & Masala,Spices,Cumbum,West,990,0.26,227.7
Beverages,Soft Drinks,Dharmapuri,South,2354,0.11,682.66
Fruits & Veggies,Organic Fruits,Bodi,Central,1044,0.1,344.52
Oil & Masala,Spices,Dindigul,South,2129,0.25,659.99
Food Grains,Rice,Theni,Central,1759,0.1,615.65
"Eggs, Meat & Fish",Eggs,Viluppuram,Central,1663,0.26,665.2
Bakery,Breads & Buns,Perambalur,Central,2111,0.21,189.99
Food Grains,Dals & Pulses,Madurai,West,1878,0.12,450.72
"Eggs, Meat & Fish",Chicken,Ooty,West,769,0.34,46.14
Beverages,Health Drinks,Virudhunagar,West,1241,0.14,409.53
Food Grains,Atta & Flour,Madurai,Central,2128,0.14,383.04
Fruits & Veggies,Fresh Fruits,Namakkal,Central,2257,0.33,270.84
Snacks,Chocolates,Bodi,Central,1285,0.28,218.45
"Eggs, Meat & Fish",Fish,Virudhunagar,West,1230,0.13,442.8
Food Grains,Atta & Flour,Ooty,East,1856,0.21,723.84
Fruits & Veggies,Fresh Fruits,Trichy,West,545,0.31,125.35
Snacks,Chocolates,Dharmapuri,Central,2301,0.28,391.17
Oil & Masala,Spices,Chennai,Central,1475,0.26,531
Bakery,Cakes,Coimbatore,Central,2118,0.35,910.74
Beverages,Soft Drinks,Coimbatore,Central,1527,0.17,671.88
Snacks,Chocolates,Nagercoil,Central,567,0.18,175.77
Fruits & Veggies,Fresh Fruits,Ramanadhapuram,West,969,0.27,184.11
Food Grains,Dals & Pulses,Karur,West,2300,0.14,1035
Oil & Masala,Masalas,Kanyakumari,West,1575,0.33,78.75
Beverages,Health Drinks,Cumbum,South,540,0.12,108
Snacks,Cookies,Tirunelveli,South,536,0.34,176.88
"Eggs, Meat & Fish",Eggs,Tirunelveli,South,556,0.21,155.68
Fruits & Veggies,Fresh Fruits,Coimbatore,Central,1179,0.16,271.17
Food Grains,Dals & Pulses,Namakkal,East,1487,0.12,505.58
Bakery,Breads & Buns,Pudukottai,Central,2220,0.1,111
Oil & Masala,Edible Oil & Ghee,Dindigul,Central,2155,0.3,581.85
Fruits & Veggies,Fresh Vegetables,Krishnagiri,East,1154,0.1,69.24
Snacks,Noodles,Salem,East,2420,0.11,242
Snacks,Chocolates,Karur,East,1305,0.24,287.1
Fruits & Veggies,Organic Fruits,Bodi,East,927,0.2,157.59
Fruits & Veggies,Organic Vegetables,Viluppuram,West,983,0.11,186.77
Food Grains,Rice,Chennai,South,903,0.1,90.3
"Eggs, Meat & Fish",Chicken,Cumbum,East,1235,0.12,74.1
Fruits & Veggies,Organic Vegetables,Tirunelveli,East,1243,0.24,174.02
Bakery,Cakes,Krishnagiri,East,649,0.34,201.19
"Eggs, Meat & Fish",Mutton,Tenkasi,East,2354,0.11,188.32
Beverages,Soft Drinks,Cumbum,East,1443,0.27,187.59
Bakery,Breads & Buns,Madurai,Central,975,0.26,390
Fruits & Veggies,Organic Vegetables,Virudhunagar,Central,889,0.19,71.12
"Eggs, Meat & Fish",Mutton,Karur,West,2352,0.17,870.24
Oil & Masala,Spices,Tirunelveli,West,1293,0.23,336.18
Food Grains,Rice,Bodi,West,1458,0.29,597.78
Food Grains,Atta & Flour,Coimbatore,West,1801,0.22,126.07
Snacks,Chocolates,Tenkasi,East,1261,0.29,416.13
Beverages,Soft Drinks,Nagercoil,East,2112,0.28,105.6
"Eggs, Meat & Fish",Fish,Ramanadhapuram,East,640,0.24,140.8
Bakery,Cakes,Tenkasi,West,1658,0.12,315.02
Beverages,Health Drinks,Ramanadhapuram,West,2373,0.18,664.44
Fruits & Veggies,Organic Fruits,Cumbum,West,1430,0.19,514.8
Oil & Masala,Spices,Viluppuram,West,1873,0.3,674.28
"Eggs, Meat & Fish",Eggs,Theni,West,867,0.14,329.46
Snacks,Noodles,Theni,West,1101,0.19,484.44
"Eggs, Meat & Fish",Mutton,Ooty,West,1088,0.28,424.32
Bakery,Biscuits,Perambalur,East,866,0.32,381.04
Oil & Masala,Masalas,Tirunelveli,West,2483,0.14,223.47
Food Grains,Atta & Flour,Kanyakumari,West,1335,0.11,293.7
"Eggs, Meat & Fish",Fish,Tenkasi,West,765,0.24,252.45
"Eggs, Meat & Fish",Mutton,Tenkasi,Central,2403,0.2,624.78
Oil & Masala,Edible Oil & Ghee,Coimbatore,West,1551,0.13,573.87
Food Grains,Organic Staples,Theni,East,1564,0.27,187.68
Fruits & Veggies,Fresh Vegetables,Tirunelveli,Central,1125,0.33,292.5
Beverages,Health Drinks,Tenkasi,Central,768,0.1,184.32
"Eggs, Meat & Fish",Fish,Vellore,Central,1985,0.26,734.45
Food Grains,Rice,Bodi,Central,2287,0.13,1029.15
Snacks,Chocolates,Pudukottai,West,1016,0.34,335.28
Snacks,Cookies,Namakkal,West,852,0.26,76.68
Food Grains,Organic Staples,Ramanadhapuram,West,1233,0.28,234.27
Snacks,Noodles,Pudukottai,West,2236,0.14,626.08
Fruits & Veggies,Fresh Vegetables,Viluppuram,West,2188,0.32,809.56
Snacks,Cookies,Coimbatore,West,1114,0.2,456.74
Oil & Masala,Edible Oil & Ghee,Salem,West,1774,0.15,620.9
Beverages,Soft Drinks,Karur,Central,2364,0.21,1040.16
Food Grains,Dals & Pulses,Madurai,Central,1487,0.11,148.7
Beverages,Soft Drinks,Ooty,West,713,0.3,192.51
"Eggs, Meat & Fish",Fish,Kanyakumari,East,737,0.2,280.06
Snacks,Chocolates,Trichy,West,1004,0.26,341.36
Snacks,Cookies,Theni,West,1516,0.32,121.28
Food Grains,Atta & Flour,Ramanadhapuram,Central,1442,0.28,605.64
Beverages,Health Drinks,Madurai,Central,1690,0.33,422.5
Snacks,Chocolates,Bodi,Central,2021,0.13,343.57
"Eggs, Meat & Fish",Mutton,Ooty,Central,2340,0.25,491.4
Oil & Masala,Spices,Viluppuram,Central,705,0.15,176.25
"Eggs, Meat & Fish",Chicken,Trichy,Central,1215,0.2,60.75
Food Grains,Dals & Pulses,Krishnagiri,Central,552,0.25,237.36
Beverages,Health Drinks,Tirunelveli,West,1412,0.11,564.8
Food Grains,Dals & Pulses,Tirunelveli,West,791,0.32,150.29
Fruits & Veggies,Organic Vegetables,Viluppuram,West,2476,0.33,420.92
Fruits & Veggies,Fresh Vegetables,Karur,Central,1747,0.27,471.69
Fruits & Veggies,Organic Fruits,Pudukottai,Central,1973,0.15,848.39
Oil & Masala,Spices,Krishnagiri,Central,2025,0.24,546.75
Snacks,Noodles,Vellore,East,1016,0.29,223.52
Fruits & Veggies,Organic Fruits,Trichy,East,689,0.3,55.12
Food Grains,Atta & Flour,Karur,East,1322,0.16,343.72
Snacks,Cookies,Bodi,Central,1605,0.25,433.35
Beverages,Health Drinks,Namakkal,Central,1718,0.2,171.8
Oil & Masala,Edible Oil & Ghee,Madurai,South,2177,0.35,783.72
Food Grains,Organic Staples,Cumbum,South,578,0.19,236.98
Food Grains,Dals & Pulses,Dindigul,South,782,0.28,195.5
Snacks,Noodles,Chennai,East,1388,0.35,97.16
Bakery,Cakes,Cumbum,West,2264,0.21,792.4
Beverages,Soft Drinks,Pudukottai,Central,813,0.16,138.21
Fruits & Veggies,Organic Fruits,Madurai,Central,2015,0.24,564.2
Beverages,Soft Drinks,Vellore,East,1433,0.3,472.89
Fruits & Veggies,Organic Fruits,Chennai,East,2093,0.11,334.88
Fruits & Veggies,Fresh Vegetables,Chennai,East,2149,0.17,623.21
Beverages,Health Drinks,Dharmapuri,East,1972,0.32,414.12
Oil & Masala,Masalas,Dharmapuri,East,2060,0.25,432.6
"Eggs, Meat & Fish",Eggs,Tirunelveli,West,1175,0.12,340.75
Oil & Masala,Edible Oil & Ghee,Theni,East,1006,0.25,191.14
Bakery,Breads & Buns,Karur,East,1409,0.16,380.43
Food Grains,Organic Staples,Pudukottai,East,914,0.34,338.18
"Eggs, Meat & Fish",Mutton,Tirunelveli,East,1352,0.3,527.28
"Eggs, Meat & Fish",Eggs,Trichy,East,682,0.25,170.5
Food Grains,Organic Staples,Tirunelveli,East,1738,0.22,243.32
Bakery,Cakes,Salem,West,2421,0.25,484.2
Food Grains,Organic Staples,Ramanadhapuram,West,2245,0.24,404.1
Oil & Masala,Masalas,Vellore,Central,896,0.12,295.68
Oil & Masala,Spices,Virudhunagar,South,1033,0.3,185.94
"Eggs, Meat & Fish",Mutton,Madurai,West,1998,0.29,139.86
"Eggs, Meat & Fish",Chicken,Perambalur,Central,1469,0.15,646.36
"Eggs, Meat & Fish",Eggs,Ramanadhapuram,Central,1899,0.25,360.81
"Eggs, Meat & Fish",Mutton,Pudukottai,Central,2194,0.2,153.58
Beverages,Soft Drinks,Vellore,Central,1942,0.29,504.92
Fruits & Veggies,Organic Vegetables,Kanyakumari,Central,609,0.3,207.06
"Eggs, Meat & Fish",Chicken,Trichy,Central,2353,0.26,423.54
Beverages,Soft Drinks,Salem,East,1591,0.15,270.47
Food Grains,Rice,Krishnagiri,East,1353,0.11,527.67
Beverages,Health Drinks,Namakkal,East,1020,0.21,81.6
Snacks,Noodles,Ramanadhapuram,East,1362,0.31,177.06
Food Grains,Rice,Krishnagiri,East,1733,0.31,433.25
Oil & Masala,Masalas,Tirunelveli,West,1949,0.17,97.45
Fruits & Veggies,Organic Fruits,Virudhunagar,West,2368,0.34,876.16
Fruits & Veggies,Fresh Vegetables,Pudukottai,East,2110,0.25,485.3
Food Grains,Dals & Pulses,Madurai,East,1940,0.2,795.4
"Eggs, Meat & Fish",Fish,Vellore,East,1557,0.2,638.37
"Eggs, Meat & Fish",Fish,Madurai,East,1443,0.19,274.17
Beverages,Soft Drinks,Perambalur,East,2024,0.11,910.8
"Eggs, Meat & Fish",Chicken,Viluppuram,East,2168,0.16,563.68
"Eggs, Meat & Fish",Chicken,Tirunelveli,Central,621,0.24,173.88
Food Grains,Organic Staples,Madurai,Central,1230,0.17,295.2
Snacks,Cookies,Salem,Central,560,0.34,240.8
Oil & Masala,Edible Oil & Ghee,Tenkasi,South,1286,0.22,282.92
Beverages,Health Drinks,Tenkasi,South,1242,0.34,149.04
Bakery,Breads & Buns,Krishnagiri,South,717,0.21,43.02
Beverages,Soft Drinks,Namakkal,South,1480,0.22,444
Food Grains,Dals & Pulses,Salem,South,826,0.18,247.8
Snacks,Cookies,Ooty,South,1846,0.22,276.9
Beverages,Soft Drinks,Viluppuram,South,2045,0.12,552.15
Fruits & Veggies,Organic Fruits,Nagercoil,South,1983,0.17,773.37
Bakery,Cakes,Bodi,West,650,0.16,247
Bakery,Breads & Buns,Ramanadhapuram,Central,2163,0.31,216.3
Fruits & Veggies,Organic Vegetables,Bodi,Central,1481,0.15,518.35
Snacks,Cookies,Trichy,Central,2492,0.14,124.6
Bakery,Cakes,Nagercoil,Central,962,0.33,423.28
Beverages,Health Drinks,Coimbatore,Central,1432,0.3,214.8
Oil & Masala,Edible Oil & Ghee,Virudhunagar,Central,523,0.12,78.45
Oil & Masala,Masalas,Chennai,Central,1540,0.11,646.8
Bakery,Biscuits,Coimbatore,Central,817,0.15,326.8
"Eggs, Meat & Fish",Fish,Kanyakumari,Central,2462,0.31,369.3
Fruits & Veggies,Organic Fruits,Perambalur,Central,962,0.21,288.6
Beverages,Health Drinks,Cumbum,Central,538,0.19,59.18
Snacks,Cookies,Ooty,Central,1556,0.17,482.36
Beverages,Health Drinks,Vellore,West,2133,0.26,959.85
Beverages,Health Drinks,Tirunelveli,West,1474,0.14,235.84
Beverages,Health Drinks,Dindigul,West,531,0.14,127.44
Food Grains,Rice,Pudukottai,East,1769,0.19,636.84
Fruits & Veggies,Organic Vegetables,Pudukottai,East,1257,0.34,62.85
Food Grains,Rice,Ramanadhapuram,Central,1899,0.27,170.91
Fruits & Veggies,Fresh Fruits,Tirunelveli,Central,1929,0.3,617.28
Beverages,Soft Drinks,Ooty,Central,2417,0.1,990.97
"Eggs, Meat & Fish",Mutton,Chennai,Central,1443,0.25,476.19
Beverages,Soft Drinks,Dharmapuri,East,660,0.29,290.4
Bakery,Breads & Buns,Salem,East,2114,0.32,359.38
Oil & Masala,Masalas,Tenkasi,East,1278,0.14,63.9
Food Grains,Organic Staples,Krishnagiri,Central,867,0.18,216.75
Food Grains,Organic Staples,Kanyakumari,Central,943,0.33,150.88
Beverages,Soft Drinks,Theni,Central,1836,0.17,275.4
"Eggs, Meat & Fish",Fish,Cumbum,Central,1200,0.19,420
Fruits & Veggies,Organic Vegetables,Tirunelveli,West,1167,0.18,256.74
"Eggs, Meat & Fish",Chicken,Perambalur,South,696,0.34,139.2
Oil & Masala,Masalas,Virudhunagar,East,2500,0.33,425
Bakery,Cakes,Dharmapuri,East,1507,0.16,180.84
Beverages,Soft Drinks,Namakkal,East,1612,0.11,612.56
Snacks,Noodles,Theni,West,764,0.11,160.44
Snacks,Noodles,Tenkasi,West,884,0.31,282.88
Fruits & Veggies,Organic Fruits,Viluppuram,West,2443,0.23,781.76
Bakery,Cakes,Vellore,West,1147,0.27,137.64
Fruits & Veggies,Organic Vegetables,Coimbatore,West,1899,0.21,493.74
Bakery,Cakes,Pudukottai,West,744,0.11,66.96
"Eggs, Meat & Fish",Fish,Ramanadhapuram,East,812,0.17,284.2
Oil & Masala,Masalas,Virudhunagar,East,862,0.2,137.92
Snacks,Chocolates,Virudhunagar,East,1061,0.13,286.47
Fruits & Veggies,Fresh Vegetables,Pudukottai,East,2365,0.31,520.3
Snacks,Chocolates,Karur,Central,1421,0.14,454.72
Fruits & Veggies,Organic Vegetables,Perambalur,Central,1357,0.24,203.55
Beverages,Soft Drinks,Chennai,West,1007,0.24,433.01
Bakery,Biscuits,Kanyakumari,West,1544,0.26,138.96
Fruits & Veggies,Organic Vegetables,Salem,West,1537,0.18,599.43
Bakery,Breads & Buns,Ooty,West,1530,0.18,168.3
Oil & Masala,Spices,Tirunelveli,South,2460,0.15,738
Snacks,Noodles,Cumbum,South,976,0.35,429.44
Fruits & Veggies,Organic Fruits,Coimbatore,South,1106,0.19,298.62
Bakery,Biscuits,Tirunelveli,East,1165,0.17,244.65
Food Grains,Rice,Chennai,East,1244,0.14,497.6
Fruits & Veggies,Organic Fruits,Madurai,East,1992,0.34,418.32
"Eggs, Meat & Fish",Eggs,Ooty,East,1396,0.16,237.32
Snacks,Chocolates,Ramanadhapuram,West,849,0.19,263.19
Oil & Masala,Masalas,Dharmapuri,West,2488,0.14,547.36
Food Grains,Rice,Dharmapuri,West,840,0.25,184.8
Oil & Masala,Edible Oil & Ghee,Krishnagiri,West,1820,0.21,527.8
Oil & Masala,Masalas,Bodi,West,1969,0.15,630.08
Food Grains,Organic Staples,Virudhunagar,East,2261,0.23,994.84
"Eggs, Meat & Fish",Mutton,Namakkal,East,1793,0.21,304.81
Bakery,Breads & Buns,Ooty,East,644,0.33,96.6
Oil & Masala,Edible Oil & Ghee,Viluppuram,East,1359,0.17,421.29
Bakery,Breads & Buns,Dharmapuri,East,1554,0.23,683.76
Snacks,Cookies,Tenkasi,Central,2090,0.25,292.6
Oil & Masala,Edible Oil & Ghee,Kanyakumari,East,931,0.14,297.92
Bakery,Breads & Buns,Salem,Central,1157,0.2,404.95
Fruits & Veggies,Fresh Fruits,Ooty,East,2396,0.35,383.36
Oil & Masala,Spices,Pudukottai,East,1677,0.18,586.95
Snacks,Cookies,Tenkasi,South,590,0.27,200.6
Snacks,Noodles,Namakkal,West,1401,0.26,196.14
Oil & Masala,Edible Oil & Ghee,Viluppuram,West,678,0.29,189.84
Snacks,Chocolates,Vellore,West,2417,0.28,797.61
Beverages,Soft Drinks,Theni,West,2211,0.18,641.19
Fruits & Veggies,Fresh Fruits,Perambalur,East,2392,0.15,406.64
"Eggs, Meat & Fish",Mutton,Krishnagiri,South,1835,0.29,660.6
Snacks,Noodles,Chennai,South,2281,0.22,775.54
Fruits & Veggies,Fresh Vegetables,Cumbum,East,1583,0.21,174.13
Bakery,Cakes,Vellore,East,1123,0.23,89.84
Snacks,Cookies,Viluppuram,East,1079,0.24,410.02
Food Grains,Organic Staples,Krishnagiri,East,1027,0.16,328.64
Fruits & Veggies,Fresh Vegetables,Dharmapuri,East,1771,0.28,602.14
Oil & Masala,Spices,Karur,East,1171,0.16,363.01
Bakery,Cakes,Pudukottai,West,672,0.16,141.12
Beverages,Health Drinks,Dindigul,West,848,0.21,228.96
Fruits & Veggies,Fresh Vegetables,Pudukottai,West,2078,0.21,914.32
Food Grains,Rice,Krishnagiri,South,1400,0.17,406
Fruits & Veggies,Fresh Vegetables,Cumbum,East,945,0.22,226.8
Beverages,Health Drinks,Vellore,East,590,0.22,82.6
Beverages,Health Drinks,Dharmapuri,East,1583,0.3,316.6
Beverages,Health Drinks,Pudukottai,East,1534,0.15,245.44
Snacks,Noodles,Karur,East,2133,0.12,490.59
Fruits & Veggies,Organic Fruits,Trichy,East,2021,0.19,747.77
Beverages,Health Drinks,Salem,East,1825,0.17,164.25
Bakery,Breads & Buns,Nagercoil,East,2029,0.35,608.7
Oil & Masala,Spices,Perambalur,West,1228,0.25,442.08
Food Grains,Rice,Perambalur,West,1501,0.24,210.14
Fruits & Veggies,Organic Vegetables,Nagercoil,West,1094,0.26,415.72
Bakery,Cakes,Dharmapuri,West,1179,0.2,106.11
Food Grains,Atta & Flour,Viluppuram,West,1127,0.29,416.99
Bakery,Biscuits,Namakkal,West,601,0.26,234.39
Oil & Masala,Edible Oil & Ghee,Chennai,East,1697,0.21,560.01
Beverages,Soft Drinks,Ooty,East,2095,0.35,502.8
"Eggs, Meat & Fish",Chicken,Salem,East,1132,0.24,215.08
Fruits & Veggies,Organic Vegetables,Nagercoil,East,1561,0.35,640.01
"Eggs, Meat & Fish",Chicken,Coimbatore,Central,1238,0.1,297.12
Bakery,Breads & Buns,Tenkasi,West,2068,0.32,165.44
Fruits & Veggies,Organic Vegetables,Pudukottai,East,1113,0.21,356.16
Food Grains,Rice,Theni,East,1966,0.1,629.12
"Eggs, Meat & Fish",Chicken,Madurai,East,2138,0.13,684.16
Food Grains,Atta & Flour,Bodi,East,978,0.17,68.46
Fruits & Veggies,Fresh Vegetables,Karur,East,2014,0.26,684.76
Bakery,Breads & Buns,Viluppuram,East,645,0.21,187.05
Food Grains,Rice,Karur,East,2194,0.12,680.14
Beverages,Health Drinks,Ooty,East,1244,0.17,62.2
Bakery,Biscuits,Kanyakumari,East,743,0.35,289.77
Fruits & Veggies,Fresh Vegetables,Ramanadhapuram,East,2474,0.21,593.76
Snacks,Cookies,Trichy,East,1494,0.2,74.7
Oil & Masala,Spices,Coimbatore,East,1174,0.19,328.72
Fruits & Veggies,Organic Vegetables,Virudhunagar,South,1062,0.35,435.42
Fruits & Veggies,Organic Vegetables,Pudukottai,South,2297,0.13,528.31
Snacks,Noodles,Namakkal,South,562,0.13,56.2
"Eggs, Meat & Fish",Eggs,Perambalur,East,2049,0.13,655.68
"Eggs, Meat & Fish",Eggs,Kanyakumari,East,570,0.22,125.4
"Eggs, Meat & Fish",Mutton,Karur,East,1236,0.35,333.72
Beverages,Health Drinks,Bodi,East,1069,0.32,459.67
Bakery,Cakes,Namakkal,West,1946,0.27,622.72
Snacks,Noodles,Dindigul,East,595,0.11,196.35
"Eggs, Meat & Fish",Mutton,Ramanadhapuram,East,2439,0.21,658.53
Bakery,Biscuits,Karur,East,2415,0.24,555.45
Oil & Masala,Spices,Tirunelveli,East,1725,0.27,362.25
Fruits & Veggies,Fresh Vegetables,Tenkasi,Central,688,0.21,116.96
Food Grains,Rice,Karur,Central,1698,0.16,339.6
Bakery,Breads & Buns,Pudukottai,West,1665,0.33,216.45
Beverages,Health Drinks,Ooty,West,1309,0.13,78.54
Oil & Masala,Spices,Vellore,West,905,0.32,72.4
"Eggs, Meat & Fish",Mutton,Theni,West,2271,0.35,295.23
Snacks,Chocolates,Pudukottai,Central,2091,0.27,522.75
Food Grains,Atta & Flour,Salem,East,1917,0.28,172.53
Food Grains,Rice,Cumbum,Central,641,0.17,179.48
Oil & Masala,Spices,Salem,Central,1192,0.26,417.2
Food Grains,Rice,Ooty,Central,1132,0.21,464.12
Oil & Masala,Masalas,Namakkal,West,1727,0.27,224.51
"Eggs, Meat & Fish",Mutton,Pudukottai,West,1051,0.34,378.36
Beverages,Health Drinks,Trichy,Central,2109,0.19,337.44
"Eggs, Meat & Fish",Mutton,Virudhunagar,South,1311,0.14,314.64
Fruits & Veggies,Organic Fruits,Ooty,South,759,0.1,265.65
Bakery,Biscuits,Virudhunagar,East,2201,0.21,462.21
Snacks,Cookies,Pudukottai,East,1964,0.22,314.24
Snacks,Chocolates,Chennai,East,1898,0.19,702.26
Bakery,Biscuits,Coimbatore,East,2282,0.19,114.1
Bakery,Breads & Buns,Karur,East,2294,0.18,596.44
Oil & Masala,Spices,Coimbatore,West,2213,0.34,995.85
Food Grains,Atta & Flour,Dharmapuri,West,1797,0.3,269.55
Oil & Masala,Edible Oil & Ghee,Pudukottai,Central,1912,0.29,382.4
Food Grains,Rice,Bodi,West,1865,0.11,354.35
Bakery,Cakes,Kanyakumari,East,1838,0.24,753.58
Beverages,Soft Drinks,Karur,East,1626,0.23,195.12
Snacks,Noodles,Kanyakumari,Central,647,0.33,71.17
Bakery,Breads & Buns,Trichy,Central,1042,0.2,177.14
Beverages,Health Drinks,Virudhunagar,Central,1519,0.23,318.99
Beverages,Health Drinks,Perambalur,Central,532,0.26,148.96
"Eggs, Meat & Fish",Chicken,Ooty,Central,1477,0.23,73.85
Bakery,Cakes,Tenkasi,South,707,0.14,98.98
Snacks,Cookies,Cumbum,South,1748,0.24,314.64
Oil & Masala,Masalas,Virudhunagar,East,2257,0.15,361.12
Food Grains,Atta & Flour,Perambalur,West,762,0.31,198.12
Food Grains,Rice,Tenkasi,West,904,0.17,63.28
Fruits & Veggies,Fresh Fruits,Krishnagiri,West,958,0.18,182.02
Beverages,Soft Drinks,Trichy,West,2193,0.33,899.13
"Eggs, Meat & Fish",Eggs,Krishnagiri,West,830,0.14,66.4
Bakery,Cakes,Nagercoil,West,1531,0.28,505.23
Snacks,Cookies,Coimbatore,West,2355,0.14,753.6
Oil & Masala,Edible Oil & Ghee,Perambalur,West,917,0.19,256.76
Bakery,Breads & Buns,Dharmapuri,West,1433,0.25,458.56
"Eggs, Meat & Fish",Fish,Namakkal,West,2246,0.31,965.78
Food Grains,Dals & Pulses,Salem,West,2130,0.23,937.2
Snacks,Cookies,Dindigul,West,2461,0.18,393.76
Beverages,Soft Drinks,Cumbum,West,1863,0.1,167.67
Food Grains,Dals & Pulses,Karur,South,1382,0.1,290.22
Beverages,Health Drinks,Tirunelveli,West,807,0.32,88.77
"Eggs, Meat & Fish",Fish,Virudhunagar,West,1272,0.24,305.28
Fruits & Veggies,Organic Fruits,Perambalur,West,1621,0.15,470.09
Bakery,Breads & Buns,Namakkal,East,1356,0.27,501.72
Food Grains,Organic Staples,Vellore,East,684,0.21,54.72
Bakery,Cakes,Karur,South,540,0.27,162
Beverages,Soft Drinks,Viluppuram,Central,1256,0.21,113.04
Beverages,Health Drinks,Tenkasi,Central,581,0.2,214.97
Snacks,Noodles,Coimbatore,East,707,0.1,226.24
Fruits & Veggies,Organic Vegetables,Nagercoil,Central,913,0.19,374.33
Food Grains,Rice,Ooty,South,507,0.33,96.33
Fruits & Veggies,Fresh Fruits,Krishnagiri,South,1367,0.29,355.42
Food Grains,Organic Staples,Coimbatore,South,833,0.28,233.24
Beverages,Soft Drinks,Madurai,South,1987,0.34,258.31
Bakery,Breads & Buns,Madurai,East,1152,0.11,264.96
Snacks,Noodles,Chennai,South,1362,0.12,517.56
Snacks,Cookies,Kanyakumari,South,942,0.15,122.46
"Eggs, Meat & Fish",Eggs,Dharmapuri,Central,2200,0.1,792
Snacks,Noodles,Tenkasi,Central,861,0.25,258.3
Oil & Masala,Masalas,Salem,Central,1648,0.33,444.96
Fruits & Veggies,Organic Fruits,Perambalur,East,1805,0.23,216.6
Fruits & Veggies,Fresh Vegetables,Coimbatore,Central,620,0.3,74.4
Snacks,Noodles,Ooty,Central,1216,0.27,547.2
"Eggs, Meat & Fish",Fish,Dindigul,Central,686,0.3,34.3
Food Grains,Dals & Pulses,Karur,Central,1648,0.23,313.12
Food Grains,Dals & Pulses,Salem,Central,506,0.23,217.58
Snacks,Chocolates,Tirunelveli,Central,1579,0.21,347.38
Snacks,Chocolates,Chennai,Central,550,0.29,231
Beverages,Soft Drinks,Namakkal,East,2020,0.22,848.4
Bakery,Cakes,Pudukottai,East,695,0.24,104.25
Food Grains,Dals & Pulses,Dharmapuri,East,2453,0.35,367.95
Oil & Masala,Masalas,Pudukottai,East,1820,0.23,637
"Eggs, Meat & Fish",Mutton,Virudhunagar,East,508,0.28,152.4
Oil & Masala,Edible Oil & Ghee,Virudhunagar,East,2459,0.23,860.65
Oil & Masala,Masalas,Ramanadhapuram,East,850,0.11,93.5
Bakery,Biscuits,Coimbatore,East,2417,0.2,821.78
Snacks,Noodles,Ooty,Central,795,0.3,206.7
Food Grains,Dals & Pulses,Tirunelveli,West,2142,0.26,664.02
Food Grains,Dals & Pulses,Perambalur,Central,1542,0.2,647.64
"Eggs, Meat & Fish",Chicken,Dindigul,Central,2411,0.3,699.19
Food Grains,Atta & Flour,Viluppuram,West,1213,0.28,206.21
Food Grains,Atta & Flour,Namakkal,West,507,0.1,101.4
"Eggs, Meat & Fish",Eggs,Perambalur,West,618,0.28,216.3
Beverages,Health Drinks,Vellore,West,1199,0.33,167.86
Food Grains,Organic Staples,Viluppuram,West,2200,0.23,484
Fruits & Veggies,Fresh Vegetables,Pudukottai,West,1238,0.27,519.96
Beverages,Soft Drinks,Bodi,West,1962,0.22,412.02
Snacks,Chocolates,Pudukottai,West,580,0.26,139.2
Oil & Masala,Edible Oil & Ghee,Nagercoil,Central,2412,0.21,168.84
Bakery,Biscuits,Viluppuram,Central,1224,0.16,208.08
Fruits & Veggies,Organic Fruits,Salem,Central,1356,0.31,216.96
Beverages,Soft Drinks,Karur,East,502,0.25,80.32
Bakery,Breads & Buns,Perambalur,West,2271,0.23,658.59
"Eggs, Meat & Fish",Chicken,Chennai,West,1977,0.33,514.02
Beverages,Soft Drinks,Perambalur,West,1388,0.34,208.2
"Eggs, Meat & Fish",Fish,Namakkal,West,2115,0.19,359.55
Oil & Masala,Masalas,Krishnagiri,West,1976,0.18,790.4
Bakery,Breads & Buns,Perambalur,West,1323,0.22,251.37
Food Grains,Organic Staples,Perambalur,West,639,0.25,255.6
Food Grains,Atta & Flour,Perambalur,East,1544,0.14,633.04
Fruits & Veggies,Organic Fruits,Nagercoil,East,1223,0.12,146.76
Snacks,Chocolates,Krishnagiri,East,1224,0.22,403.92
Bakery,Cakes,Karur,West,2157,0.25,949.08
Bakery,Cakes,Dharmapuri,East,673,0.1,195.17
Food Grains,Atta & Flour,Virudhunagar,East,2092,0.23,188.28
Snacks,Cookies,Tenkasi,West,1892,0.19,491.92
Snacks,Cookies,Coimbatore,West,1943,0.14,777.2
Fruits & Veggies,Organic Fruits,Coimbatore,West,1968,0.14,649.44
"Eggs, Meat & Fish",Mutton,Namakkal,Central,1596,0.26,478.8
Snacks,Cookies,Ramanadhapuram,Central,1637,0.3,572.95
Snacks,Chocolates,Ramanadhapuram,Central,2232,0.1,870.48
Bakery,Cakes,Tirunelveli,Central,1917,0.22,843.48
Beverages,Soft Drinks,Tenkasi,East,531,0.22,74.34
Fruits & Veggies,Fresh Fruits,Ooty,East,1283,0.24,526.03
Beverages,Soft Drinks,Cumbum,West,937,0.33,327.95
Beverages,Health Drinks,Pudukottai,South,1373,0.17,247.14
Beverages,Soft Drinks,Krishnagiri,South,1598,0.33,415.48
Food Grains,Atta & Flour,Karur,West,1398,0.26,545.22
Beverages,Health Drinks,Cumbum,West,1070,0.24,53.5
Fruits & Veggies,Organic Vegetables,Virudhunagar,West,1948,0.25,818.16
"Eggs, Meat & Fish",Mutton,Kanyakumari,West,702,0.28,161.46
Beverages,Soft Drinks,Nagercoil,West,1953,0.23,722.61
"Eggs, Meat & Fish",Fish,Ramanadhapuram,West,548,0.15,115.08
Snacks,Cookies,Bodi,West,1952,0.17,624.64
Food Grains,Dals & Pulses,Pudukottai,West,1836,0.24,716.04
Bakery,Breads & Buns,Perambalur,West,2292,0.16,114.6
Beverages,Health Drinks,Madurai,East,2112,0.18,380.16
Food Grains,Rice,Karur,South,2354,0.18,870.98
Snacks,Chocolates,Perambalur,South,2061,0.31,865.62
Snacks,Noodles,Karur,South,1791,0.31,519.39
Oil & Masala,Edible Oil & Ghee,Coimbatore,South,2009,0.31,904.05
Fruits & Veggies,Organic Fruits,Tenkasi,Central,1850,0.29,777
Bakery,Breads & Buns,Ramanadhapuram,Central,898,0.33,80.82
Bakery,Breads & Buns,Nagercoil,East,1070,0.28,310.3
Oil & Masala,Masalas,Ramanadhapuram,West,606,0.29,121.2
Beverages,Health Drinks,Ooty,West,2352,0.27,564.48
"Eggs, Meat & Fish",Eggs,Bodi,West,1381,0.24,151.91
"Eggs, Meat & Fish",Eggs,Chennai,West,1170,0.17,257.4
Snacks,Noodles,Tenkasi,West,1815,0.12,272.25
"Eggs, Meat & Fish",Eggs,Coimbatore,West,595,0.21,89.25
Bakery,Breads & Buns,Salem,Central,640,0.27,256
"Eggs, Meat & Fish",Mutton,Salem,Central,1854,0.34,519.12
"Eggs, Meat & Fish",Chicken,Karur,Central,2088,0.33,689.04
Fruits & Veggies,Fresh Vegetables,Perambalur,Central,1837,0.34,734.8
Oil & Masala,Masalas,Bodi,West,737,0.29,221.1
"Eggs, Meat & Fish",Eggs,Kanyakumari,West,2447,0.29,978.8
"Eggs, Meat & Fish",Chicken,Krishnagiri,East,1102,0.22,77.14
Bakery,Cakes,Trichy,South,2236,0.27,178.88
Snacks,Noodles,Salem,South,1413,0.28,155.43
Snacks,Cookies,Karur,East,1032,0.33,237.36
Bakery,Breads & Buns,Vellore,East,1597,0.13,367.31
"Eggs, Meat & Fish",Fish,Karur,East,1537,0.31,169.07
"Eggs, Meat & Fish",Chicken,Coimbatore,West,1245,0.2,348.6
Snacks,Noodles,Ooty,West,1902,0.13,646.68
Food Grains,Organic Staples,Nagercoil,South,888,0.22,115.44
Food Grains,Dals & Pulses,Tenkasi,South,1416,0.25,396.48
Snacks,Noodles,Chennai,West,739,0.17,310.38
Beverages,Soft Drinks,Ramanadhapuram,Central,1262,0.22,302.88
Beverages,Soft Drinks,Perambalur,East,2241,0.22,493.02
Food Grains,Rice,Theni,South,2060,0.24,412
Snacks,Chocolates,Salem,South,1633,0.35,669.53
Beverages,Soft Drinks,Trichy,Central,1338,0.27,374.64
Fruits & Veggies,Organic Fruits,Dharmapuri,West,1382,0.12,179.66
Beverages,Soft Drinks,Nagercoil,East,1296,0.26,388.8
Snacks,Chocolates,Salem,Central,2289,0.16,526.47
Fruits & Veggies,Fresh Vegetables,Ooty,Central,898,0.24,44.9
"Eggs, Meat & Fish",Chicken,Bodi,Central,2017,0.14,665.61
Snacks,Chocolates,Tirunelveli,East,1404,0.3,294.84
Bakery,Cakes,Bodi,East,888,0.23,337.44
"Eggs, Meat & Fish",Fish,Cumbum,Central,659,0.28,204.29
Beverages,Soft Drinks,Ooty,Central,1167,0.3,501.81
"Eggs, Meat & Fish",Chicken,Theni,Central,1471,0.1,308.91
"Eggs, Meat & Fish",Mutton,Coimbatore,West,2481,0.26,421.77
Beverages,Soft Drinks,Tirunelveli,South,2336,0.34,607.36
Beverages,Health Drinks,Kanyakumari,Central,1696,0.21,84.8
Oil & Masala,Spices,Perambalur,West,1904,0.26,628.32
"Eggs, Meat & Fish",Eggs,Pudukottai,South,861,0.2,163.59
Fruits & Veggies,Organic Vegetables,Karur,West,1505,0.29,376.25
"Eggs, Meat & Fish",Eggs,Nagercoil,West,1791,0.19,608.94
Snacks,Noodles,Coimbatore,West,1826,0.22,91.3
"Eggs, Meat & Fish",Fish,Tirunelveli,West,768,0.25,268.8
Bakery,Breads & Buns,Perambalur,West,1551,0.21,511.83
Fruits & Veggies,Organic Fruits,Coimbatore,South,1313,0.31,525.2
Fruits & Veggies,Fresh Vegetables,Nagercoil,South,1455,0.3,494.7
Fruits & Veggies,Organic Fruits,Vellore,West,777,0.25,186.48
Beverages,Health Drinks,Virudhunagar,West,2179,0.31,326.85
Fruits & Veggies,Fresh Fruits,Namakkal,West,1527,0.16,305.4
Bakery,Biscuits,Virudhunagar,West,2207,0.33,132.42
"Eggs, Meat & Fish",Eggs,Trichy,West,1879,0.28,563.7
Oil & Masala,Edible Oil & Ghee,Theni,West,1668,0.1,283.56
Food Grains,Rice,Tirunelveli,West,727,0.23,247.18
Bakery,Cakes,Kanyakumari,East,979,0.1,430.76
Bakery,Breads & Buns,Tirunelveli,East,1362,0.18,381.36
Bakery,Biscuits,Bodi,East,1626,0.24,650.4
Fruits & Veggies,Fresh Vegetables,Bodi,East,681,0.23,286.02
"Eggs, Meat & Fish",Eggs,Madurai,West,2017,0.21,322.72
Beverages,Health Drinks,Krishnagiri,West,980,0.16,205.8
Bakery,Biscuits,Krishnagiri,West,931,0.31,418.95
Food Grains,Organic Staples,Vellore,West,1454,0.31,276.26
Fruits & Veggies,Organic Vegetables,Krishnagiri,Central,2139,0.14,192.51
Food Grains,Organic Staples,Dindigul,Central,1456,0.14,567.84
Fruits & Veggies,Organic Fruits,Dharmapuri,West,2403,0.14,480.6
Beverages,Soft Drinks,Viluppuram,West,822,0.13,98.64
Food Grains,Atta & Flour,Bodi,West,750,0.16,165
Fruits & Veggies,Fresh Fruits,Ooty,West,1483,0.29,281.77
"Eggs, Meat & Fish",Fish,Vellore,West,1072,0.3,310.88
Snacks,Cookies,Dharmapuri,West,842,0.22,176.82
Snacks,Chocolates,Ramanadhapuram,South,1479,0.29,73.95
Oil & Masala,Spices,Namakkal,South,619,0.12,229.03
Food Grains,Rice,Trichy,West,1784,0.29,428.16
Bakery,Cakes,Coimbatore,West,1586,0.31,650.26
Oil & Masala,Masalas,Tenkasi,West,1354,0.24,324.96
Fruits & Veggies,Organic Vegetables,Salem,West,1545,0.34,432.6
Food Grains,Dals & Pulses,Salem,Central,2409,0.27,867.24
Oil & Masala,Spices,Ooty,Central,1432,0.15,300.72
Snacks,Noodles,Salem,West,1443,0.25,533.91
Food Grains,Rice,Salem,West,1770,0.19,177
Beverages,Health Drinks,Vellore,West,1298,0.3,272.58
"Eggs, Meat & Fish",Eggs,Nagercoil,West,1674,0.12,652.86
"Eggs, Meat & Fish",Eggs,Ramanadhapuram,East,1925,0.16,712.25
Fruits & Veggies,Fresh Vegetables,Karur,East,1963,0.27,392.6
Snacks,Chocolates,Cumbum,East,1899,0.3,797.58
Beverages,Soft Drinks,Madurai,East,2172,0.2,608.16
Oil & Masala,Spices,Perambalur,South,2289,0.2,618.03
Snacks,Noodles,Tirunelveli,South,2110,0.3,590.8
Beverages,Health Drinks,Viluppuram,South,1577,0.33,599.26
Beverages,Health Drinks,Salem,South,2092,0.17,920.48
Beverages,Soft Drinks,Pudukottai,South,2269,0.21,907.6
Oil & Masala,Spices,Nagercoil,East,1426,0.14,470.58
"Eggs, Meat & Fish",Eggs,Ramanadhapuram,East,1895,0.28,852.75
Fruits & Veggies,Organic Fruits,Viluppuram,East,580,0.14,168.2
Snacks,Noodles,Ramanadhapuram,Central,791,0.19,142.38
Food Grains,Atta & Flour,Viluppuram,Central,1167,0.28,303.42
Snacks,Chocolates,Cumbum,East,1138,0.29,102.42
Beverages,Health Drinks,Cumbum,East,885,0.19,265.5
Snacks,Noodles,Vellore,East,1149,0.25,471.09
Food Grains,Atta & Flour,Nagercoil,East,753,0.23,301.2
Food Grains,Atta & Flour,Pudukottai,East,2493,0.23,922.41
"Eggs, Meat & Fish",Mutton,Namakkal,East,2236,0.24,961.48
"Eggs, Meat & Fish",Fish,Karur,East,2106,0.16,884.52
Bakery,Biscuits,Viluppuram,East,1873,0.33,618.09
Snacks,Chocolates,Tirunelveli,East,1155,0.31,138.6
"Eggs, Meat & Fish",Mutton,Chennai,Central,1881,0.27,432.63
Beverages,Health Drinks,Nagercoil,Central,2285,0.21,982.55
Bakery,Biscuits,Namakkal,Central,561,0.23,134.64
"Eggs, Meat & Fish",Eggs,Cumbum,Central,1482,0.19,340.86
Fruits & Veggies,Organic Vegetables,Dindigul,Central,977,0.18,332.18
Food Grains,Atta & Flour,Tirunelveli,East,1595,0.14,717.75
Fruits & Veggies,Organic Vegetables,Perambalur,West,1069,0.28,128.28
Beverages,Soft Drinks,Coimbatore,West,566,0.2,215.08
Beverages,Soft Drinks,Dharmapuri,West,1551,0.27,155.1
"Eggs, Meat & Fish",Chicken,Coimbatore,West,1279,0.13,409.28
Bakery,Biscuits,Coimbatore,West,745,0.26,208.6
Food Grains,Rice,Dindigul,West,540,0.17,32.4
"Eggs, Meat & Fish",Eggs,Ooty,South,620,0.29,43.4
"Eggs, Meat & Fish",Fish,Cumbum,South,1931,0.26,308.96
Bakery,Biscuits,Namakkal,South,2151,0.27,215.1
Food Grains,Atta & Flour,Chennai,West,1547,0.15,665.21
Bakery,Breads & Buns,Vellore,West,926,0.28,240.76
Bakery,Breads & Buns,Theni,West,1419,0.34,283.8
Snacks,Cookies,Tenkasi,West,534,0.16,101.46
Oil & Masala,Spices,Dindigul,Central,2037,0.21,448.14
Food Grains,Atta & Flour,Vellore,West,966,0.13,183.54
Food Grains,Atta & Flour,Dharmapuri,West,1125,0.21,427.5
Oil & Masala,Spices,Madurai,Central,2333,0.14,139.98
Snacks,Noodles,Kanyakumari,East,1361,0.24,299.42
"Eggs, Meat & Fish",Eggs,Nagercoil,Central,1656,0.31,149.04
Snacks,Noodles,Cumbum,West,1351,0.25,202.65
Beverages,Health Drinks,Ooty,West,992,0.33,109.12
"Eggs, Meat & Fish",Fish,Dharmapuri,West,559,0.1,223.6
Snacks,Chocolates,Viluppuram,West,2404,0.23,697.16
Food Grains,Rice,Chennai,West,1082,0.28,421.98
"Eggs, Meat & Fish",Fish,Dindigul,East,1051,0.21,147.14
Fruits & Veggies,Organic Vegetables,Kanyakumari,East,1578,0.22,362.94
Oil & Masala,Edible Oil & Ghee,Nagercoil,East,1086,0.27,434.4
Bakery,Cakes,Dharmapuri,East,1703,0.2,221.39
Food Grains,Rice,Vellore,East,1630,0.13,537.9
Snacks,Chocolates,Trichy,East,1689,0.31,236.46
Beverages,Health Drinks,Perambalur,Central,1972,0.3,216.92
Oil & Masala,Masalas,Trichy,Central,1797,0.28,682.86
Beverages,Soft Drinks,Pudukottai,Central,1562,0.16,421.74
Fruits & Veggies,Fresh Fruits,Madurai,Central,2398,0.29,671.44
Bakery,Cakes,Coimbatore,Central,2372,0.13,237.2
Beverages,Soft Drinks,Dharmapuri,Central,1527,0.1,106.89
Snacks,Chocolates,Nagercoil,East,884,0.29,150.28
Fruits & Veggies,Fresh Vegetables,Vellore,South,2482,0.17,645.32
Food Grains,Atta & Flour,Pudukottai,Central,1250,0.3,125
Food Grains,Rice,Ooty,Central,1548,0.14,356.04
Beverages,Health Drinks,Nagercoil,Central,2147,0.25,536.75
"Eggs, Meat & Fish",Fish,Vellore,East,2159,0.19,647.7
Snacks,Noodles,Salem,Central,1054,0.2,432.14
"Eggs, Meat & Fish",Fish,Ooty,Central,883,0.12,291.39
Oil & Masala,Spices,Trichy,Central,1676,0.15,134.08
Fruits & Veggies,Fresh Vegetables,Dindigul,Central,2323,0.25,673.67
"Eggs, Meat & Fish",Eggs,Ramanadhapuram,Central,1292,0.29,297.16
Food Grains,Organic Staples,Trichy,Central,2421,0.11,387.36
Bakery,Cakes,Bodi,Central,1204,0.19,457.52
Snacks,Cookies,Cumbum,Central,2118,0.13,868.38
"Eggs, Meat & Fish",Chicken,Chennai,Central,1832,0.21,549.6
Beverages,Health Drinks,Tirunelveli,Central,1136,0.33,170.4
"Eggs, Meat & Fish",Fish,Kanyakumari,Central,1952,0.22,585.6
Beverages,Health Drinks,Vellore,East,1686,0.27,573.24
Oil & Masala,Spices,Salem,East,2202,0.19,748.68
"Eggs, Meat & Fish",Chicken,Perambalur,East,2397,0.26,743.07
Snacks,Chocolates,Kanyakumari,South,1709,0.28,615.24
Snacks,Noodles,Coimbatore,South,2340,0.29,444.6
Oil & Masala,Spices,Trichy,South,1130,0.34,327.7
Oil & Masala,Masalas,Ramanadhapuram,South,960,0.19,144
Bakery,Cakes,Trichy,South,2142,0.21,149.94
Oil & Masala,Masalas,Vellore,East,774,0.27,69.66
Food Grains,Rice,Salem,South,2427,0.28,461.13
Food Grains,Organic Staples,Karur,South,2231,0.23,379.27
"Eggs, Meat & Fish",Chicken,Perambalur,South,1163,0.25,314.01
Oil & Masala,Spices,Ramanadhapuram,West,520,0.1,52
Bakery,Breads & Buns,Ramanadhapuram,West,713,0.28,299.46
Bakery,Biscuits,Perambalur,East,2128,0.1,425.6
"Eggs, Meat & Fish",Mutton,Viluppuram,East,2302,0.18,230.2
Oil & Masala,Masalas,Chennai,East,1735,0.11,572.55
Beverages,Health Drinks,Ooty,East,2178,0.13,718.74
"Eggs, Meat & Fish",Chicken,Dindigul,East,2173,0.12,956.12
Oil & Masala,Edible Oil & Ghee,Perambalur,East,1064,0.27,234.08
Beverages,Health Drinks,Chennai,East,1259,0.25,276.98
Bakery,Breads & Buns,Ooty,East,2086,0.23,229.46
Oil & Masala,Spices,Tirunelveli,West,2062,0.18,268.06
Bakery,Biscuits,Namakkal,West,2463,0.32,197.04
Food Grains,Dals & Pulses,Ooty,South,506,0.22,136.62
"Eggs, Meat & Fish",Chicken,Chennai,South,1354,0.35,500.98
Snacks,Chocolates,Bodi,South,1030,0.25,247.2
Oil & Masala,Masalas,Madurai,East,530,0.28,174.9
Beverages,Soft Drinks,Coimbatore,East,1409,0.11,408.61
Bakery,Breads & Buns,Vellore,East,1419,0.27,255.42
Food Grains,Atta & Flour,Tirunelveli,East,2371,0.32,900.98
Snacks,Noodles,Krishnagiri,South,1078,0.21,258.72
"Eggs, Meat & Fish",Eggs,Dindigul,East,1084,0.21,54.2
Food Grains,Atta & Flour,Karur,East,1498,0.19,179.76
Food Grains,Dals & Pulses,Theni,East,1797,0.28,449.25
Food Grains,Dals & Pulses,Bodi,West,1596,0.34,351.12
Fruits & Veggies,Fresh Fruits,Tenkasi,East,2019,0.14,868.17
Bakery,Breads & Buns,Namakkal,East,2146,0.21,643.8
"Eggs, Meat & Fish",Eggs,Tirunelveli,West,544,0.3,174.08
Fruits & Veggies,Fresh Vegetables,Tenkasi,West,1271,0.3,152.52
Beverages,Soft Drinks,Karur,West,762,0.18,129.54
Bakery,Cakes,Viluppuram,Central,1862,0.16,800.66
Oil & Masala,Edible Oil & Ghee,Chennai,Central,617,0.31,209.78
"Eggs, Meat & Fish",Fish,Bodi,East,2130,0.23,426
Food Grains,Dals & Pulses,Perambalur,South,1272,0.3,63.6
Food Grains,Dals & Pulses,Tirunelveli,Central,661,0.14,92.54
"Eggs, Meat & Fish",Chicken,Karur,Central,2290,0.29,480.9
Beverages,Health Drinks,Vellore,East,1182,0.19,260.04
Oil & Masala,Masalas,Madurai,East,2128,0.34,893.76
Oil & Masala,Masalas,Perambalur,East,2042,0.2,735.12
"Eggs, Meat & Fish",Eggs,Salem,East,1819,0.17,582.08
Bakery,Cakes,Krishnagiri,East,2310,0.35,993.3
Bakery,Breads & Buns,Virudhunagar,West,1405,0.14,252.9
Beverages,Soft Drinks,Pudukottai,West,2103,0.1,883.26
Oil & Masala,Spices,Vellore,West,2158,0.28,366.86
Snacks,Noodles,Perambalur,West,1399,0.26,307.78
Snacks,Cookies,Pudukottai,West,1333,0.23,199.95
Snacks,Noodles,Madurai,West,2014,0.28,443.08
Oil & Masala,Edible Oil & Ghee,Coimbatore,West,1808,0.24,108.48
Bakery,Cakes,Nagercoil,Central,2033,0.15,325.28
Beverages,Health Drinks,Trichy,Central,698,0.32,223.36
Snacks,Chocolates,Dharmapuri,Central,759,0.27,174.57
Food Grains,Organic Staples,Vellore,Central,700,0.33,252
Bakery,Cakes,Krishnagiri,Central,550,0.32,203.5
Food Grains,Organic Staples,Salem,Central,1454,0.1,232.64
"Eggs, Meat & Fish",Chicken,Karur,Central,1194,0.28,143.28
Oil & Masala,Spices,Salem,West,637,0.13,267.54
"Eggs, Meat & Fish",Mutton,Ramanadhapuram,West,516,0.12,196.08
Fruits & Veggies,Fresh Vegetables,Krishnagiri,Central,2238,0.16,604.26
"Eggs, Meat & Fish",Eggs,Viluppuram,Central,2032,0.17,386.08
Oil & Masala,Edible Oil & Ghee,Perambalur,Central,1842,0.18,755.22
Fruits & Veggies,Organic Fruits,Kanyakumari,Central,1589,0.35,190.68
Food Grains,Rice,Dharmapuri,Central,1531,0.14,214.34
"Eggs, Meat & Fish",Eggs,Pudukottai,West,1641,0.32,656.4
Bakery,Cakes,Perambalur,West,1586,0.16,697.84
Beverages,Soft Drinks,Pudukottai,South,1655,0.32,380.65
Snacks,Noodles,Pudukottai,Central,1958,0.18,215.38
Fruits & Veggies,Fresh Fruits,Salem,Central,1083,0.23,249.09
Bakery,Cakes,Salem,East,2031,0.19,101.55
"Eggs, Meat & Fish",Fish,Chennai,Central,1617,0.13,80.85
Beverages,Health Drinks,Perambalur,West,1758,0.31,580.14
Food Grains,Atta & Flour,Cumbum,South,1881,0.11,733.59
Snacks,Chocolates,Viluppuram,East,1658,0.34,132.64
Beverages,Health Drinks,Nagercoil,South,1401,0.31,462.33
"Eggs, Meat & Fish",Chicken,Viluppuram,South,1949,0.18,760.11
Beverages,Health Drinks,Vellore,South,2239,0.1,985.16
Snacks,Noodles,Nagercoil,South,1903,0.11,666.05
Food Grains,Atta & Flour,Namakkal,South,1367,0.13,136.7
Food Grains,Atta & Flour,Chennai,South,1000,0.28,420
Food Grains,Rice,Cumbum,South,535,0.18,219.35
"Eggs, Meat & Fish",Fish,Karur,Central,1562,0.23,218.68
"Eggs, Meat & Fish",Fish,Kanyakumari,Central,1114,0.22,189.38
Food Grains,Organic Staples,Madurai,Central,2382,0.19,119.1
Oil & Masala,Spices,Cumbum,Central,649,0.11,201.19
Fruits & Veggies,Organic Fruits,Kanyakumari,Central,1880,0.3,601.6
Beverages,Health Drinks,Dharmapuri,Central,825,0.17,255.75
Snacks,Cookies,Cumbum,East,1026,0.2,379.62
Food Grains,Rice,Trichy,West,1273,0.32,152.76
Food Grains,Dals & Pulses,Salem,West,1072,0.15,182.24
"Eggs, Meat & Fish",Eggs,Theni,West,1794,0.2,430.56
Bakery,Cakes,Tenkasi,West,1889,0.26,604.48
"Eggs, Meat & Fish",Eggs,Cumbum,East,2196,0.14,790.56
Food Grains,Rice,Kanyakumari,East,1856,0.32,705.28
Food Grains,Dals & Pulses,Ooty,East,2406,0.25,1010.52
"Eggs, Meat & Fish",Eggs,Trichy,East,1746,0.22,576.18
"Eggs, Meat & Fish",Chicken,Dindigul,South,704,0.26,154.88
Bakery,Breads & Buns,Coimbatore,West,1787,0.21,268.05
Snacks,Cookies,Karur,West,825,0.1,313.5
Snacks,Cookies,Karur,South,1702,0.26,663.78
Snacks,Noodles,Namakkal,South,1167,0.24,233.4
Food Grains,Dals & Pulses,Tenkasi,South,1059,0.16,349.47
Bakery,Breads & Buns,Coimbatore,South,1546,0.1,479.26
Fruits & Veggies,Fresh Fruits,Nagercoil,South,2135,0.11,576.45
Snacks,Chocolates,Theni,West,1802,0.23,558.62
Oil & Masala,Spices,Karur,West,979,0.21,78.32
Food Grains,Organic Staples,Krishnagiri,Central,816,0.24,155.04
Food Grains,Organic Staples,Madurai,East,663,0.1,218.79
Food Grains,Organic Staples,Ooty,East,1627,0.18,715.88
Beverages,Health Drinks,Viluppuram,East,1549,0.26,588.62
Fruits & Veggies,Organic Vegetables,Vellore,West,2018,0.34,585.22
Snacks,Cookies,Namakkal,West,1983,0.33,456.09
Fruits & Veggies,Organic Vegetables,Bodi,West,2029,0.3,385.51
"Eggs, Meat & Fish",Eggs,Namakkal,East,1980,0.12,118.8
Food Grains,Dals & Pulses,Viluppuram,South,2375,0.19,332.5
Bakery,Cakes,Trichy,West,1736,0.14,86.8
Snacks,Noodles,Coimbatore,West,1843,0.12,313.31
Food Grains,Atta & Flour,Vellore,West,1176,0.34,529.2
Bakery,Biscuits,Dindigul,Central,662,0.18,165.5
"Eggs, Meat & Fish",Fish,Salem,Central,1501,0.22,345.23
Fruits & Veggies,Fresh Fruits,Bodi,West,1900,0.34,722
"Eggs, Meat & Fish",Eggs,Pudukottai,West,1471,0.16,147.1
"Eggs, Meat & Fish",Fish,Cumbum,West,874,0.27,367.08
Bakery,Breads & Buns,Virudhunagar,West,1259,0.24,415.47
Snacks,Noodles,Ramanadhapuram,West,1670,0.29,83.5
Fruits & Veggies,Organic Fruits,Viluppuram,West,1801,0.32,468.26
Beverages,Soft Drinks,Theni,Central,1776,0.2,372.96
Beverages,Soft Drinks,Salem,East,2031,0.26,243.72
Bakery,Breads & Buns,Perambalur,East,2081,0.21,478.63
Snacks,Chocolates,Coimbatore,East,2166,0.3,714.78
Beverages,Soft Drinks,Trichy,East,1152,0.3,391.68
Fruits & Veggies,Fresh Vegetables,Salem,East,1831,0.34,128.17
Beverages,Health Drinks,Vellore,East,2313,0.1,693.9
Bakery,Biscuits,Theni,East,1918,0.17,421.96
Food Grains,Organic Staples,Krishnagiri,East,1580,0.3,553
Snacks,Chocolates,Ramanadhapuram,West,506,0.18,86.02
Snacks,Cookies,Virudhunagar,West,1291,0.24,477.67
Bakery,Cakes,Coimbatore,Central,681,0.27,211.11
Bakery,Breads & Buns,Karur,Central,553,0.2,27.65
Food Grains,Dals & Pulses,Tirunelveli,Central,693,0.12,173.25
"Eggs, Meat & Fish",Chicken,Perambalur,South,1712,0.32,650.56
Beverages,Soft Drinks,Nagercoil,South,1336,0.12,160.32
Snacks,Cookies,Pudukottai,South,1095,0.13,339.45
Beverages,Soft Drinks,Kanyakumari,South,1950,0.17,682.5
Food Grains,Organic Staples,Dindigul,South,1478,0.12,251.26
Food Grains,Atta & Flour,Vellore,South,1726,0.13,759.44
Beverages,Soft Drinks,Virudhunagar,South,1423,0.32,270.37
Snacks,Noodles,Namakkal,Central,506,0.21,65.78
Bakery,Breads & Buns,Pudukottai,South,866,0.16,147.22
"Eggs, Meat & Fish",Eggs,Nagercoil,Central,982,0.34,235.68
Oil & Masala,Spices,Salem,East,1287,0.31,579.15
"Eggs, Meat & Fish",Mutton,Tenkasi,East,2205,0.19,463.05
Food Grains,Atta & Flour,Karur,East,1808,0.34,162.72
"Eggs, Meat & Fish",Chicken,Pudukottai,West,680,0.35,108.8
Food Grains,Rice,Madurai,West,2386,0.29,858.96
Beverages,Soft Drinks,Ramanadhapuram,West,2280,0.27,615.6
Beverages,Health Drinks,Madurai,West,2008,0.24,742.96
Food Grains,Organic Staples,Virudhunagar,South,652,0.11,123.88
Bakery,Cakes,Chennai,South,2076,0.29,103.8
Oil & Masala,Masalas,Salem,East,1353,0.14,419.43
Fruits & Veggies,Fresh Vegetables,Bodi,East,740,0.29,155.4
Beverages,Health Drinks,Chennai,West,1100,0.15,308
"Eggs, Meat & Fish",Fish,Karur,West,1759,0.34,211.08
"Eggs, Meat & Fish",Eggs,Ooty,South,2099,0.29,230.89
Bakery,Cakes,Namakkal,East,1935,0.21,638.55
Oil & Masala,Spices,Vellore,East,1316,0.16,105.28
Snacks,Noodles,Perambalur,East,2040,0.23,510
Food Grains,Organic Staples,Krishnagiri,East,1742,0.13,487.76
Food Grains,Dals & Pulses,Bodi,East,1559,0.31,420.93
Bakery,Biscuits,Namakkal,East,1141,0.34,148.33
"Eggs, Meat & Fish",Mutton,Trichy,East,2060,0.22,679.8
Food Grains,Atta & Flour,Viluppuram,West,1426,0.18,570.4
Bakery,Breads & Buns,Karur,West,1263,0.13,88.41
Food Grains,Dals & Pulses,Dharmapuri,South,1880,0.22,714.4
"Eggs, Meat & Fish",Mutton,Tirunelveli,South,899,0.35,224.75
Food Grains,Atta & Flour,Ramanadhapuram,South,1417,0.29,524.29
"Eggs, Meat & Fish",Chicken,Kanyakumari,South,1066,0.27,191.88
"Eggs, Meat & Fish",Fish,Theni,South,1330,0.31,119.7
Beverages,Health Drinks,Tenkasi,East,1677,0.31,603.72
Beverages,Health Drinks,Trichy,East,627,0.18,250.8
Food Grains,Organic Staples,Karur,East,1598,0.13,719.1
Bakery,Breads & Buns,Cumbum,East,1852,0.25,796.36
Oil & Masala,Edible Oil & Ghee,Kanyakumari,East,1970,0.11,492.5
"Eggs, Meat & Fish",Fish,Salem,East,1504,0.33,135.36
Fruits & Veggies,Organic Vegetables,Viluppuram,East,1795,0.26,448.75
Food Grains,Atta & Flour,Pudukottai,South,693,0.32,187.11
Beverages,Soft Drinks,Perambalur,East,866,0.29,207.84
Oil & Masala,Spices,Kanyakumari,East,1704,0.21,766.8
Bakery,Cakes,Dharmapuri,East,1306,0.14,404.86
Food Grains,Rice,Ooty,East,1761,0.24,352.2
Bakery,Cakes,Salem,East,2195,0.19,373.15
Beverages,Health Drinks,Salem,East,1733,0.21,623.88
Fruits & Veggies,Organic Vegetables,Dharmapuri,South,882,0.22,97.02
Bakery,Breads & Buns,Theni,West,2137,0.31,512.88
Fruits & Veggies,Fresh Vegetables,Cumbum,Central,2172,0.22,304.08
Snacks,Cookies,Namakkal,East,804,0.3,64.32
Oil & Masala,Edible Oil & Ghee,Dharmapuri,West,1436,0.29,588.76
Food Grains,Organic Staples,Kanyakumari,West,1798,0.33,359.6
Food Grains,Atta & Flour,Coimbatore,East,2043,0.16,204.3
Beverages,Health Drinks,Trichy,West,1762,0.19,123.34
Bakery,Breads & Buns,Salem,East,1290,0.34,399.9
Bakery,Breads & Buns,Nagercoil,East,1615,0.12,613.7
Food Grains,Dals & Pulses,Pudukottai,Central,748,0.28,224.4
Snacks,Noodles,Tenkasi,Central,2275,0.18,318.5
Oil & Masala,Spices,Tirunelveli,Central,1056,0.29,211.2
Oil & Masala,Masalas,Trichy,West,1778,0.34,266.7
Food Grains,Atta & Flour,Dindigul,West,783,0.19,195.75
Food Grains,Dals & Pulses,Nagercoil,Central,2263,0.3,429.97
Fruits & Veggies,Organic Fruits,Theni,Central,1752,0.33,350.4
"Eggs, Meat & Fish",Eggs,Karur,East,1647,0.22,708.21
Beverages,Soft Drinks,Madurai,East,1966,0.34,393.2
Snacks,Chocolates,Perambalur,Central,745,0.26,37.25
"Eggs, Meat & Fish",Fish,Ooty,Central,1233,0.32,480.87
"Eggs, Meat & Fish",Chicken,Pudukottai,Central,1331,0.2,212.96
Oil & Masala,Edible Oil & Ghee,Dharmapuri,West,2336,0.31,116.8
Beverages,Health Drinks,Coimbatore,West,1441,0.18,634.04
Snacks,Noodles,Kanyakumari,West,951,0.26,85.59
Snacks,Chocolates,Tirunelveli,East,1240,0.34,458.8
Snacks,Cookies,Ooty,East,1854,0.2,685.98
Snacks,Chocolates,Theni,East,1167,0.28,455.13
Food Grains,Dals & Pulses,Pudukottai,Central,2372,0.13,853.92
Fruits & Veggies,Organic Vegetables,Perambalur,Central,1579,0.25,442.12
Food Grains,Dals & Pulses,Kanyakumari,Central,1734,0.2,329.46
Beverages,Health Drinks,Pudukottai,East,2069,0.13,558.63
Bakery,Cakes,Tenkasi,Central,1404,0.29,238.68
Food Grains,Rice,Pudukottai,Central,2048,0.26,552.96
Beverages,Soft Drinks,Perambalur,Central,1008,0.28,302.4
"Eggs, Meat & Fish",Eggs,Theni,Central,1539,0.16,507.87
Oil & Masala,Spices,Tenkasi,Central,2459,0.17,442.62
Snacks,Chocolates,Vellore,Central,1249,0.23,462.13
Bakery,Cakes,Dindigul,Central,1410,0.31,70.5
"Eggs, Meat & Fish",Fish,Coimbatore,South,845,0.15,354.9
"Eggs, Meat & Fish",Chicken,Trichy,East,558,0.35,189.72
Food Grains,Organic Staples,Ooty,East,1783,0.25,374.43
Snacks,Noodles,Bodi,East,2232,0.17,491.04
Food Grains,Dals & Pulses,Vellore,East,1967,0.2,885.15
Bakery,Biscuits,Karur,East,1118,0.25,402.48
Oil & Masala,Spices,Krishnagiri,East,1964,0.29,451.72
Snacks,Noodles,Karur,South,938,0.13,300.16
Bakery,Biscuits,Chennai,South,2127,0.19,425.4
Beverages,Soft Drinks,Ooty,East,1198,0.17,179.7
Food Grains,Rice,Theni,East,905,0.18,307.7
Bakery,Cakes,Theni,East,1655,0.2,662
Fruits & Veggies,Fresh Vegetables,Dharmapuri,East,712,0.19,306.16
Fruits & Veggies,Organic Fruits,Ramanadhapuram,East,735,0.34,183.75
Snacks,Chocolates,Ramanadhapuram,East,664,0.27,92.96
Oil & Masala,Spices,Tenkasi,East,1004,0.21,200.8
Beverages,Soft Drinks,Ramanadhapuram,East,1641,0.19,262.56
Bakery,Cakes,Madurai,West,1972,0.24,138.04
Bakery,Biscuits,Perambalur,West,1551,0.15,666.93
Oil & Masala,Edible Oil & Ghee,Karur,West,1703,0.35,255.45
Fruits & Veggies,Fresh Vegetables,Perambalur,West,1208,0.28,410.72
Oil & Masala,Masalas,Krishnagiri,West,1681,0.21,151.29
Bakery,Biscuits,Krishnagiri,West,1988,0.26,238.56
Food Grains,Atta & Flour,Kanyakumari,West,2135,0.15,704.55
Fruits & Veggies,Organic Fruits,Nagercoil,West,1254,0.33,551.76
Oil & Masala,Spices,Cumbum,West,2105,0.25,252.6
Fruits & Veggies,Fresh Vegetables,Chennai,West,1140,0.19,273.6
Snacks,Chocolates,Tenkasi,East,2480,0.19,248
Beverages,Soft Drinks,Trichy,East,2439,0.26,195.12
Food Grains,Dals & Pulses,Chennai,East,546,0.11,65.52
Oil & Masala,Masalas,Bodi,East,951,0.15,95.1
Food Grains,Atta & Flour,Virudhunagar,East,2279,0.16,113.95
Snacks,Chocolates,Theni,East,1102,0.3,495.9
Fruits & Veggies,Fresh Vegetables,Tirunelveli,Central,1992,0.15,338.64
Oil & Masala,Spices,Salem,Central,963,0.1,182.97
Fruits & Veggies,Organic Vegetables,Theni,South,1011,0.22,161.76
"Eggs, Meat & Fish",Eggs,Ooty,West,992,0.15,148.8
"Eggs, Meat & Fish",Chicken,Perambalur,West,1702,0.22,408.48
"Eggs, Meat & Fish",Chicken,Kanyakumari,West,2341,0.31,117.05
Bakery,Biscuits,Tirunelveli,West,945,0.33,425.25
Snacks,Chocolates,Karur,West,1161,0.32,441.18
Beverages,Soft Drinks,Vellore,South,1097,0.18,252.31
Bakery,Breads & Buns,Salem,West,2319,0.1,417.42
Oil & Masala,Edible Oil & Ghee,Viluppuram,South,1758,0.23,158.22
Snacks,Noodles,Virudhunagar,East,1792,0.28,197.12
Bakery,Cakes,Chennai,East,2432,0.29,753.92
Oil & Masala,Edible Oil & Ghee,Cumbum,East,2049,0.19,778.62
Bakery,Breads & Buns,Dindigul,East,2229,0.1,267.48
Bakery,Cakes,Ramanadhapuram,East,1120,0.27,459.2
"Eggs, Meat & Fish",Mutton,Viluppuram,East,1481,0.11,88.86
Food Grains,Rice,Ooty,East,1398,0.12,139.8
Beverages,Health Drinks,Vellore,East,990,0.11,237.6
Oil & Masala,Spices,Madurai,East,2152,0.1,430.4
"Eggs, Meat & Fish",Mutton,Perambalur,East,1169,0.22,362.39
Food Grains,Organic Staples,Pudukottai,East,617,0.3,197.44
Bakery,Cakes,Chennai,East,1090,0.21,250.7
Fruits & Veggies,Fresh Vegetables,Madurai,West,1205,0.3,494.05
"Eggs, Meat & Fish",Fish,Pudukottai,Central,758,0.14,303.2
"Eggs, Meat & Fish",Mutton,Dharmapuri,South,1074,0.18,118.14
Bakery,Breads & Buns,Viluppuram,Central,829,0.16,49.74
Snacks,Chocolates,Viluppuram,East,618,0.12,148.32
Food Grains,Dals & Pulses,Dharmapuri,West,911,0.24,91.1
Oil & Masala,Edible Oil & Ghee,Dindigul,West,1722,0.21,154.98
Beverages,Soft Drinks,Chennai,West,1660,0.33,315.4
Bakery,Biscuits,Krishnagiri,Central,2494,0.27,548.68
"Eggs, Meat & Fish",Fish,Perambalur,Central,2444,0.33,415.48
Snacks,Noodles,Theni,Central,1175,0.14,70.5
"Eggs, Meat & Fish",Fish,Coimbatore,Central,1868,0.19,317.56
Oil & Masala,Spices,Salem,East,1862,0.14,409.64
Snacks,Chocolates,Cumbum,East,869,0.21,243.32
Snacks,Cookies,Viluppuram,South,1747,0.12,244.58
Food Grains,Rice,Salem,East,1612,0.3,386.88
Bakery,Biscuits,Karur,West,2297,0.3,895.83
Beverages,Health Drinks,Ramanadhapuram,West,1534,0.11,475.54
Snacks,Cookies,Namakkal,South,807,0.11,80.7
Fruits & Veggies,Fresh Vegetables,Theni,South,575,0.34,132.25
Snacks,Chocolates,Karur,South,1805,0.13,649.8
Oil & Masala,Edible Oil & Ghee,Namakkal,South,1700,0.17,459
Beverages,Soft Drinks,Pudukottai,South,1010,0.32,141.4
Bakery,Breads & Buns,Perambalur,South,748,0.23,89.76
Snacks,Cookies,Krishnagiri,Central,2361,0.1,118.05
Beverages,Health Drinks,Tirunelveli,Central,672,0.34,275.52
Bakery,Cakes,Madurai,Central,817,0.12,98.04
Snacks,Chocolates,Coimbatore,Central,2139,0.17,962.55
"Eggs, Meat & Fish",Fish,Chennai,Central,2198,0.26,351.68
Snacks,Chocolates,Coimbatore,Central,2176,0.19,500.48
Oil & Masala,Spices,Perambalur,Central,905,0.19,108.6
Fruits & Veggies,Fresh Vegetables,Namakkal,Central,1541,0.23,600.99
Snacks,Cookies,Kanyakumari,Central,2343,0.34,515.46
Food Grains,Organic Staples,Krishnagiri,Central,567,0.18,147.42
"Eggs, Meat & Fish",Eggs,Dharmapuri,Central,1712,0.15,188.32
Snacks,Chocolates,Namakkal,Central,1756,0.18,684.84
"Eggs, Meat & Fish",Fish,Dharmapuri,Central,896,0.3,367.36
"Eggs, Meat & Fish",Fish,Bodi,Central,627,0.35,56.43
Fruits & Veggies,Fresh Vegetables,Viluppuram,Central,764,0.15,320.88
Oil & Masala,Spices,Tenkasi,Central,2447,0.24,415.99
Bakery,Breads & Buns,Perambalur,Central,1178,0.1,200.26
"Eggs, Meat & Fish",Fish,Tirunelveli,Central,1258,0.23,226.44
Fruits & Veggies,Organic Vegetables,Nagercoil,Central,1425,0.12,441.75
Beverages,Health Drinks,Tirunelveli,Central,1889,0.22,774.49
Food Grains,Dals & Pulses,Chennai,Central,2396,0.3,311.48
Oil & Masala,Spices,Viluppuram,Central,1396,0.12,237.32
Food Grains,Atta & Flour,Karur,Central,1792,0.16,680.96
"Eggs, Meat & Fish",Eggs,Dharmapuri,Central,1305,0.32,404.55
Bakery,Biscuits,Tirunelveli,Central,1703,0.26,681.2
Beverages,Soft Drinks,Chennai,Central,2184,0.27,393.12
Food Grains,Atta & Flour,Viluppuram,Central,721,0.21,129.78
Beverages,Health Drinks,Kanyakumari,Central,1539,0.1,184.68
Snacks,Noodles,Kanyakumari,Central,2491,0.3,323.83
Snacks,Cookies,Tirunelveli,Central,875,0.21,385
Snacks,Noodles,Coimbatore,East,1177,0.31,411.95
"Eggs, Meat & Fish",Chicken,Ramanadhapuram,East,1398,0.3,489.3
Snacks,Chocolates,Perambalur,East,1379,0.33,441.28
Oil & Masala,Spices,Virudhunagar,East,2222,0.33,688.82
Food Grains,Atta & Flour,Dharmapuri,East,1540,0.21,569.8
Beverages,Health Drinks,Chennai,East,2273,0.31,909.2
Fruits & Veggies,Fresh Fruits,Dindigul,East,1655,0.2,264.8
Snacks,Cookies,Namakkal,East,604,0.33,126.84
"Eggs, Meat & Fish",Mutton,Karur,East,1123,0.23,505.35
Beverages,Health Drinks,Virudhunagar,East,517,0.33,82.72
Fruits & Veggies,Organic Vegetables,Dindigul,East,1274,0.23,445.9
"Eggs, Meat & Fish",Chicken,Namakkal,East,1414,0.12,622.16
Beverages,Health Drinks,Vellore,East,2476,0.19,891.36
Food Grains,Atta & Flour,Tenkasi,East,1466,0.35,659.7
Food Grains,Organic Staples,Dindigul,East,1807,0.35,704.73
Fruits & Veggies,Fresh Vegetables,Dindigul,East,1998,0.16,119.88
Bakery,Cakes,Ooty,East,768,0.26,299.52
Food Grains,Atta & Flour,Perambalur,East,729,0.25,51.03
Bakery,Biscuits,Salem,East,684,0.19,294.12
Snacks,Cookies,Vellore,East,842,0.11,370.48
Bakery,Breads & Buns,Karur,East,1838,0.14,257.32
Oil & Masala,Spices,Coimbatore,East,681,0.28,81.72
Oil & Masala,Edible Oil & Ghee,Karur,East,1733,0.25,207.96
Oil & Masala,Masalas,Ooty,East,1678,0.32,755.1
"Eggs, Meat & Fish",Eggs,Theni,East,1862,0.16,819.28
Beverages,Health Drinks,Pudukottai,East,1015,0.22,294.35
Snacks,Cookies,Kanyakumari,East,650,0.35,253.5
Beverages,Health Drinks,Coimbatore,East,2120,0.25,742
Beverages,Health Drinks,Dindigul,East,678,0.31,47.46
Bakery,Biscuits,Tirunelveli,East,1436,0.33,516.96
Fruits & Veggies,Organic Fruits,Pudukottai,East,2464,0.35,837.76
Bakery,Cakes,Virudhunagar,East,1268,0.16,63.4
Oil & Masala,Masalas,Krishnagiri,East,601,0.22,246.41
Fruits & Veggies,Organic Fruits,Ramanadhapuram,East,1482,0.16,548.34
Oil & Masala,Spices,Trichy,East,1495,0.18,343.85
Fruits & Veggies,Organic Fruits,Virudhunagar,East,1939,0.1,135.73
Fruits & Veggies,Organic Vegetables,Pudukottai,East,1948,0.22,642.84
Fruits & Veggies,Organic Vegetables,Dharmapuri,East,619,0.31,229.03
Oil & Masala,Masalas,Krishnagiri,East,525,0.16,157.5
Bakery,Breads & Buns,Ooty,East,784,0.19,266.56
Food Grains,Organic Staples,Karur,East,2123,0.15,148.61
"Eggs, Meat & Fish",Mutton,Dindigul,East,1656,0.16,629.28
Bakery,Cakes,Vellore,East,967,0.29,251.42
Beverages,Health Drinks,Salem,East,1137,0.15,466.17
Beverages,Health Drinks,Coimbatore,East,1596,0.16,526.68
Oil & Masala,Masalas,Bodi,East,722,0.31,259.92
Food Grains,Dals & Pulses,Theni,East,1419,0.26,85.14
Oil & Masala,Masalas,Trichy,South,900,0.17,405
Fruits & Veggies,Fresh Vegetables,Karur,South,2097,0.26,880.74
Bakery,Biscuits,Perambalur,South,589,0.25,170.81
Bakery,Cakes,Chennai,South,1069,0.2,288.63
Beverages,Soft Drinks,Tirunelveli,South,1216,0.2,231.04
Food Grains,Atta & Flour,Tenkasi,South,859,0.34,180.39
Oil & Masala,Edible Oil & Ghee,Tenkasi,South,2301,0.31,161.07
Bakery,Biscuits,Karur,South,805,0.27,193.2
"Eggs, Meat & Fish",Fish,Cumbum,South,2021,0.23,848.82
Snacks,Cookies,Dindigul,South,1364,0.22,95.48
Beverages,Soft Drinks,Namakkal,South,1032,0.26,206.4
"Eggs, Meat & Fish",Fish,Salem,South,2388,0.35,597
Bakery,Cakes,Chennai,South,924,0.35,120.12
Fruits & Veggies,Fresh Fruits,Karur,South,615,0.35,221.4
Oil & Masala,Masalas,Chennai,South,1085,0.14,455.7
Oil & Masala,Edible Oil & Ghee,Theni,South,2151,0.34,795.87
"Eggs, Meat & Fish",Mutton,Dharmapuri,South,1073,0.33,397.01
Snacks,Chocolates,Pudukottai,South,951,0.3,95.1
Food Grains,Rice,Viluppuram,South,745,0.15,149
Food Grains,Rice,Coimbatore,South,1850,0.3,388.5
Beverages,Soft Drinks,Perambalur,South,1757,0.32,597.38
"Eggs, Meat & Fish",Chicken,Ramanadhapuram,South,2191,0.21,810.67
Oil & Masala,Masalas,Ramanadhapuram,West,1532,0.28,337.04
Oil & Masala,Edible Oil & Ghee,Tenkasi,West,1423,0.16,156.53
Snacks,Chocolates,Tirunelveli,West,1673,0.34,602.28
Fruits & Veggies,Organic Fruits,Kanyakumari,West,1108,0.25,409.96
Beverages,Health Drinks,Trichy,West,1637,0.33,343.77
Oil & Masala,Masalas,Dharmapuri,West,2389,0.35,238.9
Fruits & Veggies,Organic Vegetables,Viluppuram,West,566,0.31,249.04
Snacks,Chocolates,Krishnagiri,West,1353,0.3,432.96
Beverages,Soft Drinks,Virudhunagar,West,2410,0.22,241
Fruits & Veggies,Fresh Fruits,Virudhunagar,West,1008,0.29,372.96
Beverages,Health Drinks,Ramanadhapuram,West,1734,0.2,173.4
Snacks,Cookies,Tirunelveli,West,1066,0.3,234.52
Snacks,Cookies,Virudhunagar,West,1197,0.12,418.95
Bakery,Cakes,Salem,West,758,0.11,90.96
Food Grains,Atta & Flour,Dindigul,West,2181,0.12,545.25
"Eggs, Meat & Fish",Eggs,Karur,West,1702,0.34,238.28
"Eggs, Meat & Fish",Chicken,Madurai,West,2439,0.3,1097.55
"Eggs, Meat & Fish",Fish,Theni,West,1226,0.28,294.24
Fruits & Veggies,Organic Vegetables,Bodi,West,834,0.11,366.96
Oil & Masala,Spices,Dharmapuri,West,1137,0.32,238.77
Fruits & Veggies,Organic Fruits,Kanyakumari,West,2102,0.1,210.2
"Eggs, Meat & Fish",Mutton,Karur,West,1820,0.23,819
Bakery,Biscuits,Nagercoil,West,1088,0.27,108.8
Oil & Masala,Masalas,Cumbum,West,1555,0.1,279.9
Snacks,Cookies,Coimbatore,West,610,0.21,54.9
Snacks,Chocolates,Madurai,West,2440,0.12,244
"Eggs, Meat & Fish",Mutton,Ooty,West,1167,0.17,198.39
Food Grains,Atta & Flour,Kanyakumari,West,1234,0.19,74.04
Fruits & Veggies,Fresh Fruits,Kanyakumari,West,1389,0.28,555.6
"Eggs, Meat & Fish",Fish,Tirunelveli,West,1285,0.17,385.5
Oil & Masala,Masalas,Namakkal,West,1239,0.29,322.14
Bakery,Breads & Buns,Dindigul,West,1831,0.16,109.86
Beverages,Soft Drinks,Karur,West,1605,0.29,497.55
Bakery,Cakes,Cumbum,West,2343,0.31,328.02
Oil & Masala,Spices,Ooty,West,840,0.21,67.2
Beverages,Soft Drinks,Coimbatore,West,2467,0.23,888.12
Snacks,Chocolates,Chennai,West,1004,0.23,100.4
Fruits & Veggies,Fresh Fruits,Namakkal,West,617,0.18,252.97
Bakery,Cakes,Perambalur,West,1652,0.21,710.36
Fruits & Veggies,Fresh Fruits,Coimbatore,West,732,0.34,175.68
Fruits & Veggies,Organic Fruits,Bodi,West,1231,0.11,110.79
"Eggs, Meat & Fish",Mutton,Salem,West,1586,0.18,317.2
Oil & Masala,Masalas,Madurai,West,1425,0.12,384.75
Snacks,Chocolates,Chennai,West,1018,0.11,274.86
Snacks,Noodles,Trichy,West,1810,0.35,307.7
"Eggs, Meat & Fish",Chicken,Virudhunagar,West,621,0.33,111.78
Beverages,Health Drinks,Nagercoil,West,2300,0.12,805
Snacks,Chocolates,Bodi,West,1064,0.12,457.52
Fruits & Veggies,Fresh Vegetables,Dindigul,Central,1298,0.25,64.9
Fruits & Veggies,Fresh Vegetables,Bodi,Central,613,0.14,275.85
Bakery,Breads & Buns,Viluppuram,Central,1857,0.31,761.37
Fruits & Veggies,Organic Fruits,Namakkal,Central,1753,0.13,350.6
"Eggs, Meat & Fish",Eggs,Bodi,Central,2209,0.13,287.17
"Eggs, Meat & Fish",Eggs,Vellore,Central,2126,0.24,106.3
Bakery,Breads & Buns,Theni,Central,1154,0.24,80.78
Bakery,Cakes,Perambalur,Central,665,0.26,252.7
Bakery,Cakes,Bodi,Central,2338,0.31,116.9
Snacks,Chocolates,Cumbum,Central,2253,0.14,292.89
Fruits & Veggies,Organic Vegetables,Trichy,Central,1082,0.21,194.76
Food Grains,Dals & Pulses,Viluppuram,Central,1192,0.26,298
Beverages,Soft Drinks,Madurai,Central,1190,0.12,226.1
Fruits & Veggies,Organic Fruits,Coimbatore,Central,1405,0.29,266.95
Oil & Masala,Masalas,Madurai,Central,1603,0.2,721.35
Food Grains,Atta & Flour,Chennai,Central,1996,0.12,658.68
Beverages,Soft Drinks,Coimbatore,Central,940,0.24,347.8
Fruits & Veggies,Fresh Fruits,Viluppuram,Central,1621,0.33,713.24
Beverages,Health Drinks,Ooty,Central,2329,0.33,558.96
Food Grains,Rice,Madurai,Central,547,0.12,164.1
"Eggs, Meat & Fish",Fish,Vellore,Central,1821,0.34,327.78
"Eggs, Meat & Fish",Eggs,Karur,Central,1717,0.29,669.63
Oil & Masala,Masalas,Ooty,Central,1231,0.23,258.51
Beverages,Health Drinks,Karur,East,1055,0.3,94.95
Snacks,Cookies,Tirunelveli,East,2274,0.14,977.82
Food Grains,Organic Staples,Dindigul,East,683,0.1,293.69
Food Grains,Organic Staples,Chennai,East,1365,0.25,163.8
Oil & Masala,Masalas,Ramanadhapuram,East,1588,0.29,428.76
Bakery,Cakes,Ramanadhapuram,East,1743,0.25,610.05
Beverages,Health Drinks,Dharmapuri,East,855,0.23,111.15
Snacks,Noodles,Namakkal,East,1073,0.24,107.3
"Eggs, Meat & Fish",Eggs,Trichy,East,1940,0.35,232.8
Oil & Masala,Edible Oil & Ghee,Ooty,East,1238,0.31,321.88
Fruits & Veggies,Fresh Fruits,Dharmapuri,East,2338,0.32,537.74
"Eggs, Meat & Fish",Fish,Madurai,East,1919,0.12,594.89
Fruits & Veggies,Organic Fruits,Perambalur,East,2008,0.25,301.2
Beverages,Health Drinks,Tirunelveli,East,1434,0.27,616.62
Oil & Masala,Spices,Chennai,East,1139,0.25,296.14
"Eggs, Meat & Fish",Eggs,Ooty,East,1378,0.34,96.46
"Eggs, Meat & Fish",Fish,Perambalur,South,2131,0.19,277.03
Bakery,Cakes,Trichy,South,1941,0.34,718.17
Bakery,Biscuits,Salem,South,1879,0.24,93.95
Bakery,Cakes,Bodi,South,1770,0.21,88.5
Snacks,Noodles,Chennai,South,613,0.26,49.04
Oil & Masala,Spices,Bodi,South,1024,0.18,81.92
Oil & Masala,Edible Oil & Ghee,Coimbatore,South,1894,0.24,473.5
Fruits & Veggies,Fresh Vegetables,Cumbum,South,723,0.1,65.07
Beverages,Health Drinks,Bodi,West,1033,0.15,351.22
Oil & Masala,Masalas,Theni,West,2264,0.28,226.4
Oil & Masala,Spices,Ramanadhapuram,West,1574,0.13,94.44
Snacks,Chocolates,Cumbum,West,2292,0.21,252.12
Food Grains,Atta & Flour,Karur,West,560,0.24,50.4
Fruits & Veggies,Fresh Vegetables,Theni,West,1229,0.32,405.57
Food Grains,Atta & Flour,Tirunelveli,West,2409,0.18,505.89
Fruits & Veggies,Fresh Fruits,Virudhunagar,West,2338,0.32,116.9
Snacks,Chocolates,Tirunelveli,West,505,0.14,45.45
"Eggs, Meat & Fish",Fish,Madurai,West,775,0.1,341
"Eggs, Meat & Fish",Chicken,Ramanadhapuram,West,1888,0.15,415.36
Oil & Masala,Spices,Trichy,West,1170,0.27,362.7
Snacks,Cookies,Salem,West,858,0.31,77.22
"Eggs, Meat & Fish",Mutton,Salem,West,1335,0.19,307.05
Bakery,Biscuits,Salem,West,1088,0.2,446.08
Beverages,Health Drinks,Ooty,West,2129,0.13,830.31
Food Grains,Atta & Flour,Krishnagiri,West,1120,0.13,56
Food Grains,Rice,Nagercoil,Central,1209,0.14,60.45
Oil & Masala,Spices,Ooty,Central,2146,0.27,386.28
Beverages,Health Drinks,Viluppuram,Central,1717,0.28,412.08
"Eggs, Meat & Fish",Mutton,Kanyakumari,Central,2290,0.17,938.9
"Eggs, Meat & Fish",Fish,Tenkasi,Central,2333,0.22,839.88
Snacks,Chocolates,Kanyakumari,Central,2374,0.21,997.08
"Eggs, Meat & Fish",Fish,Krishnagiri,Central,601,0.25,30.05
"Eggs, Meat & Fish",Mutton,Madurai,Central,1224,0.27,550.8
Beverages,Health Drinks,Trichy,Central,764,0.1,114.6
Snacks,Chocolates,Perambalur,Central,2059,0.15,102.95
Food Grains,Organic Staples,Pudukottai,Central,2016,0.29,645.12
Snacks,Chocolates,Ooty,Central,1147,0.27,504.68
Oil & Masala,Edible Oil & Ghee,Vellore,Central,1973,0.3,848.39
Beverages,Health Drinks,Karur,Central,2131,0.19,362.27
Snacks,Chocolates,Krishnagiri,Central,2187,0.22,131.22
"Eggs, Meat & Fish",Mutton,Coimbatore,Central,842,0.29,303.12
Beverages,Soft Drinks,Perambalur,Central,1008,0.12,403.2
"Eggs, Meat & Fish",Mutton,Namakkal,Central,2194,0.29,153.58
Oil & Masala,Edible Oil & Ghee,Vellore,Central,2061,0.35,886.23
Oil & Masala,Masalas,Dharmapuri,Central,1846,0.33,406.12
Beverages,Soft Drinks,Chennai,Central,1030,0.29,257.5
Snacks,Noodles,Ooty,Central,781,0.1,62.48
Fruits & Veggies,Organic Vegetables,Nagercoil,Central,751,0.15,127.67
Bakery,Cakes,Dindigul,Central,1753,0.35,385.66
Fruits & Veggies,Fresh Fruits,Cumbum,Central,1336,0.26,440.88
Food Grains,Dals & Pulses,Trichy,Central,1951,0.32,370.69
Snacks,Cookies,Pudukottai,Central,1857,0.27,501.39
"Eggs, Meat & Fish",Eggs,Tirunelveli,Central,1211,0.35,72.66
Bakery,Biscuits,Tirunelveli,Central,1840,0.26,257.6
"Eggs, Meat & Fish",Fish,Namakkal,Central,1401,0.32,280.2
Bakery,Cakes,Karur,Central,1238,0.14,544.72
Oil & Masala,Edible Oil & Ghee,Ramanadhapuram,Central,725,0.29,181.25
Food Grains,Dals & Pulses,Tenkasi,Central,789,0.25,181.47
Fruits & Veggies,Organic Vegetables,Ooty,Central,1987,0.32,397.4
Snacks,Noodles,Viluppuram,Central,598,0.21,47.84
Fruits & Veggies,Fresh Fruits,Kanyakumari,Central,1074,0.17,193.32
"Eggs, Meat & Fish",Fish,Krishnagiri,Central,2038,0.21,203.8
"Eggs, Meat & Fish",Mutton,Nagercoil,Central,856,0.17,316.72
Bakery,Cakes,Trichy,Central,976,0.17,409.92
"Eggs, Meat & Fish",Mutton,Cumbum,Central,659,0.28,144.98
Food Grains,Organic Staples,Karur,East,1530,0.22,214.2
"Eggs, Meat & Fish",Mutton,Ramanadhapuram,East,1224,0.17,97.92
Food Grains,Dals & Pulses,Chennai,East,1650,0.34,346.5
Beverages,Health Drinks,Vellore,East,1109,0.14,221.8
Snacks,Chocolates,Salem,East,929,0.3,325.15
"Eggs, Meat & Fish",Eggs,Tenkasi,East,2074,0.3,601.46
Bakery,Breads & Buns,Namakkal,East,1774,0.15,212.88
Snacks,Cookies,Virudhunagar,East,2062,0.15,144.34
Beverages,Soft Drinks,Madurai,East,663,0.23,271.83
Fruits & Veggies,Organic Vegetables,Vellore,East,2080,0.17,145.6
Beverages,Soft Drinks,Tirunelveli,East,622,0.24,37.32
Fruits & Veggies,Organic Vegetables,Bodi,East,2087,0.16,166.96
Snacks,Noodles,Virudhunagar,East,1536,0.22,245.76
Bakery,Cakes,Dharmapuri,East,767,0.31,222.43
"Eggs, Meat & Fish",Fish,Tenkasi,East,1888,0.2,320.96
Bakery,Cakes,Kanyakumari,East,1504,0.13,300.8
Fruits & Veggies,Fresh Fruits,Bodi,East,809,0.2,137.53
Bakery,Breads & Buns,Viluppuram,East,728,0.26,167.44
Food Grains,Dals & Pulses,Ooty,East,737,0.18,294.8
Food Grains,Rice,Ramanadhapuram,East,1631,0.22,456.68
"Eggs, Meat & Fish",Chicken,Salem,East,2036,0.22,101.8
Fruits & Veggies,Organic Vegetables,Dindigul,East,1033,0.27,392.54
Oil & Masala,Edible Oil & Ghee,Viluppuram,East,832,0.13,158.08
"Eggs, Meat & Fish",Fish,Namakkal,East,2397,0.27,1006.74
Oil & Masala,Edible Oil & Ghee,Ramanadhapuram,East,1659,0.14,547.47
Bakery,Biscuits,Ramanadhapuram,East,959,0.31,402.78
Snacks,Chocolates,Perambalur,East,2348,0.24,469.6
Fruits & Veggies,Organic Fruits,Cumbum,East,815,0.2,244.5
Fruits & Veggies,Fresh Fruits,Pudukottai,East,2417,0.24,314.21
Snacks,Cookies,Dharmapuri,East,1628,0.21,374.44
Snacks,Cookies,Dharmapuri,East,2083,0.16,770.71
Snacks,Chocolates,Vellore,East,2201,0.32,814.37
Food Grains,Organic Staples,Theni,East,1203,0.27,168.42
"Eggs, Meat & Fish",Fish,Dindigul,East,2250,0.35,922.5
Oil & Masala,Masalas,Coimbatore,East,1098,0.17,428.22
Food Grains,Dals & Pulses,Ooty,East,1717,0.22,652.46
Snacks,Noodles,Dindigul,East,1368,0.16,300.96
Oil & Masala,Masalas,Virudhunagar,East,1296,0.22,336.96
Food Grains,Organic Staples,Namakkal,East,525,0.31,99.75
"Eggs, Meat & Fish",Mutton,Trichy,East,635,0.14,146.05
"Eggs, Meat & Fish",Chicken,Kanyakumari,East,2097,0.24,880.74
Fruits & Veggies,Fresh Fruits,Nagercoil,East,1505,0.27,346.15
Snacks,Cookies,Viluppuram,East,2057,0.17,143.99
"Eggs, Meat & Fish",Mutton,Tenkasi,East,1510,0.3,90.6
Fruits & Veggies,Organic Vegetables,Vellore,East,583,0.25,180.73
Bakery,Breads & Buns,Namakkal,East,1189,0.24,237.8
Fruits & Veggies,Organic Fruits,Kanyakumari,East,1569,0.28,156.9
Fruits & Veggies,Fresh Fruits,Nagercoil,East,1503,0.1,180.36
Beverages,Soft Drinks,Ramanadhapuram,East,2413,0.18,1085.85
Fruits & Veggies,Fresh Fruits,Virudhunagar,East,861,0.16,370.23
Beverages,Soft Drinks,Coimbatore,East,2334,0.1,490.14
Fruits & Veggies,Organic Fruits,Vellore,East,2306,0.19,714.86
Fruits & Veggies,Fresh Vegetables,Trichy,East,2314,0.32,647.92
Fruits & Veggies,Organic Vegetables,Salem,East,2432,0.34,1094.4
Food Grains,Dals & Pulses,Tenkasi,East,2172,0.29,369.24
Beverages,Soft Drinks,Ramanadhapuram,East,2228,0.1,111.4
Bakery,Cakes,Perambalur,East,1970,0.2,374.3
Snacks,Cookies,Nagercoil,East,1510,0.15,377.5
Beverages,Health Drinks,Dindigul,East,2250,0.22,495
Bakery,Biscuits,Salem,East,1206,0.17,373.86
Oil & Masala,Masalas,Cumbum,East,959,0.11,143.85
Fruits & Veggies,Fresh Vegetables,Madurai,East,1259,0.33,302.16
Oil & Masala,Masalas,Madurai,South,1299,0.31,493.62
Beverages,Health Drinks,Bodi,South,1508,0.33,316.68
Snacks,Noodles,Krishnagiri,South,2041,0.23,816.4
Beverages,Health Drinks,Madurai,South,1102,0.28,297.54
Food Grains,Rice,Ramanadhapuram,South,1690,0.13,135.2
Bakery,Biscuits,Dindigul,South,752,0.21,255.68
Beverages,Health Drinks,Tenkasi,South,2393,0.32,454.67
Bakery,Biscuits,Chennai,South,955,0.17,429.75
Oil & Masala,Edible Oil & Ghee,Tirunelveli,South,1585,0.3,190.2
Oil & Masala,Edible Oil & Ghee,Karur,South,526,0.23,152.54
Snacks,Cookies,Pudukottai,South,1158,0.34,463.2
Beverages,Health Drinks,Bodi,South,1021,0.33,357.35
"Eggs, Meat & Fish",Fish,Karur,South,2444,0.23,513.24
Food Grains,Dals & Pulses,Coimbatore,South,1656,0.23,165.6
Oil & Masala,Masalas,Madurai,South,1710,0.17,376.2
Food Grains,Rice,Kanyakumari,South,1497,0.12,164.67
Oil & Masala,Masalas,Kanyakumari,South,1013,0.24,243.12
Snacks,Noodles,Madurai,South,1318,0.28,329.5
"Eggs, Meat & Fish",Chicken,Namakkal,South,1655,0.35,513.05
Bakery,Biscuits,Dindigul,South,951,0.2,275.79
Snacks,Cookies,Tirunelveli,South,723,0.32,122.91
Bakery,Cakes,Karur,South,697,0.22,132.43
Beverages,Health Drinks,Cumbum,South,1161,0.28,301.86
Food Grains,Dals & Pulses,Namakkal,South,2279,0.19,592.54
Bakery,Biscuits,Tirunelveli,South,1995,0.13,778.05
Fruits & Veggies,Fresh Fruits,Tenkasi,South,623,0.32,199.36
Fruits & Veggies,Fresh Fruits,Dharmapuri,South,660,0.21,59.4
Fruits & Veggies,Organic Vegetables,Chennai,South,2152,0.26,215.2
Beverages,Health Drinks,Karur,South,2255,0.19,473.55
Food Grains,Dals & Pulses,Namakkal,South,2312,0.26,485.52
Beverages,Health Drinks,Tenkasi,South,717,0.26,301.14
Bakery,Cakes,Dindigul,South,1234,0.35,61.7
Snacks,Cookies,Ooty,South,2487,0.16,696.36
Bakery,Biscuits,Krishnagiri,South,2223,0.23,955.89
Bakery,Cakes,Ooty,South,1541,0.32,600.99
Oil & Masala,Spices,Krishnagiri,West,504,0.1,55.44
Bakery,Breads & Buns,Namakkal,West,1941,0.24,756.99
"Eggs, Meat & Fish",Mutton,Karur,West,1758,0.2,158.22
Bakery,Biscuits,Vellore,West,698,0.31,300.14
Fruits & Veggies,Fresh Fruits,Tirunelveli,West,777,0.35,209.79
Snacks,Cookies,Cumbum,West,943,0.16,235.75
Oil & Masala,Spices,Madurai,West,1195,0.16,298.75
"Eggs, Meat & Fish",Chicken,Krishnagiri,West,2230,0.29,802.8
Fruits & Veggies,Organic Fruits,Nagercoil,West,1889,0.27,302.24
Snacks,Cookies,Pudukottai,West,2424,0.25,896.88
"Eggs, Meat & Fish",Fish,Ramanadhapuram,West,1710,0.33,307.8
Food Grains,Rice,Tenkasi,West,2337,0.26,210.33
"Eggs, Meat & Fish",Eggs,Vellore,West,1074,0.12,311.46
Fruits & Veggies,Organic Vegetables,Coimbatore,West,2115,0.18,803.7
Fruits & Veggies,Organic Fruits,Virudhunagar,West,541,0.13,27.05
Oil & Masala,Masalas,Dindigul,West,723,0.2,253.05
Food Grains,Atta & Flour,Dindigul,West,1261,0.2,226.98
Food Grains,Atta & Flour,Madurai,West,2359,0.28,518.98
"Eggs, Meat & Fish",Fish,Salem,West,1385,0.12,110.8
Beverages,Health Drinks,Virudhunagar,West,1388,0.26,471.92
Snacks,Cookies,Perambalur,West,563,0.35,95.71
Food Grains,Atta & Flour,Kanyakumari,West,1063,0.2,95.67
Food Grains,Rice,Bodi,West,2331,0.12,1025.64
Bakery,Biscuits,Namakkal,West,2159,0.31,734.06
"Eggs, Meat & Fish",Mutton,Bodi,West,1299,0.29,389.7
Food Grains,Atta & Flour,Namakkal,West,1395,0.1,571.95
Oil & Masala,Masalas,Madurai,West,799,0.26,263.67
Fruits & Veggies,Fresh Vegetables,Dindigul,West,2033,0.15,162.64
Oil & Masala,Edible Oil & Ghee,Dharmapuri,West,500,0.11,220
Oil & Masala,Spices,Tenkasi,West,722,0.27,173.28
Oil & Masala,Edible Oil & Ghee,Madurai,West,2472,0.13,593.28
Bakery,Biscuits,Cumbum,West,1253,0.18,488.67
"Eggs, Meat & Fish",Eggs,Tenkasi,West,2474,0.27,692.72
Beverages,Soft Drinks,Kanyakumari,West,2307,0.23,115.35
"Eggs, Meat & Fish",Mutton,Kanyakumari,West,1686,0.21,236.04
Beverages,Health Drinks,Pudukottai,West,867,0.29,286.11
Fruits & Veggies,Organic Fruits,Perambalur,West,1001,0.35,220.22
"Eggs, Meat & Fish",Eggs,Dharmapuri,West,1896,0.14,701.52
Beverages,Health Drinks,Tirunelveli,West,1400,0.34,378
Beverages,Health Drinks,Perambalur,West,555,0.11,94.35
"Eggs, Meat & Fish",Mutton,Pudukottai,West,567,0.14,164.43
Bakery,Biscuits,Coimbatore,West,1764,0.35,740.88
Snacks,Cookies,Virudhunagar,West,2368,0.18,568.32
Fruits & Veggies,Organic Fruits,Madurai,West,1991,0.19,796.4
Oil & Masala,Edible Oil & Ghee,Coimbatore,West,1439,0.15,316.58
Snacks,Chocolates,Perambalur,West,1579,0.26,663.18
Snacks,Chocolates,Chennai,West,568,0.3,39.76
Food Grains,Rice,Cumbum,West,924,0.35,101.64
Bakery,Biscuits,Madurai,West,668,0.24,133.6
Beverages,Health Drinks,Pudukottai,West,1188,0.18,154.44
Bakery,Breads & Buns,Karur,West,2181,0.18,283.53
Fruits & Veggies,Organic Fruits,Viluppuram,West,1946,0.32,252.98
Food Grains,Atta & Flour,Coimbatore,West,1707,0.32,238.98
"Eggs, Meat & Fish",Eggs,Pudukottai,West,1473,0.19,559.74
Beverages,Health Drinks,Chennai,West,1313,0.34,144.43
"Eggs, Meat & Fish",Eggs,Chennai,West,1671,0.19,133.68
"Eggs, Meat & Fish",Eggs,Karur,West,2468,0.27,518.28
"Eggs, Meat & Fish",Fish,Salem,West,1514,0.1,121.12
Snacks,Cookies,Virudhunagar,West,1628,0.35,113.96
Bakery,Biscuits,Madurai,West,1078,0.25,301.84
Snacks,Noodles,Perambalur,West,1811,0.11,796.84
Snacks,Noodles,Cumbum,West,1371,0.23,466.14
Beverages,Soft Drinks,Namakkal,West,1603,0.11,705.32
Bakery,Breads & Buns,Ooty,West,2272,0.26,590.72
Fruits & Veggies,Organic Vegetables,Kanyakumari,West,2500,0.14,1025
Fruits & Veggies,Fresh Fruits,Tenkasi,West,2404,0.14,312.52
Oil & Masala,Spices,Namakkal,West,1426,0.17,171.12
Food Grains,Rice,Dharmapuri,West,520,0.14,36.4
Food Grains,Organic Staples,Karur,West,613,0.35,85.82
Snacks,Noodles,Madurai,West,1972,0.24,847.96
Fruits & Veggies,Fresh Fruits,Bodi,West,1200,0.16,360
Snacks,Noodles,Vellore,Central,1007,0.2,130.91
Beverages,Soft Drinks,Vellore,Central,834,0.32,166.8
Oil & Masala,Spices,Pudukottai,Central,1075,0.16,408.5
Food Grains,Organic Staples,Bodi,Central,1445,0.3,317.9
Oil & Masala,Spices,Ooty,Central,2285,0.1,822.6
"Eggs, Meat & Fish",Eggs,Dindigul,Central,1266,0.35,164.58
Beverages,Health Drinks,Ramanadhapuram,Central,1881,0.29,695.97
Beverages,Soft Drinks,Namakkal,Central,1786,0.19,392.92
Fruits & Veggies,Fresh Vegetables,Ooty,Central,593,0.28,213.48
Fruits & Veggies,Organic Vegetables,Karur,Central,1658,0.27,149.22
Fruits & Veggies,Organic Vegetables,Vellore,Central,2412,0.32,337.68
Bakery,Biscuits,Vellore,Central,1374,0.22,357.24
Snacks,Chocolates,Tirunelveli,Central,1723,0.21,430.75
Bakery,Cakes,Virudhunagar,Central,1724,0.13,241.36
"Eggs, Meat & Fish",Eggs,Namakkal,Central,1207,0.15,458.66
Food Grains,Atta & Flour,Krishnagiri,Central,2178,0.16,958.32
Bakery,Breads & Buns,Salem,Central,918,0.35,91.8
Bakery,Breads & Buns,Bodi,Central,1840,0.25,570.4
Fruits & Veggies,Fresh Vegetables,Dharmapuri,Central,2294,0.24,940.54
Bakery,Breads & Buns,Madurai,Central,1370,0.26,438.4
Fruits & Veggies,Organic Vegetables,Tirunelveli,Central,1444,0.27,72.2
Oil & Masala,Masalas,Theni,Central,2316,0.1,393.72
Beverages,Health Drinks,Nagercoil,Central,1301,0.11,390.3
Fruits & Veggies,Fresh Vegetables,Kanyakumari,Central,959,0.21,345.24
Beverages,Health Drinks,Dindigul,Central,2005,0.16,681.7
Oil & Masala,Spices,Vellore,Central,1244,0.22,62.2
Food Grains,Organic Staples,Karur,Central,790,0.35,173.8
Food Grains,Dals & Pulses,Namakkal,Central,1472,0.14,88.32
Bakery,Breads & Buns,Namakkal,Central,2424,0.12,242.4
Oil & Masala,Spices,Chennai,Central,2451,0.23,245.1
Food Grains,Organic Staples,Chennai,Central,1193,0.24,477.2
Oil & Masala,Spices,Salem,Central,1113,0.11,311.64
Food Grains,Atta & Flour,Coimbatore,Central,1698,0.2,679.2
Fruits & Veggies,Organic Vegetables,Pudukottai,Central,1392,0.35,612.48
Food Grains,Dals & Pulses,Ooty,Central,937,0.24,215.51
Fruits & Veggies,Organic Vegetables,Coimbatore,Central,774,0.29,224.46
Snacks,Chocolates,Madurai,Central,1872,0.11,299.52
Beverages,Soft Drinks,Perambalur,Central,1592,0.3,350.24
Beverages,Soft Drinks,Ramanadhapuram,Central,1464,0.3,424.56
Snacks,Noodles,Virudhunagar,Central,2000,0.34,460
Food Grains,Atta & Flour,Karur,Central,938,0.35,234.5
Oil & Masala,Edible Oil & Ghee,Vellore,Central,2305,0.31,668.45
Beverages,Soft Drinks,Chennai,Central,1220,0.32,353.8
Bakery,Cakes,Karur,Central,2319,0.3,602.94
Food Grains,Organic Staples,Pudukottai,Central,1482,0.25,592.8
Bakery,Cakes,Dharmapuri,Central,1257,0.33,540.51
Oil & Masala,Spices,Ooty,Central,531,0.18,238.95
Oil & Masala,Spices,Dindigul,Central,2077,0.31,436.17
Bakery,Breads & Buns,Kanyakumari,Central,603,0.17,126.63
Bakery,Breads & Buns,Viluppuram,Central,1213,0.34,351.77
Beverages,Health Drinks,Trichy,Central,905,0.26,298.65
"Eggs, Meat & Fish",Chicken,Kanyakumari,Central,1977,0.25,474.48
Oil & Masala,Spices,Theni,Central,2175,0.23,674.25
Bakery,Biscuits,Salem,Central,1512,0.25,151.2
Beverages,Soft Drinks,Kanyakumari,Central,1732,0.29,433
Bakery,Cakes,Karur,Central,2269,0.15,431.11
Bakery,Biscuits,Pudukottai,Central,990,0.22,237.6
Oil & Masala,Edible Oil & Ghee,Dharmapuri,Central,2279,0.29,660.91
Food Grains,Rice,Namakkal,Central,952,0.16,76.16
"Eggs, Meat & Fish",Mutton,Trichy,Central,674,0.35,208.94
Oil & Masala,Spices,Viluppuram,Central,767,0.14,337.48
Beverages,Soft Drinks,Tirunelveli,Central,1393,0.22,69.65
Beverages,Health Drinks,Theni,Central,2314,0.19,277.68
Bakery,Cakes,Kanyakumari,Central,1023,0.35,368.28
Food Grains,Atta & Flour,Dindigul,Central,1726,0.32,586.84
Fruits & Veggies,Organic Vegetables,Vellore,Central,2472,0.28,519.12
Bakery,Breads & Buns,Namakkal,Central,2417,0.15,773.44
Oil & Masala,Masalas,Coimbatore,Central,1890,0.35,831.6
"Eggs, Meat & Fish",Fish,Salem,Central,1493,0.16,477.76
"Eggs, Meat & Fish",Eggs,Karur,Central,1850,0.29,481
Fruits & Veggies,Fresh Fruits,Coimbatore,Central,1455,0.29,640.2
Snacks,Chocolates,Salem,Central,1881,0.33,225.72
Snacks,Noodles,Ooty,Central,1141,0.26,136.92
Oil & Masala,Edible Oil & Ghee,Chennai,Central,1512,0.2,574.56
Oil & Masala,Spices,Tirunelveli,Central,1619,0.1,226.66
Bakery,Cakes,Dindigul,Central,2252,0.25,855.76
Food Grains,Atta & Flour,Karur,Central,2089,0.21,125.34
Beverages,Health Drinks,Coimbatore,Central,1632,0.19,163.2
"Eggs, Meat & Fish",Chicken,Trichy,Central,1254,0.25,501.6
Fruits & Veggies,Organic Vegetables,Karur,Central,1422,0.3,355.5
Snacks,Chocolates,Viluppuram,Central,1698,0.2,509.4
Snacks,Noodles,Chennai,Central,1602,0.32,512.64
"Eggs, Meat & Fish",Chicken,Pudukottai,Central,2178,0.14,261.36
Beverages,Health Drinks,Vellore,Central,2004,0.34,380.76
Fruits & Veggies,Organic Fruits,Krishnagiri,Central,2118,0.19,444.78
Oil & Masala,Masalas,Madurai,Central,711,0.27,291.51
Oil & Masala,Spices,Nagercoil,Central,2262,0.2,520.26
"Eggs, Meat & Fish",Mutton,Coimbatore,Central,1132,0.21,203.76
Fruits & Veggies,Fresh Vegetables,Virudhunagar,Central,1865,0.26,279.75
Snacks,Cookies,Dindigul,Central,1570,0.34,188.4
Beverages,Soft Drinks,Coimbatore,Central,2314,0.14,439.66
Bakery,Breads & Buns,Ramanadhapuram,Central,1866,0.23,205.26
Bakery,Breads & Buns,Vellore,Central,1871,0.23,841.95
Oil & Masala,Edible Oil & Ghee,Dharmapuri,Central,1182,0.33,425.52
Oil & Masala,Spices,Kanyakumari,Central,1820,0.15,509.6
Beverages,Soft Drinks,Trichy,Central,1220,0.31,317.2
Snacks,Noodles,Virudhunagar,Central,888,0.28,222
Snacks,Noodles,Vellore,Central,2031,0.11,264.03
Oil & Masala,Edible Oil & Ghee,Theni,Central,1577,0.28,78.85
Fruits & Veggies,Fresh Vegetables,Viluppuram,Central,1709,0.32,170.9
Bakery,Breads & Buns,Coimbatore,Central,1471,0.2,250.07
Snacks,Cookies,Dindigul,Central,2258,0.25,699.98
Oil & Masala,Spices,Karur,Central,2003,0.25,300.45
Bakery,Breads & Buns,Tenkasi,Central,1511,0.28,438.19
Oil & Masala,Edible Oil & Ghee,Pudukottai,Central,2022,0.25,384.18
Food Grains,Rice,Vellore,Central,592,0.34,100.64
Snacks,Noodles,Dindigul,Central,1612,0.18,435.24
Oil & Masala,Spices,Bodi,Central,1810,0.29,307.7
Bakery,Breads & Buns,Namakkal,Central,883,0.16,114.79
Beverages,Health Drinks,Tirunelveli,Central,1358,0.25,611.1
Food Grains,Rice,Virudhunagar,Central,1540,0.33,123.2
Beverages,Soft Drinks,Bodi,Central,1525,0.15,640.5
Bakery,Breads & Buns,Pudukottai,Central,1169,0.35,233.8
Beverages,Soft Drinks,Vellore,Central,2182,0.12,829.16
"Eggs, Meat & Fish",Chicken,Viluppuram,Central,1822,0.22,637.7
Oil & Masala,Masalas,Bodi,Central,1375,0.26,275
Bakery,Breads & Buns,Ramanadhapuram,Central,2039,0.19,734.04
Beverages,Soft Drinks,Bodi,Central,1140,0.16,478.8
Beverages,Soft Drinks,Chennai,Central,832,0.23,58.24
Beverages,Health Drinks,Dharmapuri,Central,904,0.2,343.52
Snacks,Noodles,Tirunelveli,Central,1054,0.13,432.14
Bakery,Biscuits,Theni,Central,1280,0.12,358.4
Beverages,Health Drinks,Chennai,Central,2188,0.1,765.8
Snacks,Cookies,Dindigul,Central,661,0.34,218.13
Bakery,Biscuits,Namakkal,Central,1377,0.32,481.95
Fruits & Veggies,Fresh Vegetables,Vellore,Central,1792,0.27,430.08
Bakery,Cakes,Salem,Central,2482,0.16,446.76
Bakery,Biscuits,Salem,Central,2478,0.16,594.72
Beverages,Health Drinks,Cumbum,Central,669,0.28,140.49
Food Grains,Atta & Flour,Dindigul,Central,1697,0.3,135.76
Oil & Masala,Edible Oil & Ghee,Vellore,Central,876,0.27,324.12
Bakery,Breads & Buns,Madurai,Central,1037,0.19,435.54
Fruits & Veggies,Organic Vegetables,Madurai,Central,2051,0.32,512.75
Fruits & Veggies,Fresh Fruits,Krishnagiri,Central,581,0.35,87.15
Beverages,Soft Drinks,Chennai,Central,1583,0.28,601.54
Fruits & Veggies,Organic Fruits,Bodi,Central,1011,0.15,323.52
Fruits & Veggies,Organic Vegetables,Nagercoil,Central,1275,0.32,344.25
"Eggs, Meat & Fish",Chicken,Dindigul,Central,527,0.23,237.15
Fruits & Veggies,Organic Vegetables,Vellore,East,2343,0.27,820.05
Fruits & Veggies,Fresh Fruits,Pudukottai,East,1893,0.22,700.41
"Eggs, Meat & Fish",Fish,Ooty,East,1751,0.35,490.28
Food Grains,Rice,Perambalur,East,636,0.31,248.04
"Eggs, Meat & Fish",Eggs,Dindigul,East,2484,0.1,645.84
Food Grains,Organic Staples,Krishnagiri,East,880,0.18,167.2
Bakery,Cakes,Theni,East,1634,0.32,408.5
Beverages,Health Drinks,Karur,East,1794,0.24,717.6
Food Grains,Rice,Namakkal,East,2355,0.3,117.75
Bakery,Cakes,Salem,East,1558,0.32,186.96
Beverages,Health Drinks,Ooty,East,713,0.18,128.34
Food Grains,Atta & Flour,Pudukottai,East,1621,0.2,437.67
Oil & Masala,Spices,Krishnagiri,East,1925,0.11,827.75
Oil & Masala,Edible Oil & Ghee,Kanyakumari,East,1566,0.34,657.72
Bakery,Breads & Buns,Tenkasi,East,832,0.11,208
Fruits & Veggies,Organic Fruits,Krishnagiri,East,824,0.25,123.6
Food Grains,Rice,Kanyakumari,East,575,0.27,247.25
"Eggs, Meat & Fish",Mutton,Namakkal,East,2224,0.15,511.52
Oil & Masala,Edible Oil & Ghee,Namakkal,East,1153,0.31,230.6
Oil & Masala,Edible Oil & Ghee,Ooty,East,1139,0.24,136.68
Bakery,Biscuits,Pudukottai,East,1168,0.21,58.4
Beverages,Soft Drinks,Ramanadhapuram,East,2491,0.27,548.02
Food Grains,Dals & Pulses,Cumbum,East,1257,0.34,565.65
Food Grains,Rice,Pudukottai,East,1314,0.18,118.26
Fruits & Veggies,Fresh Vegetables,Namakkal,East,1213,0.34,145.56
Snacks,Noodles,Ooty,East,2369,0.25,615.94
Fruits & Veggies,Fresh Fruits,Kanyakumari,East,2068,0.3,434.28
Food Grains,Atta & Flour,Pudukottai,East,1020,0.21,163.2
Snacks,Noodles,Vellore,East,1474,0.28,397.98
Fruits & Veggies,Fresh Fruits,Nagercoil,East,1599,0.22,399.75
Oil & Masala,Masalas,Chennai,East,1159,0.15,278.16
Oil & Masala,Masalas,Chennai,East,1975,0.1,829.5
Fruits & Veggies,Fresh Fruits,Salem,East,1333,0.3,213.28
Fruits & Veggies,Organic Fruits,Namakkal,East,512,0.19,92.16
Beverages,Soft Drinks,Namakkal,East,1125,0.1,202.5
Snacks,Noodles,Namakkal,East,822,0.21,246.6
Beverages,Soft Drinks,Bodi,East,1354,0.16,514.52
"Eggs, Meat & Fish",Fish,Chennai,East,1445,0.1,621.35
Beverages,Soft Drinks,Cumbum,East,2024,0.3,809.6
Bakery,Biscuits,Karur,East,1823,0.17,674.51
Bakery,Cakes,Ooty,East,1118,0.12,290.68
Beverages,Soft Drinks,Vellore,East,2153,0.33,839.67
Snacks,Chocolates,Chennai,East,1121,0.33,257.83
"Eggs, Meat & Fish",Eggs,Perambalur,East,1905,0.24,819.15
Bakery,Breads & Buns,Karur,East,1592,0.29,525.36
Bakery,Cakes,Salem,East,2175,0.2,891.75
Food Grains,Organic Staples,Dindigul,East,1586,0.12,269.62
"Eggs, Meat & Fish",Fish,Cumbum,East,2139,0.23,513.36
Oil & Masala,Edible Oil & Ghee,Nagercoil,East,519,0.16,41.52
Food Grains,Organic Staples,Ramanadhapuram,East,530,0.16,190.8
Bakery,Cakes,Krishnagiri,East,2134,0.14,128.04
Bakery,Biscuits,Coimbatore,East,1907,0.35,247.91
Bakery,Breads & Buns,Trichy,East,1269,0.16,558.36
Bakery,Breads & Buns,Nagercoil,East,1785,0.24,642.6
Oil & Masala,Masalas,Tenkasi,East,2317,0.34,1042.65
Oil & Masala,Spices,Krishnagiri,East,1510,0.34,151
Snacks,Chocolates,Tenkasi,East,1729,0.32,708.89
Food Grains,Dals & Pulses,Namakkal,East,1069,0.13,203.11
Beverages,Health Drinks,Theni,East,987,0.11,227.01
Snacks,Cookies,Karur,East,1318,0.17,579.92
Bakery,Biscuits,Viluppuram,East,2007,0.26,501.75
Snacks,Noodles,Viluppuram,East,1075,0.2,408.5
Bakery,Cakes,Kanyakumari,East,1399,0.23,587.58
"Eggs, Meat & Fish",Chicken,Trichy,East,2232,0.29,870.48
Oil & Masala,Edible Oil & Ghee,Virudhunagar,East,2259,0.24,135.54
Beverages,Health Drinks,Madurai,East,1485,0.22,163.35
Fruits & Veggies,Organic Fruits,Karur,East,711,0.3,255.96
Snacks,Cookies,Trichy,East,1217,0.34,389.44
Fruits & Veggies,Fresh Vegetables,Theni,East,755,0.3,256.7
Bakery,Biscuits,Kanyakumari,East,1864,0.18,428.72
Oil & Masala,Masalas,Kanyakumari,East,1255,0.12,539.65
Snacks,Cookies,Ooty,East,1236,0.17,432.6
Oil & Masala,Edible Oil & Ghee,Virudhunagar,East,1975,0.34,177.75
Beverages,Soft Drinks,Ramanadhapuram,East,2224,0.27,978.56
Oil & Masala,Edible Oil & Ghee,Nagercoil,East,2227,0.23,133.62
Snacks,Cookies,Nagercoil,East,758,0.17,257.72
Fruits & Veggies,Fresh Fruits,Virudhunagar,East,2059,0.1,905.96
Snacks,Cookies,Tenkasi,East,995,0.19,447.75
Oil & Masala,Masalas,Karur,East,2101,0.15,735.35
Fruits & Veggies,Fresh Fruits,Krishnagiri,East,1382,0.34,234.94
Oil & Masala,Masalas,Virudhunagar,East,1095,0.22,109.5
Food Grains,Organic Staples,Theni,East,760,0.21,114
Fruits & Veggies,Organic Vegetables,Namakkal,East,959,0.25,402.78
Fruits & Veggies,Organic Fruits,Tenkasi,East,811,0.23,194.64
Beverages,Soft Drinks,Coimbatore,East,1368,0.13,615.6
Bakery,Breads & Buns,Pudukottai,East,1177,0.14,506.11
Bakery,Biscuits,Nagercoil,East,632,0.23,151.68
Snacks,Cookies,Tenkasi,East,722,0.12,238.26
"Eggs, Meat & Fish",Fish,Ooty,East,865,0.11,190.3
Bakery,Biscuits,Ramanadhapuram,East,2018,0.22,423.78
Food Grains,Dals & Pulses,Trichy,East,669,0.3,100.35
Snacks,Cookies,Perambalur,East,2038,0.35,366.84
Bakery,Cakes,Karur,East,1998,0.18,219.78
Oil & Masala,Edible Oil & Ghee,Vellore,East,2365,0.28,733.15
Food Grains,Organic Staples,Dindigul,East,980,0.28,245
"Eggs, Meat & Fish",Fish,Coimbatore,East,1705,0.27,136.4
Fruits & Veggies,Organic Fruits,Madurai,East,1350,0.19,283.5
Beverages,Health Drinks,Chennai,East,1312,0.28,524.8
Bakery,Biscuits,Tirunelveli,East,1602,0.33,656.82
Food Grains,Organic Staples,Theni,East,1471,0.31,176.52
Fruits & Veggies,Fresh Vegetables,Virudhunagar,East,826,0.31,90.86
Fruits & Veggies,Fresh Vegetables,Tirunelveli,East,2349,0.23,845.64
Fruits & Veggies,Organic Vegetables,Cumbum,East,1489,0.12,223.35
Food Grains,Atta & Flour,Dindigul,East,1919,0.11,537.32
Beverages,Health Drinks,Perambalur,East,1954,0.31,820.68
Bakery,Biscuits,Coimbatore,East,1367,0.15,123.03
Beverages,Soft Drinks,Coimbatore,East,1102,0.19,407.74
Fruits & Veggies,Organic Vegetables,Bodi,East,630,0.26,226.8
Oil & Masala,Edible Oil & Ghee,Pudukottai,East,573,0.12,183.36
Beverages,Health Drinks,Namakkal,East,2185,0.3,218.5
Bakery,Breads & Buns,Perambalur,East,589,0.22,229.71
Oil & Masala,Masalas,Salem,East,1585,0.27,95.1
Fruits & Veggies,Fresh Fruits,Vellore,East,1330,0.15,518.7
Food Grains,Organic Staples,Cumbum,East,1624,0.27,519.68
Beverages,Health Drinks,Kanyakumari,East,2140,0.33,791.8
Bakery,Breads & Buns,Ramanadhapuram,East,1490,0.19,253.3
"Eggs, Meat & Fish",Mutton,Virudhunagar,East,1801,0.33,342.19
Snacks,Cookies,Karur,East,2019,0.1,706.65
Fruits & Veggies,Organic Fruits,Tenkasi,East,2344,0.2,421.92
Bakery,Breads & Buns,Kanyakumari,East,1903,0.22,437.69
Fruits & Veggies,Fresh Vegetables,Theni,East,2308,0.31,207.72
"Eggs, Meat & Fish",Chicken,Vellore,East,989,0.22,197.8
Food Grains,Dals & Pulses,Theni,East,859,0.34,377.96
Fruits & Veggies,Organic Fruits,Vellore,East,635,0.15,69.85
Snacks,Noodles,Perambalur,East,1866,0.25,653.1
Snacks,Cookies,Tenkasi,East,2027,0.31,385.13
Bakery,Breads & Buns,Tenkasi,East,2246,0.2,539.04
Fruits & Veggies,Organic Fruits,Pudukottai,East,1579,0.15,189.48
Food Grains,Atta & Flour,Chennai,East,1270,0.28,317.5
Oil & Masala,Masalas,Ooty,East,1267,0.11,177.38
Beverages,Health Drinks,Namakkal,East,1458,0.17,626.94
"Eggs, Meat & Fish",Chicken,Nagercoil,East,750,0.26,75
Fruits & Veggies,Organic Vegetables,Trichy,East,843,0.21,252.9
Beverages,Soft Drinks,Dharmapuri,East,1213,0.15,145.56
Oil & Masala,Spices,Pudukottai,East,2019,0.23,383.61
Food Grains,Dals & Pulses,Ramanadhapuram,East,573,0.26,148.98
Oil & Masala,Masalas,Tenkasi,East,791,0.28,348.04
Oil & Masala,Edible Oil & Ghee,Theni,East,2108,0.21,210.8
Oil & Masala,Masalas,Ramanadhapuram,East,769,0.33,322.98
"Eggs, Meat & Fish",Fish,Ooty,East,2064,0.25,495.36
Oil & Masala,Edible Oil & Ghee,Viluppuram,East,2451,0.15,1004.91
Snacks,Cookies,Virudhunagar,East,2241,0.29,268.92
"Eggs, Meat & Fish",Fish,Tirunelveli,East,1072,0.27,343.04
Snacks,Cookies,Virudhunagar,East,679,0.11,258.02
Oil & Masala,Spices,Perambalur,East,2278,0.2,318.92
"Eggs, Meat & Fish",Chicken,Dindigul,East,1170,0.12,105.3
Bakery,Breads & Buns,Theni,East,856,0.29,111.28
Oil & Masala,Edible Oil & Ghee,Krishnagiri,East,519,0.22,98.61
Snacks,Noodles,Chennai,East,815,0.28,203.75
Beverages,Health Drinks,Ooty,East,1831,0.19,457.75
Snacks,Cookies,Pudukottai,South,2207,0.23,132.42
Bakery,Breads & Buns,Trichy,South,1050,0.22,136.5
"Eggs, Meat & Fish",Fish,Cumbum,South,973,0.29,379.47
Fruits & Veggies,Fresh Vegetables,Perambalur,South,1624,0.1,422.24
Snacks,Cookies,Krishnagiri,South,1660,0.14,730.4
Snacks,Chocolates,Perambalur,South,993,0.25,287.97
"Eggs, Meat & Fish",Eggs,Virudhunagar,South,2309,0.22,831.24
Fruits & Veggies,Fresh Fruits,Salem,South,1959,0.11,313.44
Snacks,Noodles,Vellore,South,2276,0.34,955.92
Fruits & Veggies,Fresh Fruits,Karur,South,1438,0.1,359.5
Beverages,Soft Drinks,Theni,South,603,0.28,168.84
Beverages,Health Drinks,Theni,South,995,0.25,338.3
Bakery,Breads & Buns,Chennai,South,1054,0.14,179.18
Food Grains,Organic Staples,Karur,South,1532,0.19,505.56
"Eggs, Meat & Fish",Eggs,Krishnagiri,South,1896,0.12,853.2
Oil & Masala,Masalas,Theni,South,758,0.23,189.5
Oil & Masala,Spices,Cumbum,South,1321,0.33,475.56
Fruits & Veggies,Fresh Vegetables,Chennai,South,1559,0.15,155.9
Fruits & Veggies,Fresh Fruits,Bodi,South,2450,0.14,784
Oil & Masala,Masalas,Kanyakumari,South,988,0.1,424.84
Snacks,Noodles,Cumbum,South,1998,0.18,539.46
Oil & Masala,Spices,Dharmapuri,South,1813,0.19,416.99
Snacks,Cookies,Theni,South,1046,0.17,397.48
Oil & Masala,Masalas,Pudukottai,South,940,0.33,394.8
Food Grains,Rice,Virudhunagar,South,604,0.11,36.24
"Eggs, Meat & Fish",Mutton,Coimbatore,South,536,0.35,176.88
Oil & Masala,Masalas,Theni,South,1572,0.13,298.68
"Eggs, Meat & Fish",Eggs,Coimbatore,South,2311,0.17,993.73
Snacks,Cookies,Tenkasi,South,895,0.16,187.95
Snacks,Cookies,Tirunelveli,South,932,0.35,65.24
Beverages,Soft Drinks,Pudukottai,South,685,0.19,68.5
Beverages,Health Drinks,Viluppuram,South,826,0.27,371.7
Beverages,Health Drinks,Tirunelveli,South,815,0.29,171.15
Oil & Masala,Edible Oil & Ghee,Tirunelveli,South,1659,0.11,613.83
Food Grains,Organic Staples,Pudukottai,South,2070,0.25,455.4
Beverages,Health Drinks,Salem,South,2386,0.19,143.16
Oil & Masala,Masalas,Tirunelveli,South,2384,0.17,715.2
Beverages,Soft Drinks,Trichy,South,2010,0.15,402
Snacks,Chocolates,Cumbum,South,673,0.1,174.98
"Eggs, Meat & Fish",Mutton,Trichy,South,2003,0.12,220.33
Snacks,Noodles,Kanyakumari,South,1087,0.34,141.31
Snacks,Cookies,Chennai,South,1895,0.13,549.55
Oil & Masala,Masalas,Madurai,South,2132,0.35,255.84
Snacks,Noodles,Salem,South,2116,0.19,592.48
"Eggs, Meat & Fish",Eggs,Kanyakumari,South,2380,0.22,190.4
Fruits & Veggies,Fresh Fruits,Virudhunagar,South,1646,0.13,510.26
Snacks,Noodles,Perambalur,South,1917,0.1,230.04
Food Grains,Dals & Pulses,Tirunelveli,South,2122,0.33,742.7
Bakery,Breads & Buns,Ramanadhapuram,South,1688,0.16,286.96
Fruits & Veggies,Fresh Fruits,Bodi,South,2123,0.11,891.66
"Eggs, Meat & Fish",Fish,Salem,South,1860,0.28,818.4
Food Grains,Organic Staples,Chennai,South,755,0.35,226.5
Fruits & Veggies,Fresh Fruits,Ooty,South,1184,0.33,106.56
Bakery,Breads & Buns,Cumbum,South,2398,0.3,599.5
Food Grains,Rice,Kanyakumari,South,962,0.23,355.94
Food Grains,Rice,Ramanadhapuram,South,1052,0.31,473.4
Food Grains,Dals & Pulses,Tenkasi,South,1907,0.17,419.54
"Eggs, Meat & Fish",Chicken,Pudukottai,South,1095,0.27,153.3
Snacks,Chocolates,Pudukottai,South,1997,0.18,319.52
Snacks,Cookies,Madurai,South,885,0.25,141.6
Bakery,Breads & Buns,Pudukottai,South,2395,0.22,1053.8
Food Grains,Dals & Pulses,Pudukottai,South,993,0.33,377.34
Bakery,Biscuits,Nagercoil,South,1275,0.28,484.5
Oil & Masala,Masalas,Salem,South,1797,0.19,521.13
Beverages,Health Drinks,Bodi,South,732,0.13,314.76
Food Grains,Rice,Perambalur,South,2069,0.23,806.91
Snacks,Chocolates,Madurai,South,2230,0.11,825.1
Food Grains,Atta & Flour,Madurai,South,2120,0.29,318
"Eggs, Meat & Fish",Eggs,Chennai,South,1862,0.18,521.36
Bakery,Cakes,Vellore,South,1352,0.34,554.32
Bakery,Breads & Buns,Namakkal,South,892,0.33,205.16
Beverages,Soft Drinks,Theni,South,1908,0.1,419.76
Bakery,Biscuits,Coimbatore,South,1834,0.15,476.84
Bakery,Cakes,Ramanadhapuram,South,1636,0.33,130.88
Food Grains,Rice,Krishnagiri,South,708,0.22,318.6
Beverages,Health Drinks,Coimbatore,South,1014,0.27,182.52
Beverages,Health Drinks,Kanyakumari,South,2000,0.16,880
Beverages,Health Drinks,Dindigul,South,1061,0.28,360.74
Fruits & Veggies,Fresh Fruits,Kanyakumari,South,1827,0.29,694.26
Bakery,Cakes,Karur,South,1314,0.31,210.24
Snacks,Chocolates,Ooty,South,992,0.25,158.72
Fruits & Veggies,Fresh Fruits,Theni,South,824,0.22,107.12
Fruits & Veggies,Fresh Vegetables,Dharmapuri,South,863,0.22,207.12
Snacks,Noodles,Theni,South,2398,0.35,263.78
Oil & Masala,Masalas,Viluppuram,South,1859,0.22,446.16
Bakery,Cakes,Coimbatore,South,955,0.26,296.05
Bakery,Biscuits,Karur,South,2101,0.25,819.39
Food Grains,Atta & Flour,Pudukottai,South,2359,0.17,518.98
"Eggs, Meat & Fish",Mutton,Dharmapuri,South,991,0.2,297.3
Food Grains,Atta & Flour,Pudukottai,South,1713,0.13,753.72
Bakery,Breads & Buns,Viluppuram,South,1341,0.16,482.76
"Eggs, Meat & Fish",Mutton,Kanyakumari,South,2477,0.23,495.4
Oil & Masala,Edible Oil & Ghee,Krishnagiri,West,2494,0.13,847.96
Food Grains,Dals & Pulses,Salem,West,1857,0.31,631.38
Beverages,Soft Drinks,Chennai,West,1364,0.35,409.2
Beverages,Health Drinks,Nagercoil,West,1201,0.31,312.26
Bakery,Breads & Buns,Ooty,West,1027,0.15,236.21
Bakery,Cakes,Pudukottai,West,1147,0.18,344.1
Fruits & Veggies,Fresh Fruits,Ramanadhapuram,West,1757,0.24,140.56
Snacks,Chocolates,Cumbum,West,1143,0.32,137.16
Bakery,Biscuits,Trichy,West,2429,0.11,1093.05
Beverages,Health Drinks,Madurai,West,2190,0.3,700.8
Oil & Masala,Edible Oil & Ghee,Krishnagiri,West,2168,0.24,238.48
Bakery,Breads & Buns,Kanyakumari,West,2073,0.28,642.63
Beverages,Health Drinks,Tenkasi,West,1554,0.2,295.26
Bakery,Biscuits,Tenkasi,West,1641,0.23,180.51
Fruits & Veggies,Organic Vegetables,Kanyakumari,West,1273,0.31,165.49
Oil & Masala,Spices,Trichy,West,879,0.16,307.65
Snacks,Noodles,Virudhunagar,West,913,0.23,155.21
"Eggs, Meat & Fish",Mutton,Perambalur,West,976,0.11,409.92
Fruits & Veggies,Fresh Vegetables,Cumbum,West,1105,0.15,198.9
"Eggs, Meat & Fish",Mutton,Tirunelveli,West,1100,0.3,242
Food Grains,Organic Staples,Chennai,West,2442,0.18,708.18
Beverages,Soft Drinks,Krishnagiri,West,1921,0.14,499.46
Beverages,Health Drinks,Dindigul,West,2296,0.15,1010.24
Fruits & Veggies,Organic Vegetables,Bodi,West,1363,0.15,558.83
Fruits & Veggies,Fresh Fruits,Madurai,West,1549,0.25,309.8
"Eggs, Meat & Fish",Fish,Bodi,West,880,0.22,237.6
"Eggs, Meat & Fish",Eggs,Tenkasi,West,1485,0.24,623.7
Food Grains,Atta & Flour,Madurai,West,865,0.19,311.4
Beverages,Health Drinks,Chennai,West,645,0.11,103.2
Bakery,Biscuits,Virudhunagar,West,1887,0.14,358.53
Food Grains,Atta & Flour,Dharmapuri,West,611,0.26,146.64
Food Grains,Dals & Pulses,Dharmapuri,West,588,0.13,235.2
"Eggs, Meat & Fish",Chicken,Ramanadhapuram,West,1280,0.28,140.8
Food Grains,Rice,Chennai,West,1932,0.2,193.2
Snacks,Noodles,Tenkasi,West,1192,0.17,393.36
Oil & Masala,Edible Oil & Ghee,Virudhunagar,West,1119,0.18,436.41
"Eggs, Meat & Fish",Eggs,Karur,West,521,0.26,119.83
Food Grains,Organic Staples,Tirunelveli,West,1072,0.21,257.28
Bakery,Cakes,Nagercoil,West,1565,0.23,156.5
Food Grains,Rice,Viluppuram,West,1245,0.13,112.05
Food Grains,Rice,Dindigul,West,2012,0.21,784.68
Bakery,Biscuits,Ooty,West,1888,0.11,509.76
Fruits & Veggies,Fresh Vegetables,Theni,West,689,0.28,303.16
Fruits & Veggies,Fresh Fruits,Coimbatore,West,877,0.31,219.25
"Eggs, Meat & Fish",Fish,Virudhunagar,West,1607,0.19,691.01
Bakery,Cakes,Nagercoil,West,2289,0.31,389.13
Food Grains,Atta & Flour,Tirunelveli,West,1900,0.14,152
Oil & Masala,Masalas,Bodi,West,2307,0.23,184.56
Oil & Masala,Spices,Vellore,West,2021,0.1,323.36
Oil & Masala,Masalas,Chennai,West,1264,0.29,429.76
Beverages,Soft Drinks,Perambalur,West,2475,0.31,198
"Eggs, Meat & Fish",Fish,Bodi,West,2358,0.24,801.72
"Eggs, Meat & Fish",Fish,Tenkasi,West,2157,0.15,237.27
Oil & Masala,Edible Oil & Ghee,Salem,West,2171,0.16,846.69
Beverages,Health Drinks,Theni,West,1022,0.22,275.94
Snacks,Cookies,Krishnagiri,West,877,0.13,219.25
Oil & Masala,Masalas,Bodi,West,1016,0.18,111.76
Snacks,Noodles,Ramanadhapuram,West,1241,0.14,248.2
Fruits & Veggies,Organic Vegetables,Salem,West,801,0.17,280.35
"Eggs, Meat & Fish",Eggs,Theni,West,1115,0.18,133.8
Bakery,Biscuits,Kanyakumari,West,1261,0.3,416.13
"Eggs, Meat & Fish",Chicken,Vellore,West,527,0.2,147.56
Fruits & Veggies,Fresh Fruits,Virudhunagar,West,872,0.12,69.76
Bakery,Cakes,Kanyakumari,West,1244,0.26,510.04
Food Grains,Atta & Flour,Perambalur,West,1896,0.35,701.52
Oil & Masala,Edible Oil & Ghee,Madurai,West,640,0.14,262.4
Bakery,Biscuits,Bodi,West,783,0.24,180.09
Snacks,Chocolates,Tirunelveli,West,1815,0.25,326.7
Beverages,Soft Drinks,Nagercoil,West,688,0.17,151.36
Fruits & Veggies,Fresh Vegetables,Chennai,West,2410,0.14,482
"Eggs, Meat & Fish",Mutton,Dharmapuri,West,1590,0.22,381.6
Oil & Masala,Spices,Dharmapuri,West,2207,0.27,684.17
Bakery,Cakes,Trichy,West,2484,0.31,819.72
Beverages,Health Drinks,Perambalur,West,790,0.2,244.9
Snacks,Noodles,Theni,West,2207,0.24,220.7
"Eggs, Meat & Fish",Fish,Krishnagiri,West,572,0.19,102.96
Food Grains,Rice,Ooty,West,2054,0.27,492.96
Bakery,Biscuits,Viluppuram,West,1567,0.18,172.37
Oil & Masala,Masalas,Dharmapuri,West,2500,0.26,400
Beverages,Health Drinks,Bodi,West,1801,0.3,144.08
Snacks,Noodles,Cumbum,West,1288,0.11,257.6
Beverages,Soft Drinks,Viluppuram,West,1473,0.35,574.47
"Eggs, Meat & Fish",Fish,Pudukottai,West,1023,0.3,368.28
Food Grains,Organic Staples,Kanyakumari,West,761,0.27,251.13
"Eggs, Meat & Fish",Eggs,Ooty,West,1838,0.29,367.6
Beverages,Health Drinks,Namakkal,West,1816,0.35,399.52
Oil & Masala,Edible Oil & Ghee,Salem,West,2491,0.24,846.94
Food Grains,Atta & Flour,Ooty,West,1095,0.17,219
Beverages,Health Drinks,Namakkal,West,2349,0.24,469.8
Snacks,Chocolates,Trichy,West,2396,0.32,958.4
Beverages,Soft Drinks,Namakkal,West,2341,0.25,632.07
Beverages,Soft Drinks,Salem,West,1875,0.3,825
Fruits & Veggies,Organic Fruits,Pudukottai,West,2452,0.25,931.76
Oil & Masala,Spices,Vellore,West,2152,0.35,559.52
Bakery,Biscuits,Salem,West,1863,0.12,111.78
Bakery,Cakes,Tenkasi,West,1878,0.26,225.36
Oil & Masala,Edible Oil & Ghee,Trichy,West,2055,0.29,267.15
Beverages,Soft Drinks,Bodi,West,885,0.32,238.95
Fruits & Veggies,Organic Vegetables,Perambalur,West,2341,0.19,1053.45
Snacks,Noodles,Madurai,West,602,0.2,150.5
Food Grains,Dals & Pulses,Cumbum,West,610,0.32,134.2
Beverages,Health Drinks,Ramanadhapuram,West,2112,0.28,760.32
Bakery,Breads & Buns,Ooty,West,1262,0.22,340.74
Bakery,Breads & Buns,Perambalur,West,2492,0.28,747.6
Food Grains,Atta & Flour,Chennai,West,2012,0.25,321.92
Oil & Masala,Masalas,Namakkal,West,2193,0.2,394.74
Food Grains,Rice,Coimbatore,West,2063,0.31,928.35
Bakery,Breads & Buns,Viluppuram,West,737,0.24,66.33
"Eggs, Meat & Fish",Mutton,Ramanadhapuram,West,2213,0.22,840.94
Bakery,Cakes,Cumbum,West,905,0.21,208.15
"Eggs, Meat & Fish",Fish,Madurai,West,2038,0.23,896.72
Fruits & Veggies,Fresh Vegetables,Viluppuram,West,971,0.12,368.98
Oil & Masala,Spices,Coimbatore,West,2346,0.32,844.56
Oil & Masala,Edible Oil & Ghee,Perambalur,West,1910,0.27,592.1
Snacks,Chocolates,Perambalur,West,1078,0.26,474.32
Fruits & Veggies,Fresh Vegetables,Pudukottai,West,2056,0.14,555.12
Beverages,Health Drinks,Ooty,West,2405,0.19,192.4
Fruits & Veggies,Organic Fruits,Chennai,West,1620,0.34,210.6
Snacks,Cookies,Namakkal,West,1410,0.19,169.2
Beverages,Soft Drinks,Karur,West,1794,0.29,681.72
Fruits & Veggies,Fresh Fruits,Coimbatore,West,1362,0.33,272.4
Snacks,Chocolates,Dindigul,West,1374,0.25,164.88
Food Grains,Atta & Flour,Salem,West,1643,0.28,624.34
Oil & Masala,Edible Oil & Ghee,Ooty,West,940,0.1,310.2
Food Grains,Rice,Chennai,West,1316,0.22,592.2
Fruits & Veggies,Fresh Vegetables,Bodi,West,2032,0.15,731.52
Snacks,Cookies,Trichy,West,921,0.1,349.98
Beverages,Health Drinks,Virudhunagar,West,1755,0.11,614.25
Food Grains,Atta & Flour,Pudukottai,West,687,0.18,178.62
Fruits & Veggies,Fresh Fruits,Pudukottai,West,2264,0.28,679.2
Oil & Masala,Masalas,Krishnagiri,West,1393,0.2,139.3
Oil & Masala,Edible Oil & Ghee,Namakkal,West,1464,0.28,658.8
"Eggs, Meat & Fish",Chicken,Tenkasi,West,1074,0.27,75.18
Oil & Masala,Spices,Virudhunagar,West,620,0.32,130.2
Oil & Masala,Spices,Coimbatore,West,786,0.12,165.06
Beverages,Soft Drinks,Perambalur,West,2452,0.25,196.16
Beverages,Soft Drinks,Dindigul,West,696,0.1,34.8
Beverages,Soft Drinks,Vellore,West,697,0.35,209.1
Beverages,Health Drinks,Dindigul,West,801,0.25,72.09
Beverages,Health Drinks,Chennai,West,1099,0.19,54.95
Fruits & Veggies,Organic Fruits,Dindigul,West,2123,0.28,106.15
Food Grains,Dals & Pulses,Theni,West,1331,0.11,572.33
Bakery,Cakes,Bodi,West,1118,0.16,167.7
Oil & Masala,Spices,Kanyakumari,West,2055,0.32,883.65
Oil & Masala,Edible Oil & Ghee,Vellore,West,1008,0.29,262.08
Oil & Masala,Edible Oil & Ghee,Viluppuram,West,2374,0.1,546.02
Fruits & Veggies,Organic Vegetables,Cumbum,West,1372,0.26,96.04
Food Grains,Dals & Pulses,Tenkasi,West,811,0.24,308.18
Food Grains,Atta & Flour,Madurai,West,1142,0.14,376.86
"Eggs, Meat & Fish",Mutton,Theni,West,2284,0.27,799.4
Bakery,Biscuits,Trichy,West,1650,0.11,181.5
Fruits & Veggies,Organic Vegetables,Cumbum,West,2232,0.14,424.08
Snacks,Noodles,Tenkasi,West,1999,0.21,219.89
Beverages,Soft Drinks,Salem,West,590,0.35,88.5
"Eggs, Meat & Fish",Chicken,Vellore,West,1515,0.27,424.2
Food Grains,Organic Staples,Cumbum,West,912,0.26,72.96
Fruits & Veggies,Organic Fruits,Perambalur,West,1394,0.25,97.58
Beverages,Soft Drinks,Perambalur,West,2413,0.28,530.86
Oil & Masala,Masalas,Madurai,West,720,0.24,244.8
Beverages,Soft Drinks,Tirunelveli,West,1016,0.22,71.12
Bakery,Biscuits,Salem,West,1819,0.27,218.28
Oil & Masala,Spices,Virudhunagar,West,2284,0.2,433.96
Oil & Masala,Spices,Trichy,West,1219,0.27,377.89
"Eggs, Meat & Fish",Eggs,Salem,West,2014,0.17,302.1
Food Grains,Atta & Flour,Cumbum,West,2387,0.12,119.35
"Eggs, Meat & Fish",Eggs,Salem,West,1213,0.11,97.04
Fruits & Veggies,Fresh Vegetables,Kanyakumari,West,571,0.24,148.46
Snacks,Chocolates,Karur,West,1572,0.28,550.2
"Eggs, Meat & Fish",Eggs,Karur,West,1835,0.1,605.55
Bakery,Cakes,Viluppuram,West,1531,0.12,153.1
Oil & Masala,Masalas,Nagercoil,West,2404,0.24,312.52
Food Grains,Rice,Vellore,West,1751,0.22,525.3
"Eggs, Meat & Fish",Mutton,Namakkal,West,927,0.18,83.43
"Eggs, Meat & Fish",Mutton,Namakkal,West,1171,0.34,421.56
Oil & Masala,Edible Oil & Ghee,Coimbatore,West,1352,0.34,554.32
Beverages,Health Drinks,Trichy,West,530,0.25,201.4
Beverages,Soft Drinks,Ooty,West,722,0.15,267.14
Bakery,Breads & Buns,Dharmapuri,West,534,0.21,112.14
Snacks,Noodles,Tenkasi,West,1016,0.19,111.76
Oil & Masala,Masalas,Coimbatore,West,583,0.21,215.71
Bakery,Cakes,Salem,West,1682,0.17,386.86
Food Grains,Rice,Trichy,West,1665,0.2,599.4
Beverages,Health Drinks,Karur,West,782,0.19,250.24
Oil & Masala,Masalas,Karur,West,2344,0.22,726.64
Oil & Masala,Masalas,Pudukottai,West,2176,0.25,108.8
Food Grains,Atta & Flour,Coimbatore,West,1880,0.34,357.2
Snacks,Chocolates,Kanyakumari,West,1743,0.34,331.17
Snacks,Noodles,Namakkal,West,1030,0.26,247.2
Snacks,Cookies,Theni,West,1875,0.3,300
Fruits & Veggies,Organic Vegetables,Vellore,West,2233,0.19,513.59
Oil & Masala,Masalas,Ooty,West,1206,0.22,108.54
Fruits & Veggies,Fresh Vegetables,Salem,West,1517,0.11,530.95
"Eggs, Meat & Fish",Fish,Tirunelveli,West,2266,0.12,906.4
Fruits & Veggies,Fresh Fruits,Virudhunagar,West,981,0.26,245.25
Oil & Masala,Masalas,Nagercoil,West,1796,0.26,287.36
Oil & Masala,Edible Oil & Ghee,Tenkasi,West,1867,0.24,112.02
Beverages,Health Drinks,Madurai,West,1773,0.23,531.9
Bakery,Cakes,Ramanadhapuram,West,596,0.17,35.76
Bakery,Cakes,Nagercoil,West,835,0.2,91.85
Bakery,Breads & Buns,Karur,West,2399,0.12,1079.55
Beverages,Health Drinks,Viluppuram,West,2314,0.34,509.08
Bakery,Breads & Buns,Nagercoil,West,1158,0.22,382.14
"Eggs, Meat & Fish",Fish,Perambalur,Central,948,0.16,398.16
Snacks,Noodles,Coimbatore,Central,852,0.22,340.8
Food Grains,Organic Staples,Chennai,Central,969,0.34,145.35
Oil & Masala,Edible Oil & Ghee,Madurai,Central,781,0.16,218.68
Beverages,Soft Drinks,Tirunelveli,Central,1676,0.32,234.64
Fruits & Veggies,Fresh Vegetables,Pudukottai,Central,1054,0.25,179.18
Bakery,Cakes,Viluppuram,Central,626,0.1,175.28
Beverages,Soft Drinks,Krishnagiri,Central,1119,0.17,402.84
Beverages,Soft Drinks,Vellore,Central,2301,0.23,391.17
Oil & Masala,Spices,Kanyakumari,Central,2427,0.33,412.59
Fruits & Veggies,Fresh Fruits,Tenkasi,Central,2053,0.29,492.72
Snacks,Noodles,Namakkal,Central,1728,0.31,501.12
Bakery,Cakes,Dindigul,Central,1204,0.16,72.24
Food Grains,Dals & Pulses,Chennai,Central,1934,0.16,348.12
"Eggs, Meat & Fish",Mutton,Chennai,Central,1730,0.28,778.5
Oil & Masala,Masalas,Perambalur,Central,2011,0.2,744.07
Beverages,Health Drinks,Ramanadhapuram,Central,1340,0.29,214.4
Bakery,Biscuits,Viluppuram,Central,2062,0.11,371.16
Snacks,Chocolates,Tenkasi,Central,762,0.15,297.18
Bakery,Biscuits,Bodi,Central,978,0.21,195.6
Food Grains,Organic Staples,Ramanadhapuram,Central,2068,0.16,889.24
Snacks,Cookies,Kanyakumari,Central,566,0.3,169.8
Oil & Masala,Masalas,Perambalur,Central,1347,0.31,444.51
Beverages,Soft Drinks,Madurai,Central,1972,0.24,769.08
Fruits & Veggies,Fresh Vegetables,Perambalur,Central,1074,0.34,289.98
Oil & Masala,Edible Oil & Ghee,Bodi,Central,1818,0.23,781.74
Fruits & Veggies,Organic Vegetables,Perambalur,Central,2230,0.25,869.7
Oil & Masala,Spices,Vellore,Central,900,0.15,99
Food Grains,Dals & Pulses,Cumbum,Central,2174,0.29,934.82
Oil & Masala,Edible Oil & Ghee,Bodi,Central,690,0.33,41.4
Beverages,Soft Drinks,Krishnagiri,Central,2096,0.35,670.72
"Eggs, Meat & Fish",Chicken,Coimbatore,Central,1693,0.21,372.46
Fruits & Veggies,Fresh Vegetables,Karur,Central,1610,0.15,627.9
Oil & Masala,Masalas,Madurai,Central,2436,0.31,730.8
Bakery,Cakes,Theni,Central,561,0.22,241.23
Beverages,Health Drinks,Pudukottai,Central,1473,0.33,456.63
Fruits & Veggies,Fresh Fruits,Ramanadhapuram,Central,697,0.31,195.16
Bakery,Biscuits,Cumbum,Central,1385,0.13,290.85
Food Grains,Dals & Pulses,Salem,Central,794,0.22,277.9
"Eggs, Meat & Fish",Fish,Vellore,Central,1009,0.34,100.9
"Eggs, Meat & Fish",Chicken,Madurai,Central,2368,0.2,663.04
Snacks,Noodles,Kanyakumari,Central,950,0.18,247
Oil & Masala,Edible Oil & Ghee,Trichy,Central,1787,0.34,214.44
Snacks,Cookies,Madurai,Central,1000,0.26,440
Bakery,Biscuits,Perambalur,Central,938,0.26,93.8
"Eggs, Meat & Fish",Chicken,Trichy,Central,1094,0.28,229.74
Food Grains,Organic Staples,Perambalur,Central,1399,0.14,139.9
Snacks,Cookies,Theni,Central,1445,0.23,346.8
Snacks,Chocolates,Dindigul,Central,1716,0.3,514.8
Beverages,Soft Drinks,Madurai,Central,1382,0.12,497.52
Bakery,Breads & Buns,Madurai,Central,1554,0.35,497.28
Beverages,Soft Drinks,Tirunelveli,Central,2302,0.23,667.58
Beverages,Health Drinks,Trichy,Central,624,0.23,106.08
Fruits & Veggies,Fresh Vegetables,Trichy,Central,1610,0.23,563.5
Food Grains,Atta & Flour,Krishnagiri,Central,1331,0.35,266.2
Snacks,Noodles,Dharmapuri,Central,1252,0.22,212.84
Beverages,Soft Drinks,Namakkal,Central,766,0.11,137.88
Bakery,Biscuits,Nagercoil,Central,1163,0.32,441.94
Oil & Masala,Spices,Vellore,Central,885,0.18,115.05
Food Grains,Rice,Pudukottai,Central,632,0.34,233.84
Snacks,Noodles,Chennai,Central,1778,0.21,551.18
"Eggs, Meat & Fish",Chicken,Salem,Central,1547,0.29,340.34
Bakery,Biscuits,Tirunelveli,Central,991,0.35,356.76
Fruits & Veggies,Organic Fruits,Tirunelveli,Central,1995,0.33,558.6
Beverages,Health Drinks,Vellore,Central,615,0.22,258.3
Oil & Masala,Spices,Namakkal,Central,2114,0.33,803.32
Beverages,Soft Drinks,Bodi,Central,989,0.12,375.82
"Eggs, Meat & Fish",Mutton,Krishnagiri,Central,663,0.3,92.82
Food Grains,Rice,Virudhunagar,Central,1290,0.27,464.4
Bakery,Breads & Buns,Karur,Central,1116,0.18,122.76
Fruits & Veggies,Fresh Fruits,Perambalur,Central,1937,0.23,464.88
Fruits & Veggies,Organic Fruits,Virudhunagar,Central,969,0.11,184.11
Bakery,Cakes,Madurai,Central,2056,0.14,431.76
Fruits & Veggies,Fresh Fruits,Pudukottai,Central,2351,0.1,987.42
Beverages,Soft Drinks,Trichy,Central,2183,0.19,480.26
Oil & Masala,Edible Oil & Ghee,Coimbatore,Central,537,0.12,161.1
Beverages,Soft Drinks,Tirunelveli,Central,1534,0.1,475.54
Snacks,Cookies,Ramanadhapuram,Central,2434,0.13,803.22
Bakery,Biscuits,Nagercoil,East,2252,0.12,788.2
Bakery,Biscuits,Karur,East,2122,0.22,212.2
Oil & Masala,Spices,Namakkal,East,1739,0.26,86.95
Bakery,Cakes,Madurai,East,1829,0.29,475.54
Oil & Masala,Masalas,Cumbum,East,1491,0.17,387.66
Snacks,Chocolates,Coimbatore,East,2383,0.29,119.15
Bakery,Biscuits,Tirunelveli,East,968,0.12,174.24
Food Grains,Dals & Pulses,Ramanadhapuram,East,1762,0.15,299.54
Oil & Masala,Spices,Theni,East,1623,0.35,194.76
Fruits & Veggies,Organic Fruits,Ooty,East,1536,0.1,307.2
"Eggs, Meat & Fish",Eggs,Nagercoil,East,829,0.14,339.89
Snacks,Chocolates,Dharmapuri,East,828,0.33,281.52
Food Grains,Dals & Pulses,Pudukottai,East,1308,0.3,366.24
Bakery,Breads & Buns,Viluppuram,East,1441,0.25,605.22
Oil & Masala,Edible Oil & Ghee,Dharmapuri,East,2305,0.35,161.35
Fruits & Veggies,Organic Vegetables,Dharmapuri,East,1803,0.26,432.72
Beverages,Soft Drinks,Krishnagiri,East,556,0.18,111.2
Fruits & Veggies,Fresh Fruits,Vellore,East,2335,0.18,677.15
Beverages,Soft Drinks,Dharmapuri,East,1324,0.34,66.2
"Eggs, Meat & Fish",Eggs,Theni,East,1400,0.1,462
Bakery,Breads & Buns,Ooty,East,1768,0.33,654.16
"Eggs, Meat & Fish",Mutton,Karur,East,949,0.32,94.9
"Eggs, Meat & Fish",Fish,Kanyakumari,East,1548,0.34,216.72
Bakery,Cakes,Pudukottai,East,1753,0.16,105.18
Bakery,Cakes,Namakkal,East,1614,0.32,161.4
Snacks,Cookies,Perambalur,East,1191,0.1,131.01
Oil & Masala,Edible Oil & Ghee,Krishnagiri,East,1339,0.21,321.36
Snacks,Noodles,Nagercoil,East,540,0.2,97.2
Fruits & Veggies,Organic Vegetables,Nagercoil,East,2370,0.21,545.1
Beverages,Soft Drinks,Namakkal,East,2074,0.3,850.34
"Eggs, Meat & Fish",Chicken,Coimbatore,East,1612,0.16,225.68
Snacks,Chocolates,Salem,East,1349,0.22,229.33
Beverages,Health Drinks,Chennai,East,2023,0.32,667.59
Snacks,Chocolates,Dindigul,East,746,0.1,223.8
Bakery,Cakes,Dharmapuri,East,1637,0.18,441.99
Oil & Masala,Masalas,Nagercoil,East,1479,0.29,428.91
Beverages,Health Drinks,Pudukottai,East,2231,0.32,423.89
Oil & Masala,Spices,Namakkal,East,2110,0.1,611.9
Food Grains,Organic Staples,Virudhunagar,East,1840,0.16,588.8
Bakery,Breads & Buns,Tirunelveli,East,2139,0.35,106.95
"Eggs, Meat & Fish",Fish,Trichy,East,1065,0.11,372.75
Oil & Masala,Edible Oil & Ghee,Tirunelveli,East,1070,0.35,181.9
Food Grains,Rice,Viluppuram,East,1878,0.14,131.46
Snacks,Chocolates,Trichy,East,2021,0.11,505.25
"Eggs, Meat & Fish",Fish,Theni,East,1263,0.3,429.42
Beverages,Soft Drinks,Cumbum,East,1176,0.27,246.96
"Eggs, Meat & Fish",Chicken,Cumbum,East,1948,0.25,155.84
Food Grains,Dals & Pulses,Trichy,East,1816,0.31,127.12
Beverages,Health Drinks,Trichy,East,752,0.23,338.4
"Eggs, Meat & Fish",Eggs,Chennai,East,2167,0.29,736.78
Snacks,Cookies,Tirunelveli,East,1544,0.1,617.6
Food Grains,Dals & Pulses,Virudhunagar,East,1945,0.25,486.25
Oil & Masala,Masalas,Madurai,East,951,0.11,171.18
Beverages,Health Drinks,Salem,East,2489,0.35,224.01
Fruits & Veggies,Organic Vegetables,Pudukottai,East,1951,0.27,234.12
Snacks,Cookies,Bodi,East,947,0.19,151.52
"Eggs, Meat & Fish",Mutton,Ooty,East,2389,0.21,692.81
Oil & Masala,Edible Oil & Ghee,Coimbatore,East,1295,0.11,220.15
Food Grains,Dals & Pulses,Perambalur,East,1804,0.25,126.28
Fruits & Veggies,Fresh Fruits,Trichy,East,2045,0.22,920.25
Oil & Masala,Spices,Coimbatore,East,1146,0.2,401.1
Food Grains,Organic Staples,Tirunelveli,East,1074,0.28,375.9
Snacks,Cookies,Kanyakumari,East,959,0.21,95.9
Beverages,Health Drinks,Bodi,East,2062,0.23,618.6
Fruits & Veggies,Organic Fruits,Tirunelveli,East,1431,0.18,515.16
Fruits & Veggies,Fresh Fruits,Salem,East,1097,0.27,285.22
Oil & Masala,Spices,Chennai,East,1052,0.33,473.4
Snacks,Noodles,Salem,East,2309,0.31,946.69
Beverages,Soft Drinks,Salem,East,1839,0.14,680.43
Food Grains,Atta & Flour,Nagercoil,East,2440,0.28,414.8
Oil & Masala,Spices,Perambalur,East,1360,0.16,176.8
Fruits & Veggies,Organic Vegetables,Virudhunagar,East,1313,0.24,223.21
Food Grains,Rice,Viluppuram,East,2443,0.35,171.01
Beverages,Health Drinks,Krishnagiri,East,1810,0.26,796.4
"Eggs, Meat & Fish",Fish,Virudhunagar,East,1081,0.24,367.54
Oil & Masala,Masalas,Kanyakumari,East,1066,0.33,319.8
Food Grains,Atta & Flour,Chennai,East,1936,0.3,135.52
Beverages,Health Drinks,Perambalur,East,656,0.25,209.92
Fruits & Veggies,Organic Vegetables,Namakkal,East,2052,0.32,266.76
Bakery,Breads & Buns,Perambalur,East,1589,0.34,301.91
Bakery,Breads & Buns,Chennai,East,1482,0.23,414.96
Bakery,Breads & Buns,Cumbum,East,1126,0.27,304.02
Oil & Masala,Spices,Kanyakumari,East,550,0.21,132
Fruits & Veggies,Fresh Vegetables,Theni,East,953,0.3,324.02
Snacks,Chocolates,Madurai,East,541,0.15,173.12
Beverages,Health Drinks,Tirunelveli,East,1814,0.35,816.3
Oil & Masala,Masalas,Ooty,East,2428,0.21,194.24
Snacks,Cookies,Madurai,East,1426,0.13,399.28
Beverages,Health Drinks,Madurai,East,1559,0.26,77.95
Beverages,Soft Drinks,Tenkasi,East,1710,0.33,769.5
Beverages,Health Drinks,Tirunelveli,East,1624,0.12,535.92
"Eggs, Meat & Fish",Mutton,Ramanadhapuram,East,1459,0.1,554.42
Food Grains,Dals & Pulses,Tirunelveli,East,1000,0.18,100
Oil & Masala,Spices,Krishnagiri,East,704,0.34,295.68
Food Grains,Organic Staples,Kanyakumari,East,1568,0.22,439.04
Bakery,Breads & Buns,Ooty,East,1452,0.25,450.12
Food Grains,Dals & Pulses,Karur,East,1995,0.35,578.55
Beverages,Soft Drinks,Krishnagiri,East,1960,0.15,705.6
Fruits & Veggies,Fresh Vegetables,Virudhunagar,East,1026,0.19,266.76
"Eggs, Meat & Fish",Fish,Krishnagiri,East,724,0.3,86.88
Snacks,Noodles,Madurai,East,2410,0.25,939.9
Snacks,Noodles,Namakkal,East,1897,0.21,170.73
Beverages,Health Drinks,Kanyakumari,East,2120,0.23,551.2
Bakery,Cakes,Ramanadhapuram,East,2241,0.33,694.71
Bakery,Breads & Buns,Trichy,East,993,0.11,148.95
"Eggs, Meat & Fish",Fish,Chennai,East,2253,0.33,901.2
Beverages,Soft Drinks,Kanyakumari,East,523,0.18,62.76
Snacks,Noodles,Viluppuram,East,2156,0.15,883.96
Beverages,Soft Drinks,Dindigul,East,1929,0.21,231.48
"Eggs, Meat & Fish",Chicken,Krishnagiri,East,1923,0.26,288.45
"Eggs, Meat & Fish",Mutton,Karur,East,527,0.26,68.51
Beverages,Soft Drinks,Tenkasi,East,2350,0.21,470
Fruits & Veggies,Organic Vegetables,Krishnagiri,East,1213,0.17,266.86
"Eggs, Meat & Fish",Fish,Krishnagiri,East,1924,0.11,538.72
Fruits & Veggies,Fresh Fruits,Bodi,East,1055,0.1,94.95
Beverages,Health Drinks,Trichy,East,693,0.31,55.44
Bakery,Biscuits,Krishnagiri,East,1821,0.26,801.24
Bakery,Breads & Buns,Virudhunagar,East,809,0.14,218.43
Food Grains,Atta & Flour,Ramanadhapuram,East,859,0.35,42.95
Beverages,Health Drinks,Madurai,East,2371,0.12,308.23
Snacks,Noodles,Pudukottai,East,2273,0.18,613.71
Food Grains,Rice,Kanyakumari,East,2240,0.3,291.2
Oil & Masala,Spices,Tirunelveli,East,1170,0.13,70.2
Bakery,Biscuits,Kanyakumari,East,2041,0.32,836.81
Fruits & Veggies,Fresh Fruits,Kanyakumari,East,1651,0.29,198.12
Snacks,Chocolates,Perambalur,East,835,0.23,208.75
Bakery,Cakes,Bodi,East,1517,0.28,121.36
Oil & Masala,Edible Oil & Ghee,Ramanadhapuram,East,1087,0.3,413.06
"Eggs, Meat & Fish",Chicken,Nagercoil,East,1768,0.26,300.56
Food Grains,Dals & Pulses,Chennai,East,1088,0.31,282.88
Fruits & Veggies,Organic Fruits,Coimbatore,East,2225,0.12,689.75
Fruits & Veggies,Organic Vegetables,Cumbum,East,919,0.27,119.47
Fruits & Veggies,Fresh Fruits,Namakkal,East,1048,0.15,94.32
Snacks,Chocolates,Tenkasi,East,871,0.17,339.69
Food Grains,Atta & Flour,Salem,South,1045,0.27,323.95
Beverages,Soft Drinks,Trichy,South,2310,0.23,970.2
Snacks,Chocolates,Viluppuram,South,2000,0.17,400
Beverages,Health Drinks,Ramanadhapuram,South,636,0.22,203.52
Bakery,Biscuits,Ramanadhapuram,South,1090,0.1,457.8
Fruits & Veggies,Fresh Fruits,Chennai,South,1073,0.12,203.87
Fruits & Veggies,Fresh Fruits,Dharmapuri,South,2019,0.25,524.94
"Eggs, Meat & Fish",Chicken,Ooty,South,2359,0.33,424.62
"Eggs, Meat & Fish",Chicken,Vellore,South,1678,0.12,587.3
Food Grains,Dals & Pulses,Krishnagiri,South,2291,0.14,458.2
Food Grains,Atta & Flour,Nagercoil,South,1468,0.27,499.12
"Eggs, Meat & Fish",Eggs,Cumbum,South,2112,0.3,485.76
Oil & Masala,Masalas,Tirunelveli,South,2251,0.12,540.24
Fruits & Veggies,Organic Vegetables,Pudukottai,South,1589,0.3,301.91
Beverages,Health Drinks,Ooty,South,1366,0.13,478.1
Bakery,Cakes,Coimbatore,South,1945,0.12,719.65
Snacks,Chocolates,Ramanadhapuram,South,1852,0.11,370.4
Beverages,Soft Drinks,Krishnagiri,South,2222,0.33,177.76
Beverages,Health Drinks,Salem,South,800,0.1,48
Beverages,Health Drinks,Viluppuram,South,1170,0.14,70.2
Snacks,Chocolates,Nagercoil,South,2197,0.27,549.25
Oil & Masala,Masalas,Coimbatore,South,2190,0.34,569.4
Snacks,Cookies,Dharmapuri,South,2032,0.26,629.92
"Eggs, Meat & Fish",Mutton,Vellore,South,1599,0.27,399.75
"Eggs, Meat & Fish",Fish,Viluppuram,South,870,0.26,365.4
Beverages,Soft Drinks,Chennai,South,610,0.13,115.9
Bakery,Cakes,Namakkal,South,1622,0.12,81.1
Bakery,Biscuits,Bodi,South,703,0.18,246.05
"Eggs, Meat & Fish",Eggs,Namakkal,South,574,0.25,212.38
Bakery,Biscuits,Ramanadhapuram,South,2267,0.15,612.09
Beverages,Soft Drinks,Tenkasi,South,821,0.25,221.67
Bakery,Breads & Buns,Karur,South,2473,0.33,1038.66
Beverages,Soft Drinks,Tirunelveli,South,2478,0.1,941.64
Oil & Masala,Masalas,Coimbatore,South,637,0.21,121.03
Food Grains,Rice,Cumbum,South,813,0.17,317.07
Food Grains,Atta & Flour,Tenkasi,South,502,0.23,145.58
Snacks,Noodles,Ramanadhapuram,South,2119,0.14,847.6
Food Grains,Dals & Pulses,Vellore,South,1149,0.22,103.41
Snacks,Cookies,Viluppuram,South,1400,0.11,336
Bakery,Breads & Buns,Dindigul,South,1486,0.27,208.04
Snacks,Noodles,Cumbum,South,1847,0.18,591.04
"Eggs, Meat & Fish",Fish,Madurai,South,1197,0.21,83.79
Food Grains,Atta & Flour,Tirunelveli,South,2180,0.24,806.6
Fruits & Veggies,Fresh Fruits,Bodi,South,1710,0.22,307.8
Oil & Masala,Masalas,Namakkal,South,2138,0.17,897.96
"Eggs, Meat & Fish",Mutton,Kanyakumari,South,1203,0.16,529.32
Snacks,Noodles,Theni,South,2000,0.25,800
"Eggs, Meat & Fish",Chicken,Vellore,South,1652,0.26,627.76
Oil & Masala,Spices,Kanyakumari,South,1676,0.26,603.36
Food Grains,Dals & Pulses,Madurai,South,558,0.35,195.3
Bakery,Breads & Buns,Vellore,South,1102,0.28,319.58
Fruits & Veggies,Organic Fruits,Bodi,South,1651,0.14,561.34
Beverages,Health Drinks,Trichy,South,2305,0.35,530.15
Snacks,Chocolates,Dharmapuri,South,2132,0.11,618.28
Oil & Masala,Spices,Ramanadhapuram,South,1000,0.28,130
Snacks,Noodles,Nagercoil,South,854,0.3,324.52
Bakery,Breads & Buns,Vellore,South,1052,0.13,105.2
Snacks,Cookies,Pudukottai,South,814,0.14,113.96
Fruits & Veggies,Organic Vegetables,Cumbum,South,2285,0.35,776.9
Fruits & Veggies,Fresh Fruits,Dindigul,South,2154,0.23,150.78
Food Grains,Organic Staples,Ooty,South,1721,0.12,258.15
Snacks,Noodles,Pudukottai,West,2092,0.18,648.52
Bakery,Cakes,Kanyakumari,West,611,0.19,30.55
Bakery,Cakes,Ramanadhapuram,West,2304,0.33,852.48
Snacks,Cookies,Ooty,West,904,0.18,361.6
Snacks,Chocolates,Trichy,West,1557,0.29,498.24
Food Grains,Atta & Flour,Cumbum,West,2391,0.29,239.1
"Eggs, Meat & Fish",Fish,Cumbum,West,1450,0.26,594.5
Bakery,Cakes,Bodi,West,1996,0.19,778.44
Food Grains,Organic Staples,Karur,West,1069,0.35,224.49
Fruits & Veggies,Fresh Vegetables,Ooty,West,1586,0.3,190.32
Snacks,Noodles,Ramanadhapuram,West,605,0.13,84.7
"Eggs, Meat & Fish",Mutton,Tenkasi,West,1937,0.19,116.22
Beverages,Health Drinks,Krishnagiri,West,1465,0.29,336.95
Snacks,Cookies,Chennai,West,1375,0.18,426.25
Food Grains,Dals & Pulses,Namakkal,West,1450,0.13,435
"Eggs, Meat & Fish",Mutton,Madurai,West,901,0.31,342.38
Food Grains,Organic Staples,Dharmapuri,West,1255,0.16,263.55
Fruits & Veggies,Organic Fruits,Dindigul,West,609,0.13,164.43
Fruits & Veggies,Organic Fruits,Nagercoil,West,2306,0.22,899.34
Bakery,Cakes,Pudukottai,West,1812,0.33,471.12
Food Grains,Atta & Flour,Pudukottai,West,1241,0.2,260.61
Bakery,Cakes,Vellore,West,575,0.15,40.25
Beverages,Soft Drinks,Chennai,West,2197,0.28,637.13
Oil & Masala,Edible Oil & Ghee,Salem,West,1749,0.32,349.8
Food Grains,Organic Staples,Nagercoil,West,1010,0.13,313.1
Beverages,Soft Drinks,Theni,West,1976,0.33,276.64
"Eggs, Meat & Fish",Mutton,Madurai,West,2147,0.22,751.45
Bakery,Cakes,Chennai,West,1322,0.11,475.92
Snacks,Cookies,Salem,West,1589,0.18,492.59
Snacks,Noodles,Salem,West,1875,0.21,431.25
Fruits & Veggies,Organic Vegetables,Krishnagiri,West,2470,0.1,889.2
Oil & Masala,Masalas,Dindigul,West,2068,0.14,372.24
Bakery,Cakes,Dharmapuri,West,1624,0.18,487.2
Food Grains,Atta & Flour,Perambalur,West,1702,0.19,221.26
Oil & Masala,Masalas,Chennai,West,2014,0.27,463.22
Food Grains,Rice,Trichy,West,1343,0.2,564.06
Fruits & Veggies,Organic Fruits,Vellore,West,843,0.12,143.31
Food Grains,Organic Staples,Kanyakumari,West,685,0.14,226.05
"Eggs, Meat & Fish",Eggs,Dindigul,West,1507,0.11,587.73
"Eggs, Meat & Fish",Chicken,Perambalur,West,1618,0.16,258.88
Bakery,Breads & Buns,Virudhunagar,West,1393,0.31,139.3
Oil & Masala,Masalas,Ramanadhapuram,West,2285,0.1,662.65
Bakery,Breads & Buns,Kanyakumari,West,1657,0.27,347.97
Food Grains,Dals & Pulses,Bodi,West,1363,0.24,231.71
Bakery,Breads & Buns,Kanyakumari,West,1029,0.35,133.77
Food Grains,Rice,Pudukottai,West,1849,0.31,184.9
Bakery,Breads & Buns,Pudukottai,West,578,0.21,225.42
Beverages,Health Drinks,Perambalur,West,1663,0.1,399.12
Snacks,Chocolates,Theni,West,1406,0.1,168.72
Oil & Masala,Edible Oil & Ghee,Coimbatore,West,713,0.27,71.3
Food Grains,Rice,Krishnagiri,West,2138,0.31,641.4
Bakery,Biscuits,Dharmapuri,West,1438,0.22,86.28
"Eggs, Meat & Fish",Fish,Chennai,West,1293,0.27,297.39
Bakery,Cakes,Karur,West,929,0.3,167.22
Beverages,Health Drinks,Virudhunagar,West,2335,0.16,887.3
Food Grains,Atta & Flour,Salem,West,1675,0.32,418.75
Oil & Masala,Masalas,Perambalur,West,1414,0.32,339.36
"Eggs, Meat & Fish",Eggs,Pudukottai,West,2052,0.29,287.28
Oil & Masala,Edible Oil & Ghee,Kanyakumari,West,1579,0.17,615.81
Oil & Masala,Masalas,Karur,West,1936,0.29,348.48
Snacks,Noodles,Dharmapuri,West,894,0.32,169.86
Food Grains,Organic Staples,Coimbatore,West,2442,0.13,1025.64
Food Grains,Rice,Kanyakumari,West,2310,0.27,231
Beverages,Health Drinks,Vellore,West,2055,0.22,924.75
Beverages,Health Drinks,Pudukottai,West,1347,0.24,552.27
Snacks,Chocolates,Theni,West,1717,0.25,291.89
Food Grains,Organic Staples,Dharmapuri,West,2069,0.29,558.63
Snacks,Cookies,Dharmapuri,West,1816,0.12,817.2
Food Grains,Rice,Vellore,West,2232,0.14,848.16
Fruits & Veggies,Fresh Vegetables,Perambalur,West,1554,0.16,466.2
Food Grains,Atta & Flour,Krishnagiri,West,629,0.11,69.19
Oil & Masala,Masalas,Dindigul,West,1066,0.1,138.58
Oil & Masala,Spices,Dindigul,West,1998,0.26,459.54
Fruits & Veggies,Organic Vegetables,Perambalur,West,603,0.12,229.14
Bakery,Breads & Buns,Dindigul,West,1331,0.1,199.65
Beverages,Soft Drinks,Ramanadhapuram,West,2451,0.29,269.61
Food Grains,Dals & Pulses,Cumbum,West,1880,0.31,206.8
Snacks,Noodles,Bodi,West,747,0.17,246.51
"Eggs, Meat & Fish",Mutton,Virudhunagar,West,609,0.16,60.9
Snacks,Chocolates,Namakkal,West,1495,0.21,269.1
Beverages,Soft Drinks,Kanyakumari,West,2394,0.11,502.74
"Eggs, Meat & Fish",Eggs,Virudhunagar,West,1637,0.15,540.21
Fruits & Veggies,Fresh Fruits,Namakkal,West,614,0.35,178.06
"Eggs, Meat & Fish",Chicken,Ramanadhapuram,West,1755,0.21,175.5
Beverages,Health Drinks,Tirunelveli,West,1630,0.23,342.3
Fruits & Veggies,Organic Fruits,Ooty,West,645,0.29,174.15
"Eggs, Meat & Fish",Eggs,Viluppuram,West,1080,0.11,108
Food Grains,Dals & Pulses,Dindigul,West,584,0.23,140.16
Fruits & Veggies,Fresh Fruits,Krishnagiri,West,689,0.16,103.35
"Eggs, Meat & Fish",Fish,Theni,West,960,0.22,393.6
Oil & Masala,Masalas,Cumbum,West,589,0.1,182.59
Snacks,Chocolates,Chennai,West,1715,0.25,102.9
Oil & Masala,Spices,Salem,West,1495,0.35,523.25
Fruits & Veggies,Organic Fruits,Chennai,West,1751,0.23,472.77
Fruits & Veggies,Fresh Vegetables,Coimbatore,West,744,0.18,96.72
Snacks,Noodles,Theni,West,1217,0.33,170.38
"Eggs, Meat & Fish",Mutton,Theni,West,2327,0.13,698.1
Snacks,Chocolates,Madurai,West,1163,0.31,441.94
"Eggs, Meat & Fish",Chicken,Bodi,West,2466,0.24,295.92
Food Grains,Rice,Tirunelveli,West,1575,0.33,598.5
Snacks,Cookies,Perambalur,West,2354,0.23,847.44
"Eggs, Meat & Fish",Mutton,Bodi,West,2380,0.26,999.6
Fruits & Veggies,Organic Vegetables,Namakkal,West,1520,0.21,608
Fruits & Veggies,Organic Vegetables,Tirunelveli,West,1941,0.27,854.04
Bakery,Breads & Buns,Trichy,West,2309,0.26,253.99
Snacks,Noodles,Nagercoil,West,609,0.12,243.6
"Eggs, Meat & Fish",Chicken,Dindigul,West,772,0.27,54.04
Snacks,Noodles,Nagercoil,West,683,0.22,157.09
"Eggs, Meat & Fish",Mutton,Namakkal,West,1754,0.32,87.7
Bakery,Breads & Buns,Tirunelveli,West,1717,0.13,772.65
"Eggs, Meat & Fish",Chicken,Trichy,West,1450,0.18,72.5
Fruits & Veggies,Organic Vegetables,Pudukottai,West,513,0.22,61.56
Oil & Masala,Masalas,Karur,West,1382,0.21,248.76
Snacks,Chocolates,Tirunelveli,West,564,0.15,33.84
Oil & Masala,Spices,Chennai,West,2394,0.25,454.86
Snacks,Chocolates,Vellore,West,1095,0.32,481.8
Beverages,Health Drinks,Perambalur,West,2246,0.21,965.78
Bakery,Breads & Buns,Bodi,West,920,0.11,202.4
Bakery,Breads & Buns,Viluppuram,West,2205,0.26,815.85
Beverages,Health Drinks,Ooty,West,521,0.1,192.77
Beverages,Health Drinks,Nagercoil,West,1527,0.2,488.64
Bakery,Cakes,Theni,West,2458,0.13,221.22
"Eggs, Meat & Fish",Fish,Vellore,West,2181,0.34,719.73
"Eggs, Meat & Fish",Eggs,Ooty,West,2065,0.11,619.5
Beverages,Soft Drinks,Pudukottai,West,1839,0.24,717.21
Beverages,Soft Drinks,Virudhunagar,West,1148,0.2,482.16
Bakery,Cakes,Madurai,West,1506,0.21,451.8
Bakery,Biscuits,Ooty,West,2484,0.32,968.76
Oil & Masala,Spices,Dharmapuri,West,1203,0.35,132.33
Beverages,Soft Drinks,Coimbatore,West,1841,0.13,405.02
Fruits & Veggies,Fresh Fruits,Salem,West,1063,0.14,74.41
Beverages,Health Drinks,Ooty,West,743,0.13,74.3
Beverages,Health Drinks,Chennai,Central,2186,0.26,371.62
Snacks,Chocolates,Dindigul,Central,2215,0.21,221.5
Bakery,Cakes,Chennai,Central,1410,0.2,352.5
Snacks,Cookies,Virudhunagar,Central,928,0.28,120.64
Food Grains,Organic Staples,Ramanadhapuram,Central,1621,0.23,697.03
Bakery,Biscuits,Perambalur,Central,1365,0.34,204.75
Oil & Masala,Masalas,Bodi,Central,912,0.24,54.72
Food Grains,Dals & Pulses,Tirunelveli,Central,1641,0.24,361.02
Snacks,Noodles,Trichy,Central,637,0.18,203.84
Food Grains,Rice,Pudukottai,Central,2306,0.34,1037.7
"Eggs, Meat & Fish",Chicken,Dharmapuri,Central,688,0.16,137.6
Snacks,Chocolates,Viluppuram,Central,1004,0.1,341.36
Food Grains,Atta & Flour,Ramanadhapuram,Central,2435,0.27,365.25
Bakery,Biscuits,Coimbatore,Central,2079,0.1,270.27
Snacks,Noodles,Coimbatore,Central,2219,0.16,976.36
Snacks,Noodles,Dindigul,Central,1783,0.14,392.26
Beverages,Health Drinks,Salem,Central,2014,0.14,382.66
Oil & Masala,Edible Oil & Ghee,Dharmapuri,Central,662,0.24,132.4
Beverages,Health Drinks,Vellore,Central,1839,0.25,662.04
Beverages,Soft Drinks,Cumbum,Central,922,0.26,46.1
Snacks,Chocolates,Tenkasi,Central,1012,0.34,172.04
Snacks,Noodles,Kanyakumari,Central,1126,0.19,146.38
Food Grains,Dals & Pulses,Krishnagiri,Central,2132,0.16,533
Fruits & Veggies,Organic Vegetables,Coimbatore,Central,583,0.18,169.07
Oil & Masala,Spices,Tenkasi,Central,1239,0.34,223.02
Beverages,Health Drinks,Karur,Central,2078,0.12,872.76
Beverages,Health Drinks,Chennai,Central,2418,0.25,701.22
Fruits & Veggies,Fresh Fruits,Ooty,Central,1442,0.34,519.12
"Eggs, Meat & Fish",Mutton,Vellore,Central,907,0.18,353.73
Oil & Masala,Spices,Ooty,Central,2189,0.18,875.6
Snacks,Noodles,Theni,Central,940,0.18,75.2
Oil & Masala,Masalas,Nagercoil,Central,1092,0.13,283.92
Fruits & Veggies,Fresh Fruits,Salem,Central,1251,0.1,137.61
Snacks,Chocolates,Tirunelveli,Central,1031,0.28,350.54
Bakery,Breads & Buns,Virudhunagar,Central,1511,0.33,438.19
Beverages,Health Drinks,Ooty,Central,577,0.29,259.65
Snacks,Chocolates,Coimbatore,Central,1264,0.22,480.32
Snacks,Chocolates,Dindigul,Central,2500,0.33,300
"Eggs, Meat & Fish",Mutton,Coimbatore,Central,1747,0.2,454.22
Snacks,Noodles,Chennai,Central,589,0.25,164.92
Beverages,Health Drinks,Virudhunagar,Central,1598,0.3,639.2
Food Grains,Rice,Ooty,Central,1848,0.17,332.64
Food Grains,Organic Staples,Chennai,Central,1327,0.19,66.35
Food Grains,Organic Staples,Tirunelveli,Central,1375,0.24,151.25
Oil & Masala,Edible Oil & Ghee,Tirunelveli,Central,2375,0.31,760
"Eggs, Meat & Fish",Eggs,Salem,East,2248,0.13,899.2
Oil & Masala,Spices,Pudukottai,East,630,0.12,94.5
"Eggs, Meat & Fish",Fish,Vellore,East,808,0.13,226.24
Snacks,Cookies,Coimbatore,East,1923,0.23,576.9
Bakery,Breads & Buns,Kanyakumari,East,732,0.15,300.12
Bakery,Breads & Buns,Krishnagiri,East,1254,0.23,313.5
"Eggs, Meat & Fish",Eggs,Theni,East,1607,0.16,594.59
Food Grains,Rice,Viluppuram,East,1687,0.32,101.22
Beverages,Health Drinks,Cumbum,East,1805,0.3,433.2
"Eggs, Meat & Fish",Mutton,Perambalur,East,2089,0.32,396.91
Fruits & Veggies,Organic Fruits,Ooty,East,2126,0.13,403.94
Food Grains,Organic Staples,Kanyakumari,East,2278,0.13,1025.1
Food Grains,Atta & Flour,Viluppuram,East,1059,0.35,254.16
Oil & Masala,Edible Oil & Ghee,Chennai,East,795,0.26,325.95
Snacks,Chocolates,Namakkal,East,1306,0.11,130.6
Fruits & Veggies,Fresh Vegetables,Tenkasi,East,1079,0.32,151.06
Beverages,Health Drinks,Coimbatore,East,2147,0.16,923.21
Food Grains,Dals & Pulses,Ooty,East,679,0.25,210.49
Bakery,Breads & Buns,Coimbatore,East,1652,0.35,644.28
Oil & Masala,Spices,Ooty,East,1423,0.28,583.43
Food Grains,Organic Staples,Krishnagiri,East,1046,0.27,135.98
Bakery,Cakes,Karur,East,1526,0.22,595.14
Bakery,Cakes,Salem,East,1541,0.29,169.51
Beverages,Health Drinks,Cumbum,East,2472,0.17,939.36
Oil & Masala,Edible Oil & Ghee,Vellore,East,1233,0.21,61.65
"Eggs, Meat & Fish",Fish,Vellore,East,1399,0.3,475.66
Beverages,Soft Drinks,Kanyakumari,East,2239,0.25,492.58
Snacks,Cookies,Karur,East,1992,0.24,458.16
Oil & Masala,Spices,Ooty,East,2429,0.19,825.86
Oil & Masala,Masalas,Cumbum,East,2455,0.16,368.25
Bakery,Breads & Buns,Pudukottai,East,2285,0.11,776.9
"Eggs, Meat & Fish",Chicken,Madurai,East,1797,0.29,610.98
Oil & Masala,Edible Oil & Ghee,Tenkasi,East,649,0.22,181.72
Beverages,Soft Drinks,Salem,East,2500,0.34,175
Beverages,Health Drinks,Vellore,East,2100,0.14,399
Snacks,Cookies,Tenkasi,East,1415,0.15,169.8
Snacks,Chocolates,Namakkal,East,2266,0.16,317.24
Bakery,Biscuits,Coimbatore,East,2463,0.13,714.27
"Eggs, Meat & Fish",Eggs,Nagercoil,East,2136,0.16,833.04
Food Grains,Rice,Salem,East,2171,0.23,868.4
Oil & Masala,Spices,Pudukottai,East,2202,0.19,748.68
Oil & Masala,Masalas,Pudukottai,East,1657,0.1,182.27
Snacks,Chocolates,Coimbatore,East,563,0.33,157.64
Fruits & Veggies,Fresh Fruits,Kanyakumari,East,710,0.22,312.4
Beverages,Health Drinks,Vellore,East,1775,0.2,266.25
Beverages,Soft Drinks,Dindigul,East,963,0.29,144.45
Beverages,Soft Drinks,Vellore,East,1266,0.22,557.04
Snacks,Noodles,Chennai,East,874,0.12,384.56
Snacks,Noodles,Krishnagiri,East,2330,0.27,885.4
Beverages,Health Drinks,Kanyakumari,East,2440,0.24,512.4
Food Grains,Organic Staples,Pudukottai,East,2174,0.25,782.64
Fruits & Veggies,Fresh Vegetables,Dharmapuri,East,1418,0.17,326.14
Food Grains,Dals & Pulses,Perambalur,East,2134,0.32,960.3
Beverages,Soft Drinks,Theni,East,1833,0.32,696.54
Fruits & Veggies,Organic Fruits,Coimbatore,South,1087,0.18,108.7
"Eggs, Meat & Fish",Fish,Kanyakumari,South,2439,0.23,512.19
Food Grains,Atta & Flour,Theni,South,880,0.15,61.6
Fruits & Veggies,Fresh Fruits,Karur,South,1232,0.3,492.8
Food Grains,Rice,Ramanadhapuram,South,801,0.26,264.33
Beverages,Health Drinks,Madurai,South,2087,0.15,918.28
"Eggs, Meat & Fish",Chicken,Dindigul,South,704,0.18,112.64
Fruits & Veggies,Organic Vegetables,Kanyakumari,South,1844,0.27,331.92
Snacks,Chocolates,Nagercoil,South,1304,0.24,417.28
Fruits & Veggies,Organic Fruits,Pudukottai,South,925,0.19,379.25
Food Grains,Organic Staples,Ooty,South,807,0.24,347.01
Snacks,Chocolates,Madurai,South,735,0.1,286.65
Beverages,Health Drinks,Tenkasi,South,989,0.21,207.69
Food Grains,Atta & Flour,Krishnagiri,South,2412,0.13,940.68
Fruits & Veggies,Fresh Vegetables,Pudukottai,South,793,0.28,333.06
Bakery,Breads & Buns,Ramanadhapuram,South,959,0.34,115.08
Food Grains,Dals & Pulses,Virudhunagar,South,784,0.21,164.64
Snacks,Chocolates,Ooty,South,1073,0.12,311.17
"Eggs, Meat & Fish",Chicken,Chennai,South,517,0.12,155.1
Bakery,Cakes,Krishnagiri,South,1745,0.16,244.3
"Eggs, Meat & Fish",Mutton,Ramanadhapuram,South,771,0.14,185.04
Fruits & Veggies,Organic Fruits,Dindigul,South,1726,0.33,776.7
Oil & Masala,Masalas,Dindigul,South,1897,0.3,455.28
"Eggs, Meat & Fish",Eggs,Namakkal,South,2404,0.33,1033.72
Snacks,Noodles,Tirunelveli,South,907,0.32,199.54
Fruits & Veggies,Organic Vegetables,Nagercoil,South,1905,0.34,495.3
Oil & Masala,Spices,Salem,South,640,0.23,102.4
"Eggs, Meat & Fish",Mutton,Krishnagiri,South,2260,0.24,542.4
Bakery,Cakes,Dharmapuri,West,1872,0.18,149.76
Food Grains,Atta & Flour,Karur,West,2111,0.26,232.21
Food Grains,Dals & Pulses,Dharmapuri,West,2323,0.31,1045.35
Oil & Masala,Spices,Tirunelveli,West,2396,0.17,431.28
Food Grains,Organic Staples,Salem,West,1479,0.13,354.96
Beverages,Health Drinks,Karur,West,1474,0.23,619.08
Snacks,Noodles,Karur,West,2495,0.31,499
Food Grains,Rice,Madurai,West,984,0.13,314.88
"Eggs, Meat & Fish",Mutton,Kanyakumari,West,1282,0.31,461.52
Bakery,Cakes,Vellore,West,607,0.19,157.82
Fruits & Veggies,Fresh Vegetables,Vellore,West,888,0.18,71.04
Oil & Masala,Edible Oil & Ghee,Virudhunagar,West,512,0.15,71.68
Food Grains,Dals & Pulses,Dindigul,West,696,0.2,118.32
Snacks,Chocolates,Perambalur,West,1499,0.28,119.92
Food Grains,Rice,Vellore,West,1925,0.27,500.5
Food Grains,Rice,Perambalur,West,670,0.15,154.1
Fruits & Veggies,Organic Vegetables,Virudhunagar,West,2147,0.23,493.81
"Eggs, Meat & Fish",Eggs,Krishnagiri,West,1152,0.22,414.72
Beverages,Health Drinks,Chennai,West,1136,0.29,454.4
"Eggs, Meat & Fish",Eggs,Madurai,West,2464,0.22,813.12
Beverages,Soft Drinks,Dindigul,West,1911,0.17,114.66
Food Grains,Organic Staples,Bodi,West,2459,0.24,786.88
Fruits & Veggies,Organic Vegetables,Bodi,West,2361,0.23,708.3
Oil & Masala,Spices,Vellore,West,2245,0.11,359.2
Beverages,Health Drinks,Viluppuram,West,2290,0.17,755.7
Bakery,Breads & Buns,Tenkasi,West,1666,0.26,299.88
Bakery,Biscuits,Namakkal,West,2002,0.27,440.44
Food Grains,Atta & Flour,Dharmapuri,West,1097,0.2,131.64
Food Grains,Atta & Flour,Dindigul,West,1301,0.2,169.13
"Eggs, Meat & Fish",Mutton,Kanyakumari,West,1958,0.18,215.38
Oil & Masala,Edible Oil & Ghee,Namakkal,West,683,0.31,184.41
Snacks,Noodles,Karur,West,2171,0.17,434.2
Bakery,Breads & Buns,Bodi,West,1344,0.28,188.16
Fruits & Veggies,Organic Vegetables,Madurai,West,1790,0.17,393.8
Food Grains,Organic Staples,Nagercoil,West,1768,0.18,88.4
Oil & Masala,Spices,Kanyakumari,West,1355,0.18,311.65
Beverages,Soft Drinks,Dindigul,West,734,0.22,176.16
Bakery,Biscuits,Ooty,West,790,0.15,110.6
Food Grains,Atta & Flour,Salem,West,2206,0.3,176.48
Bakery,Cakes,Trichy,West,2216,0.24,642.64
Fruits & Veggies,Organic Vegetables,Karur,West,1702,0.31,374.44
Food Grains,Dals & Pulses,Vellore,West,1753,0.17,280.48
Snacks,Chocolates,Karur,West,1511,0.23,468.41
Oil & Masala,Masalas,Dharmapuri,West,1027,0.22,92.43
Oil & Masala,Edible Oil & Ghee,Ramanadhapuram,West,1746,0.1,174.6
Fruits & Veggies,Organic Fruits,Dindigul,West,1278,0.17,319.5
Fruits & Veggies,Organic Fruits,Chennai,West,585,0.26,175.5
Oil & Masala,Edible Oil & Ghee,Theni,West,1083,0.25,108.3
"Eggs, Meat & Fish",Chicken,Chennai,West,1638,0.27,196.56
"Eggs, Meat & Fish",Chicken,Theni,West,2452,0.27,539.44
Fruits & Veggies,Fresh Vegetables,Theni,West,1030,0.28,144.2
Snacks,Chocolates,Dindigul,West,2002,0.18,740.74
Fruits & Veggies,Fresh Fruits,Salem,West,782,0.14,273.7
"Eggs, Meat & Fish",Mutton,Ramanadhapuram,West,1757,0.13,404.11
Bakery,Cakes,Salem,West,639,0.28,261.99
Fruits & Veggies,Organic Fruits,Dharmapuri,West,1279,0.33,76.74
Fruits & Veggies,Organic Vegetables,Trichy,West,1495,0.15,478.4
Food Grains,Dals & Pulses,Chennai,West,2370,0.32,568.8
Food Grains,Dals & Pulses,Bodi,West,2437,0.17,243.7
Food Grains,Rice,Theni,West,1173,0.32,129.03
Food Grains,Organic Staples,Trichy,West,1561,0.27,249.76
"Eggs, Meat & Fish",Eggs,Ooty,West,1471,0.21,88.26
Snacks,Noodles,Tirunelveli,West,615,0.15,92.25
Bakery,Breads & Buns,Vellore,Central,2259,0.35,384.03
Food Grains,Atta & Flour,Theni,Central,2437,0.11,121.85
Fruits & Veggies,Fresh Vegetables,Dharmapuri,Central,2266,0.34,181.28
Beverages,Soft Drinks,Karur,Central,1791,0.21,770.13
Food Grains,Organic Staples,Vellore,Central,985,0.14,443.25
Food Grains,Atta & Flour,Salem,Central,588,0.32,129.36
Snacks,Noodles,Tirunelveli,Central,1695,0.23,762.75
Food Grains,Rice,Madurai,Central,2478,0.14,594.72
Beverages,Health Drinks,Viluppuram,Central,548,0.22,49.32
Bakery,Breads & Buns,Tenkasi,Central,1467,0.32,396.09
Snacks,Cookies,Viluppuram,Central,915,0.14,256.2
Beverages,Health Drinks,Viluppuram,Central,916,0.19,219.84
Oil & Masala,Masalas,Kanyakumari,Central,1034,0.15,341.22
"Eggs, Meat & Fish",Fish,Dharmapuri,Central,1772,0.3,230.36
Beverages,Health Drinks,Krishnagiri,Central,1999,0.25,359.82
Bakery,Biscuits,Kanyakumari,Central,2052,0.26,143.64
Bakery,Breads & Buns,Viluppuram,Central,728,0.18,94.64
Bakery,Breads & Buns,Karur,Central,1151,0.3,368.32
"Eggs, Meat & Fish",Chicken,Coimbatore,Central,2134,0.2,533.5
Bakery,Cakes,Nagercoil,Central,864,0.11,267.84
Oil & Masala,Edible Oil & Ghee,Krishnagiri,Central,687,0.34,103.05
Oil & Masala,Edible Oil & Ghee,Kanyakumari,Central,2342,0.32,608.92
Fruits & Veggies,Organic Fruits,Tenkasi,Central,1090,0.28,316.1
Fruits & Veggies,Fresh Fruits,Karur,Central,1334,0.13,413.54
Snacks,Chocolates,Theni,Central,2261,0.33,610.47
Snacks,Chocolates,Vellore,Central,2220,0.15,865.8
Fruits & Veggies,Organic Fruits,Salem,Central,2451,0.14,416.67
Bakery,Breads & Buns,Kanyakumari,Central,2284,0.24,296.92
Snacks,Chocolates,Salem,Central,2234,0.21,580.84
Bakery,Breads & Buns,Dindigul,Central,2048,0.28,102.4
Beverages,Soft Drinks,Coimbatore,Central,2053,0.13,246.36
Beverages,Soft Drinks,Perambalur,Central,1520,0.12,182.4
Fruits & Veggies,Fresh Fruits,Bodi,Central,1317,0.23,474.12
Beverages,Soft Drinks,Viluppuram,Central,705,0.32,289.05
Bakery,Cakes,Vellore,Central,1248,0.15,424.32
Oil & Masala,Masalas,Pudukottai,Central,1143,0.19,457.2
"Eggs, Meat & Fish",Mutton,Trichy,Central,1455,0.13,116.4
Food Grains,Dals & Pulses,Virudhunagar,Central,2190,0.3,350.4
Fruits & Veggies,Organic Fruits,Dindigul,Central,711,0.35,170.64
Food Grains,Dals & Pulses,Bodi,Central,2174,0.2,673.94
Fruits & Veggies,Organic Fruits,Cumbum,Central,993,0.24,178.74
"Eggs, Meat & Fish",Eggs,Nagercoil,Central,1976,0.25,889.2
"Eggs, Meat & Fish",Mutton,Pudukottai,Central,1671,0.22,100.26
Bakery,Breads & Buns,Ooty,Central,943,0.21,339.48
Snacks,Cookies,Kanyakumari,Central,1495,0.15,224.25
"Eggs, Meat & Fish",Chicken,Namakkal,Central,1436,0.11,560.04
Beverages,Health Drinks,Ooty,Central,1545,0.25,355.35
Snacks,Noodles,Viluppuram,Central,1188,0.35,368.28
Beverages,Soft Drinks,Virudhunagar,Central,1081,0.27,345.92
Bakery,Biscuits,Nagercoil,Central,1595,0.17,159.5
Food Grains,Dals & Pulses,Vellore,Central,2218,0.17,842.84
"Eggs, Meat & Fish",Eggs,Cumbum,Central,1787,0.22,107.22
Oil & Masala,Edible Oil & Ghee,Kanyakumari,Central,1734,0.21,329.46
Beverages,Soft Drinks,Ooty,Central,593,0.28,41.51
Oil & Masala,Edible Oil & Ghee,Salem,Central,1878,0.1,319.26
Snacks,Noodles,Madurai,Central,521,0.11,177.14
Food Grains,Rice,Trichy,Central,1149,0.35,195.33
Food Grains,Dals & Pulses,Tenkasi,Central,805,0.16,177.1
"Eggs, Meat & Fish",Mutton,Vellore,Central,2066,0.21,723.1
Fruits & Veggies,Organic Vegetables,Tirunelveli,Central,2085,0.19,646.35
"Eggs, Meat & Fish",Eggs,Krishnagiri,Central,1990,0.24,179.1
Bakery,Breads & Buns,Trichy,Central,2351,0.24,1034.44
"Eggs, Meat & Fish",Chicken,Bodi,Central,1381,0.33,524.78
Oil & Masala,Spices,Namakkal,Central,1413,0.32,113.04
Oil & Masala,Masalas,Madurai,Central,2419,0.19,145.14
Food Grains,Dals & Pulses,Karur,Central,1238,0.16,519.96
Food Grains,Atta & Flour,Coimbatore,Central,668,0.34,240.48
Fruits & Veggies,Organic Vegetables,Cumbum,Central,2224,0.29,244.64
Oil & Masala,Masalas,Chennai,Central,1818,0.23,745.38
Beverages,Soft Drinks,Ramanadhapuram,Central,1319,0.35,435.27
Bakery,Breads & Buns,Karur,Central,1403,0.33,547.17
Beverages,Health Drinks,Perambalur,Central,1789,0.33,107.34
Food Grains,Organic Staples,Kanyakumari,Central,1564,0.3,422.28
"Eggs, Meat & Fish",Fish,Dharmapuri,Central,652,0.26,260.8
Food Grains,Atta & Flour,Bodi,Central,2318,0.17,486.78
Food Grains,Rice,Bodi,Central,1482,0.17,474.24
Food Grains,Dals & Pulses,Tenkasi,Central,1179,0.27,506.97
Bakery,Biscuits,Coimbatore,Central,1856,0.1,723.84
Beverages,Soft Drinks,Theni,Central,1245,0.28,423.3
Beverages,Soft Drinks,Ramanadhapuram,Central,2114,0.3,761.04
Fruits & Veggies,Organic Vegetables,Tenkasi,Central,2173,0.28,217.3
Food Grains,Organic Staples,Nagercoil,Central,1927,0.21,558.83
Snacks,Chocolates,Vellore,Central,1134,0.22,272.16
Bakery,Cakes,Viluppuram,Central,726,0.15,239.58
Beverages,Soft Drinks,Dindigul,Central,1750,0.31,175
Bakery,Biscuits,Viluppuram,Central,2363,0.22,519.86
Oil & Masala,Edible Oil & Ghee,Nagercoil,Central,553,0.2,165.9
Beverages,Health Drinks,Pudukottai,Central,1064,0.3,308.56
Snacks,Chocolates,Pudukottai,Central,2262,0.1,135.72
Snacks,Noodles,Cumbum,Central,1277,0.11,498.03
Fruits & Veggies,Organic Fruits,Virudhunagar,Central,651,0.34,162.75
Snacks,Cookies,Dindigul,Central,2023,0.33,202.3
Snacks,Noodles,Viluppuram,Central,959,0.12,163.03
Bakery,Cakes,Bodi,Central,2303,0.29,713.93
Oil & Masala,Edible Oil & Ghee,Krishnagiri,Central,655,0.25,98.25
Beverages,Health Drinks,Nagercoil,Central,2216,0.21,487.52
Fruits & Veggies,Fresh Fruits,Tirunelveli,Central,2144,0.11,536
Oil & Masala,Edible Oil & Ghee,Madurai,Central,2168,0.34,281.84
"Eggs, Meat & Fish",Mutton,Coimbatore,Central,1863,0.14,726.57
Bakery,Breads & Buns,Tenkasi,Central,511,0.27,81.76
Oil & Masala,Masalas,Cumbum,Central,1615,0.29,500.65
Beverages,Soft Drinks,Dindigul,Central,1281,0.15,64.05
Fruits & Veggies,Fresh Vegetables,Coimbatore,Central,2430,0.16,170.1
Food Grains,Dals & Pulses,Kanyakumari,Central,2328,0.25,465.6
Fruits & Veggies,Organic Vegetables,Tenkasi,Central,2032,0.29,243.84
"Eggs, Meat & Fish",Chicken,Salem,Central,2243,0.27,1009.35
Snacks,Cookies,Karur,Central,501,0.11,100.2
Fruits & Veggies,Organic Vegetables,Krishnagiri,Central,1221,0.14,61.05
Oil & Masala,Spices,Trichy,Central,1566,0.23,548.1
Oil & Masala,Edible Oil & Ghee,Dharmapuri,Central,947,0.25,331.45
Oil & Masala,Edible Oil & Ghee,Ooty,Central,1732,0.17,294.44
"Eggs, Meat & Fish",Eggs,Karur,East,1678,0.19,486.62
Bakery,Cakes,Krishnagiri,East,1310,0.23,78.6
"Eggs, Meat & Fish",Fish,Virudhunagar,East,2242,0.2,986.48
Fruits & Veggies,Organic Fruits,Namakkal,East,1892,0.24,340.56
Fruits & Veggies,Organic Vegetables,Virudhunagar,East,1433,0.25,487.22
Snacks,Noodles,Dharmapuri,East,1769,0.31,530.7
Bakery,Cakes,Krishnagiri,East,1668,0.3,200.16
Fruits & Veggies,Organic Fruits,Nagercoil,East,2460,0.24,1082.4
Fruits & Veggies,Fresh Vegetables,Tirunelveli,East,1894,0.16,833.36
Snacks,Noodles,Pudukottai,East,1519,0.31,455.7
Bakery,Breads & Buns,Nagercoil,East,881,0.15,299.54
Snacks,Noodles,Nagercoil,East,615,0.33,239.85
Food Grains,Atta & Flour,Ooty,East,1402,0.18,252.36
Bakery,Biscuits,Ooty,East,1651,0.24,313.69
"Eggs, Meat & Fish",Chicken,Perambalur,East,860,0.19,240.8
Fruits & Veggies,Organic Fruits,Salem,East,1250,0.18,100
Bakery,Breads & Buns,Tenkasi,East,655,0.16,262
Beverages,Soft Drinks,Perambalur,East,2168,0.35,737.12
Snacks,Noodles,Dharmapuri,East,2351,0.3,517.22
Oil & Masala,Edible Oil & Ghee,Krishnagiri,East,1234,0.23,481.26
Oil & Masala,Edible Oil & Ghee,Perambalur,East,569,0.23,34.14
Fruits & Veggies,Fresh Fruits,Madurai,East,1020,0.16,71.4
"Eggs, Meat & Fish",Chicken,Chennai,East,1018,0.2,101.8
Oil & Masala,Spices,Theni,East,1514,0.23,393.64
"Eggs, Meat & Fish",Mutton,Ramanadhapuram,East,1568,0.26,266.56
Food Grains,Organic Staples,Dindigul,East,1097,0.32,449.77
Oil & Masala,Edible Oil & Ghee,Bodi,East,1778,0.14,426.72
"Eggs, Meat & Fish",Chicken,Virudhunagar,East,626,0.2,200.32
Bakery,Biscuits,Theni,East,1330,0.25,505.4
Bakery,Biscuits,Bodi,East,1502,0.24,480.64
Beverages,Health Drinks,Ramanadhapuram,East,1686,0.14,590.1
Beverages,Health Drinks,Krishnagiri,East,1817,0.35,490.59
Oil & Masala,Spices,Viluppuram,East,944,0.16,94.4
Snacks,Noodles,Dindigul,East,2351,0.23,705.3
Beverages,Health Drinks,Coimbatore,East,2321,0.24,603.46
Fruits & Veggies,Organic Vegetables,Karur,East,2058,0.19,370.44
Beverages,Soft Drinks,Madurai,East,1636,0.22,392.64
Bakery,Biscuits,Nagercoil,East,1411,0.24,366.86
Bakery,Cakes,Cumbum,East,1175,0.34,293.75
"Eggs, Meat & Fish",Fish,Nagercoil,East,1729,0.32,518.7
Bakery,Breads & Buns,Tirunelveli,East,1324,0.16,569.32
Snacks,Noodles,Ramanadhapuram,East,1127,0.27,349.37
Food Grains,Organic Staples,Tenkasi,East,2189,0.27,897.49
Snacks,Noodles,Tenkasi,East,649,0.12,136.29
Snacks,Chocolates,Tirunelveli,East,2470,0.25,568.1
Fruits & Veggies,Organic Fruits,Viluppuram,East,1211,0.15,448.07
"Eggs, Meat & Fish",Fish,Dharmapuri,East,608,0.28,54.72
Snacks,Cookies,Krishnagiri,East,1266,0.21,88.62
Snacks,Chocolates,Viluppuram,East,1065,0.12,85.2
Beverages,Soft Drinks,Pudukottai,East,522,0.27,120.06
"Eggs, Meat & Fish",Mutton,Karur,East,1992,0.28,418.32
Snacks,Chocolates,Chennai,East,1272,0.35,381.6
"Eggs, Meat & Fish",Mutton,Krishnagiri,East,1189,0.16,118.9
"Eggs, Meat & Fish",Chicken,Salem,East,912,0.22,228
Beverages,Health Drinks,Krishnagiri,East,623,0.28,62.3
"Eggs, Meat & Fish",Mutton,Trichy,East,1251,0.23,75.06
"Eggs, Meat & Fish",Chicken,Pudukottai,East,2074,0.27,477.02
Food Grains,Organic Staples,Tirunelveli,East,2121,0.32,487.83
Bakery,Cakes,Salem,East,1967,0.14,491.75
Beverages,Health Drinks,Chennai,East,2190,0.12,810.3
Snacks,Chocolates,Perambalur,East,990,0.27,198
Oil & Masala,Masalas,Cumbum,East,1903,0.19,380.6
Snacks,Chocolates,Ramanadhapuram,East,2125,0.11,658.75
Snacks,Chocolates,Madurai,East,1081,0.28,281.06
"Eggs, Meat & Fish",Fish,Dharmapuri,East,2012,0.27,804.8
Oil & Masala,Masalas,Chennai,East,1617,0.21,533.61
"Eggs, Meat & Fish",Mutton,Virudhunagar,East,2325,0.25,255.75
Fruits & Veggies,Organic Vegetables,Karur,East,731,0.32,321.64
Fruits & Veggies,Organic Fruits,Kanyakumari,East,600,0.24,198
Fruits & Veggies,Fresh Vegetables,Namakkal,East,778,0.16,178.94
Food Grains,Rice,Pudukottai,East,1284,0.12,231.12
Oil & Masala,Masalas,Salem,East,1425,0.25,285
Snacks,Noodles,Namakkal,East,885,0.15,123.9
"Eggs, Meat & Fish",Fish,Theni,East,1897,0.18,474.25
Beverages,Soft Drinks,Krishnagiri,East,742,0.29,74.2
"Eggs, Meat & Fish",Chicken,Krishnagiri,East,2034,0.16,223.74
Snacks,Chocolates,Madurai,East,1197,0.18,287.28
"Eggs, Meat & Fish",Mutton,Namakkal,East,1741,0.2,731.22
Food Grains,Rice,Coimbatore,East,1816,0.21,635.6
Bakery,Cakes,Nagercoil,East,771,0.22,277.56
Snacks,Cookies,Ramanadhapuram,East,596,0.14,214.56
Beverages,Soft Drinks,Perambalur,East,788,0.25,291.56
"Eggs, Meat & Fish",Fish,Salem,East,1420,0.22,99.4
"Eggs, Meat & Fish",Chicken,Nagercoil,East,1239,0.24,470.82
Bakery,Biscuits,Cumbum,East,721,0.1,201.88
Beverages,Health Drinks,Perambalur,East,1085,0.33,303.8
Fruits & Veggies,Organic Vegetables,Bodi,East,1537,0.12,322.77
"Eggs, Meat & Fish",Fish,Cumbum,East,1192,0.2,166.88
Snacks,Noodles,Cumbum,East,1655,0.35,496.5
Oil & Masala,Edible Oil & Ghee,Nagercoil,East,1400,0.23,434
Bakery,Cakes,Tirunelveli,East,752,0.25,218.08
Beverages,Soft Drinks,Vellore,East,1341,0.3,268.2
Bakery,Biscuits,Trichy,East,1735,0.33,86.75
Food Grains,Organic Staples,Karur,East,1736,0.17,329.84
Bakery,Breads & Buns,Karur,East,1084,0.17,487.8
Food Grains,Rice,Theni,East,1601,0.18,112.07
Bakery,Cakes,Salem,East,1703,0.24,272.48
Fruits & Veggies,Fresh Fruits,Tirunelveli,East,1699,0.31,390.77
Beverages,Health Drinks,Viluppuram,East,784,0.24,125.44
Snacks,Chocolates,Vellore,East,2161,0.29,821.18
Beverages,Soft Drinks,Namakkal,East,1443,0.28,490.62
Snacks,Chocolates,Trichy,East,1329,0.14,318.96
"Eggs, Meat & Fish",Eggs,Ramanadhapuram,East,2134,0.29,576.18
Snacks,Cookies,Kanyakumari,East,559,0.19,195.65
Beverages,Health Drinks,Tenkasi,East,2445,0.3,122.25
Fruits & Veggies,Fresh Vegetables,Tirunelveli,East,1381,0.32,331.44
"Eggs, Meat & Fish",Eggs,Theni,East,1889,0.23,453.36
Oil & Masala,Masalas,Cumbum,East,864,0.16,259.2
"Eggs, Meat & Fish",Fish,Theni,East,1360,0.21,326.4
Food Grains,Dals & Pulses,Karur,East,1824,0.26,802.56
Oil & Masala,Masalas,Namakkal,East,2099,0.28,881.58
Fruits & Veggies,Organic Vegetables,Namakkal,East,2145,0.11,493.35
Fruits & Veggies,Fresh Vegetables,Ooty,East,547,0.22,82.05
Bakery,Breads & Buns,Cumbum,East,1145,0.35,137.4
Fruits & Veggies,Organic Vegetables,Coimbatore,East,815,0.34,285.25
"Eggs, Meat & Fish",Mutton,Ramanadhapuram,East,2291,0.27,458.2
Food Grains,Rice,Tenkasi,East,671,0.13,33.55
Beverages,Soft Drinks,Tenkasi,East,757,0.15,113.55
Food Grains,Atta & Flour,Bodi,East,668,0.23,80.16
Beverages,Soft Drinks,Theni,East,1791,0.18,125.37
Beverages,Health Drinks,Nagercoil,East,1165,0.35,267.95
Bakery,Breads & Buns,Coimbatore,East,1051,0.2,388.87
"Eggs, Meat & Fish",Chicken,Ramanadhapuram,East,896,0.33,340.48
Beverages,Soft Drinks,Madurai,East,1042,0.13,177.14
Snacks,Chocolates,Kanyakumari,East,1272,0.17,343.44
Fruits & Veggies,Fresh Fruits,Virudhunagar,East,2438,0.12,341.32
Food Grains,Atta & Flour,Krishnagiri,East,2258,0.18,699.98
Oil & Masala,Spices,Tirunelveli,East,2296,0.14,298.48
Beverages,Soft Drinks,Madurai,East,734,0.17,286.26
Bakery,Cakes,Tirunelveli,East,2439,0.25,1073.16
Food Grains,Rice,Madurai,East,1287,0.18,77.22
Bakery,Biscuits,Dindigul,East,1733,0.15,450.58
Snacks,Cookies,Ramanadhapuram,East,1424,0.17,356
Food Grains,Organic Staples,Pudukottai,East,2433,0.24,608.25
"Eggs, Meat & Fish",Mutton,Bodi,East,1008,0.1,423.36
Oil & Masala,Edible Oil & Ghee,Pudukottai,East,1075,0.25,268.75
Snacks,Cookies,Karur,East,1599,0.12,303.81
Bakery,Breads & Buns,Salem,East,1230,0.29,430.5
"Eggs, Meat & Fish",Chicken,Coimbatore,East,954,0.19,381.6
Food Grains,Dals & Pulses,Ramanadhapuram,East,1526,0.14,167.86
Beverages,Health Drinks,Chennai,East,561,0.12,100.98
Bakery,Breads & Buns,Tenkasi,East,1976,0.23,671.84
"Eggs, Meat & Fish",Fish,Trichy,East,918,0.21,137.7
Oil & Masala,Edible Oil & Ghee,Theni,East,2065,0.26,805.35
Food Grains,Atta & Flour,Ooty,East,1606,0.3,690.58
Bakery,Breads & Buns,Ramanadhapuram,East,2448,0.3,734.4
Oil & Masala,Masalas,Cumbum,East,1182,0.35,460.98
Food Grains,Dals & Pulses,Bodi,East,1563,0.35,656.46
"Eggs, Meat & Fish",Eggs,Kanyakumari,East,839,0.25,50.34
Food Grains,Organic Staples,Krishnagiri,East,720,0.24,216
Bakery,Breads & Buns,Kanyakumari,East,921,0.24,147.36
Bakery,Biscuits,Nagercoil,South,691,0.29,48.37
Beverages,Soft Drinks,Chennai,South,988,0.32,355.68
"Eggs, Meat & Fish",Mutton,Chennai,South,1884,0.19,584.04
"Eggs, Meat & Fish",Mutton,Nagercoil,South,1645,0.24,115.15
Fruits & Veggies,Organic Vegetables,Salem,South,1297,0.33,479.89
Beverages,Soft Drinks,Bodi,South,665,0.34,246.05
Snacks,Cookies,Krishnagiri,South,1020,0.14,306
Oil & Masala,Edible Oil & Ghee,Ramanadhapuram,South,2240,0.13,918.4
Beverages,Soft Drinks,Cumbum,South,2257,0.28,857.66
Beverages,Health Drinks,Vellore,South,1122,0.14,157.08
Food Grains,Dals & Pulses,Ooty,South,2374,0.32,284.88
Snacks,Chocolates,Chennai,South,904,0.19,153.68
Snacks,Noodles,Kanyakumari,South,959,0.15,95.9
Oil & Masala,Masalas,Krishnagiri,South,561,0.23,145.86
Bakery,Breads & Buns,Krishnagiri,South,534,0.15,208.26
Fruits & Veggies,Organic Vegetables,Vellore,South,773,0.3,123.68
Beverages,Health Drinks,Ramanadhapuram,South,2396,0.3,119.8
Oil & Masala,Masalas,Vellore,South,1898,0.19,360.62
Bakery,Biscuits,Cumbum,South,779,0.27,109.06
Beverages,Health Drinks,Coimbatore,South,1409,0.14,211.35
Food Grains,Atta & Flour,Virudhunagar,South,690,0.22,48.3
Food Grains,Atta & Flour,Pudukottai,South,1135,0.26,249.7
Food Grains,Rice,Madurai,South,2406,0.27,625.56
Oil & Masala,Edible Oil & Ghee,Namakkal,South,558,0.11,189.72
"Eggs, Meat & Fish",Chicken,Nagercoil,South,1243,0.28,198.88
Food Grains,Atta & Flour,Theni,South,2287,0.33,343.05
"Eggs, Meat & Fish",Fish,Ooty,South,743,0.11,104.02
Bakery,Biscuits,Krishnagiri,South,2081,0.23,811.59
Food Grains,Rice,Pudukottai,South,2155,0.12,754.25
Beverages,Soft Drinks,Ooty,South,1536,0.2,291.84
Snacks,Noodles,Salem,South,989,0.35,168.13
Fruits & Veggies,Fresh Fruits,Ooty,South,886,0.29,256.94
Bakery,Breads & Buns,Tenkasi,South,829,0.27,157.51
"Eggs, Meat & Fish",Chicken,Perambalur,South,1784,0.26,499.52
Snacks,Chocolates,Pudukottai,South,1534,0.24,291.46
Oil & Masala,Spices,Karur,South,1486,0.21,297.2
Beverages,Soft Drinks,Dharmapuri,South,1559,0.28,265.03
Fruits & Veggies,Organic Vegetables,Chennai,South,1522,0.18,395.72
Food Grains,Rice,Trichy,South,1227,0.34,441.72
Bakery,Biscuits,Madurai,South,1155,0.11,473.55
"Eggs, Meat & Fish",Mutton,Ooty,South,1231,0.17,147.72
Bakery,Biscuits,Ooty,South,965,0.33,328.1
Snacks,Cookies,Karur,South,1422,0.35,597.24
Beverages,Health Drinks,Madurai,South,1567,0.26,564.12
"Eggs, Meat & Fish",Chicken,Dharmapuri,South,785,0.23,337.55
Snacks,Cookies,Cumbum,South,1390,0.15,583.8
Snacks,Chocolates,Coimbatore,South,1887,0.12,207.57
Snacks,Chocolates,Namakkal,South,1273,0.34,63.65
Oil & Masala,Edible Oil & Ghee,Tenkasi,South,2493,0.1,673.11
"Eggs, Meat & Fish",Mutton,Karur,South,681,0.23,245.16
Fruits & Veggies,Fresh Vegetables,Ooty,South,1655,0.3,612.35
Beverages,Health Drinks,Viluppuram,South,2195,0.22,285.35
Oil & Masala,Spices,Viluppuram,South,2100,0.14,315
Bakery,Breads & Buns,Karur,South,2341,0.15,749.12
Food Grains,Atta & Flour,Theni,South,1585,0.31,634
Food Grains,Atta & Flour,Vellore,South,1853,0.29,796.79
Fruits & Veggies,Fresh Fruits,Kanyakumari,South,2451,0.21,318.63
Food Grains,Organic Staples,Pudukottai,South,2099,0.29,314.85
Fruits & Veggies,Organic Fruits,Trichy,South,2315,0.28,972.3
Beverages,Health Drinks,Coimbatore,South,1512,0.26,241.92
Fruits & Veggies,Organic Fruits,Pudukottai,South,1413,0.3,452.16
Bakery,Biscuits,Krishnagiri,South,741,0.1,51.87
Bakery,Biscuits,Virudhunagar,South,1363,0.1,558.83
Food Grains,Dals & Pulses,Perambalur,South,1718,0.24,360.78
Bakery,Breads & Buns,Dindigul,South,1546,0.26,108.22
Fruits & Veggies,Organic Vegetables,Perambalur,South,1374,0.32,590.82
Food Grains,Rice,Karur,South,2347,0.16,704.1
"Eggs, Meat & Fish",Chicken,Tirunelveli,South,1297,0.23,570.68
Bakery,Breads & Buns,Ooty,South,831,0.28,257.61
Bakery,Breads & Buns,Tenkasi,South,1506,0.32,677.7
Snacks,Noodles,Krishnagiri,South,1171,0.18,363.01
Oil & Masala,Edible Oil & Ghee,Salem,South,689,0.1,172.25
Oil & Masala,Edible Oil & Ghee,Dharmapuri,South,580,0.28,29
"Eggs, Meat & Fish",Eggs,Coimbatore,South,2221,0.11,155.47
Food Grains,Atta & Flour,Vellore,South,2377,0.23,499.17
"Eggs, Meat & Fish",Mutton,Theni,South,1353,0.32,148.83
Food Grains,Atta & Flour,Tenkasi,South,2449,0.29,930.62
Fruits & Veggies,Fresh Vegetables,Kanyakumari,South,2430,0.33,704.7
"Eggs, Meat & Fish",Eggs,Salem,South,2453,0.14,466.07
Snacks,Noodles,Bodi,South,1857,0.27,315.69
Bakery,Breads & Buns,Virudhunagar,South,1914,0.34,153.12
Bakery,Biscuits,Coimbatore,South,853,0.31,110.89
Fruits & Veggies,Fresh Fruits,Tirunelveli,South,1807,0.11,289.12
"Eggs, Meat & Fish",Eggs,Bodi,South,1571,0.2,518.43
Bakery,Breads & Buns,Ooty,South,2280,0.24,159.6
Beverages,Health Drinks,Madurai,South,1567,0.32,673.81
"Eggs, Meat & Fish",Fish,Viluppuram,South,1839,0.29,588.48
Beverages,Health Drinks,Theni,South,794,0.12,230.26
Oil & Masala,Edible Oil & Ghee,Virudhunagar,South,2374,0.26,593.5
Food Grains,Rice,Dindigul,South,1049,0.23,230.78
Snacks,Chocolates,Cumbum,South,1826,0.35,109.56
Fruits & Veggies,Organic Vegetables,Perambalur,South,1077,0.12,463.11
Food Grains,Rice,Ooty,South,2184,0.32,764.4
Beverages,Health Drinks,Bodi,South,1463,0.33,160.93
"Eggs, Meat & Fish",Fish,Kanyakumari,South,1474,0.27,132.66
Oil & Masala,Spices,Tenkasi,South,1499,0.12,89.94
Food Grains,Rice,Ramanadhapuram,South,1216,0.25,474.24
Beverages,Health Drinks,Perambalur,South,945,0.35,160.65
Bakery,Cakes,Salem,South,1916,0.2,402.36
"Eggs, Meat & Fish",Chicken,Tirunelveli,South,1657,0.13,331.4
Beverages,Health Drinks,Dindigul,South,1222,0.2,281.06
Food Grains,Rice,Bodi,South,2397,0.25,958.8
Bakery,Biscuits,Theni,West,2181,0.17,261.72
"Eggs, Meat & Fish",Eggs,Tirunelveli,West,1591,0.19,556.85
"Eggs, Meat & Fish",Chicken,Tenkasi,West,970,0.15,48.5
Beverages,Health Drinks,Dharmapuri,West,1350,0.31,256.5
Snacks,Cookies,Chennai,West,1364,0.12,381.92
Oil & Masala,Spices,Salem,West,530,0.3,190.8
Fruits & Veggies,Fresh Vegetables,Tenkasi,West,1779,0.23,142.32
Beverages,Soft Drinks,Salem,West,1586,0.2,713.7
Bakery,Breads & Buns,Karur,West,837,0.13,234.36
Oil & Masala,Masalas,Krishnagiri,West,2292,0.19,183.36
Food Grains,Organic Staples,Madurai,West,2213,0.16,531.12
"Eggs, Meat & Fish",Eggs,Karur,West,1028,0.21,61.68
Beverages,Health Drinks,Krishnagiri,West,814,0.35,48.84
Fruits & Veggies,Fresh Fruits,Krishnagiri,West,892,0.34,240.84
Oil & Masala,Masalas,Virudhunagar,West,1931,0.16,617.92
Food Grains,Atta & Flour,Cumbum,West,1210,0.1,217.8
"Eggs, Meat & Fish",Eggs,Namakkal,West,2118,0.24,889.56
Oil & Masala,Spices,Namakkal,West,2406,0.21,529.32
Food Grains,Organic Staples,Ooty,West,661,0.11,257.79
Bakery,Biscuits,Bodi,West,1372,0.2,274.4
Oil & Masala,Edible Oil & Ghee,Tenkasi,West,1283,0.26,346.41
Fruits & Veggies,Organic Fruits,Ramanadhapuram,West,2073,0.22,497.52
Fruits & Veggies,Organic Vegetables,Theni,West,967,0.3,367.46
"Eggs, Meat & Fish",Chicken,Karur,West,827,0.15,49.62
Food Grains,Atta & Flour,Pudukottai,West,1808,0.2,216.96
Snacks,Chocolates,Bodi,West,2167,0.14,303.38
Snacks,Cookies,Madurai,West,1449,0.15,623.07
Beverages,Soft Drinks,Tenkasi,West,2351,0.32,399.67
Fruits & Veggies,Fresh Vegetables,Krishnagiri,West,1818,0.25,199.98
Fruits & Veggies,Fresh Fruits,Cumbum,West,785,0.28,78.5
Beverages,Soft Drinks,Krishnagiri,West,2481,0.28,372.15
Snacks,Chocolates,Vellore,West,1479,0.17,473.28
Bakery,Breads & Buns,Karur,West,1097,0.15,87.76
Beverages,Health Drinks,Viluppuram,West,607,0.35,242.8
Fruits & Veggies,Organic Fruits,Perambalur,West,949,0.35,360.62
"Eggs, Meat & Fish",Eggs,Karur,West,1666,0.3,383.18
Food Grains,Organic Staples,Virudhunagar,West,1151,0.35,391.34
"Eggs, Meat & Fish",Chicken,Kanyakumari,West,1338,0.17,414.78
Oil & Masala,Spices,Coimbatore,West,967,0.33,67.69
Snacks,Noodles,Cumbum,West,2200,0.26,396
Fruits & Veggies,Fresh Vegetables,Trichy,West,1077,0.35,430.8
Beverages,Soft Drinks,Perambalur,West,2367,0.15,1065.15
Bakery,Breads & Buns,Salem,West,1075,0.14,301
Food Grains,Atta & Flour,Theni,West,1306,0.1,195.9
Food Grains,Organic Staples,Namakkal,West,985,0.33,275.8
Food Grains,Organic Staples,Viluppuram,West,527,0.32,126.48
Oil & Masala,Spices,Karur,West,2194,0.34,987.3
Food Grains,Dals & Pulses,Viluppuram,West,1196,0.22,131.56
Oil & Masala,Masalas,Kanyakumari,West,579,0.16,208.44
Fruits & Veggies,Fresh Fruits,Ramanadhapuram,West,1609,0.35,257.44
Oil & Masala,Spices,Salem,West,2048,0.21,655.36
"Eggs, Meat & Fish",Mutton,Theni,West,2461,0.21,959.79
Snacks,Noodles,Bodi,West,2088,0.11,647.28
Oil & Masala,Masalas,Coimbatore,West,2259,0.35,112.95
Food Grains,Organic Staples,Namakkal,West,1390,0.14,542.1
Fruits & Veggies,Fresh Fruits,Nagercoil,West,814,0.14,276.76
Food Grains,Dals & Pulses,Theni,West,1253,0.27,400.96
Bakery,Cakes,Madurai,West,2093,0.28,732.55
"Eggs, Meat & Fish",Eggs,Karur,West,1915,0.2,210.65
Bakery,Cakes,Coimbatore,West,2144,0.14,150.08
"Eggs, Meat & Fish",Fish,Cumbum,West,2387,0.19,930.93
Beverages,Health Drinks,Bodi,West,739,0.35,162.58
Oil & Masala,Masalas,Salem,West,556,0.27,244.64
Snacks,Chocolates,Ramanadhapuram,West,1174,0.16,117.4
Snacks,Chocolates,Ooty,West,2230,0.19,468.3
Oil & Masala,Spices,Vellore,West,1325,0.14,79.5
Fruits & Veggies,Fresh Vegetables,Tirunelveli,West,1905,0.27,476.25
"Eggs, Meat & Fish",Fish,Cumbum,West,2290,0.21,137.4
Food Grains,Organic Staples,Karur,West,593,0.21,166.04
Oil & Masala,Masalas,Ramanadhapuram,West,2448,0.29,538.56
Food Grains,Dals & Pulses,Salem,West,1935,0.34,832.05
Oil & Masala,Masalas,Chennai,West,1163,0.35,116.3
Snacks,Chocolates,Chennai,West,1170,0.3,362.7
Oil & Masala,Edible Oil & Ghee,Namakkal,West,1924,0.25,269.36
"Eggs, Meat & Fish",Chicken,Bodi,West,2232,0.14,491.04
Bakery,Cakes,Dharmapuri,West,2031,0.3,162.48
Snacks,Noodles,Tenkasi,West,716,0.33,150.36
Food Grains,Dals & Pulses,Dindigul,West,988,0.23,148.2
"Eggs, Meat & Fish",Fish,Theni,West,1750,0.15,367.5
Oil & Masala,Spices,Pudukottai,West,1547,0.12,123.76
"Eggs, Meat & Fish",Chicken,Salem,West,1259,0.12,176.26
Bakery,Biscuits,Virudhunagar,West,579,0.12,208.44
"Eggs, Meat & Fish",Mutton,Tirunelveli,West,1304,0.13,573.76
"Eggs, Meat & Fish",Mutton,Madurai,West,1677,0.35,620.49
Fruits & Veggies,Organic Vegetables,Madurai,West,520,0.33,104
Food Grains,Rice,Bodi,West,1503,0.21,405.81
Oil & Masala,Spices,Bodi,West,1198,0.13,419.3
Food Grains,Rice,Tenkasi,West,559,0.29,156.52
Snacks,Cookies,Theni,West,1163,0.28,220.97
Bakery,Biscuits,Tirunelveli,West,1989,0.31,735.93
Bakery,Breads & Buns,Tirunelveli,West,1714,0.35,702.74
"Eggs, Meat & Fish",Fish,Pudukottai,West,1615,0.15,629.85
Food Grains,Organic Staples,Madurai,West,691,0.29,200.39
"Eggs, Meat & Fish",Fish,Salem,West,1953,0.35,566.37
Oil & Masala,Masalas,Coimbatore,West,995,0.29,427.85
Food Grains,Atta & Flour,Viluppuram,West,2422,0.16,435.96
"Eggs, Meat & Fish",Mutton,Trichy,West,2011,0.34,744.07
"Eggs, Meat & Fish",Mutton,Tenkasi,West,1565,0.28,469.5
Fruits & Veggies,Fresh Fruits,Salem,West,2263,0.21,271.56
Beverages,Health Drinks,Namakkal,West,2035,0.26,468.05
Fruits & Veggies,Fresh Vegetables,Perambalur,West,759,0.18,98.67
Snacks,Cookies,Vellore,West,995,0.17,218.9
Food Grains,Atta & Flour,Tirunelveli,West,1295,0.35,142.45
Bakery,Breads & Buns,Pudukottai,West,2366,0.21,425.88
Food Grains,Rice,Tirunelveli,West,599,0.1,221.63
Oil & Masala,Spices,Bodi,West,1986,0.24,496.5
Oil & Masala,Masalas,Madurai,West,1485,0.14,386.1
Fruits & Veggies,Organic Vegetables,Cumbum,West,1025,0.19,133.25
Beverages,Health Drinks,Theni,West,1164,0.31,302.64
Bakery,Biscuits,Tenkasi,West,1258,0.16,364.82
Oil & Masala,Spices,Chennai,West,1843,0.12,313.31
"Eggs, Meat & Fish",Eggs,Ooty,West,1869,0.1,485.94
Fruits & Veggies,Fresh Vegetables,Theni,West,2331,0.22,186.48
Food Grains,Dals & Pulses,Karur,West,1368,0.18,615.6
Beverages,Health Drinks,Viluppuram,West,1021,0.27,224.62
"Eggs, Meat & Fish",Fish,Salem,West,2244,0.19,201.96
Bakery,Cakes,Cumbum,West,539,0.25,59.29
Fruits & Veggies,Fresh Vegetables,Tenkasi,West,1256,0.3,514.96
Snacks,Cookies,Madurai,West,2158,0.26,258.96
Beverages,Health Drinks,Virudhunagar,West,2282,0.29,867.16
Snacks,Cookies,Virudhunagar,West,1940,0.11,679
Oil & Masala,Masalas,Ramanadhapuram,West,561,0.22,140.25
Food Grains,Organic Staples,Viluppuram,West,1764,0.24,776.16
Bakery,Cakes,Ramanadhapuram,West,1375,0.18,316.25
Beverages,Soft Drinks,Namakkal,West,1589,0.33,349.58
Bakery,Cakes,Viluppuram,West,639,0.32,210.87
"Eggs, Meat & Fish",Fish,Vellore,West,2194,0.18,416.86
Snacks,Chocolates,Namakkal,West,1641,0.34,114.87
Food Grains,Dals & Pulses,Perambalur,West,1642,0.14,229.88
Fruits & Veggies,Organic Fruits,Ramanadhapuram,West,1721,0.2,653.98
Oil & Masala,Masalas,Coimbatore,West,1015,0.22,152.25
Beverages,Health Drinks,Tenkasi,West,1226,0.14,416.84
Bakery,Breads & Buns,Bodi,West,1717,0.2,618.12
Oil & Masala,Edible Oil & Ghee,Theni,West,2097,0.23,650.07
Food Grains,Organic Staples,Chennai,West,1622,0.22,486.6
"Eggs, Meat & Fish",Fish,Ooty,West,2004,0.28,340.68
Fruits & Veggies,Organic Fruits,Trichy,West,1644,0.23,82.2
Food Grains,Atta & Flour,Dharmapuri,West,2477,0.33,891.72
Bakery,Breads & Buns,Ooty,West,531,0.3,127.44
Oil & Masala,Masalas,Madurai,West,1546,0.28,448.34
Snacks,Cookies,Nagercoil,West,746,0.27,164.12
Fruits & Veggies,Organic Fruits,Bodi,West,621,0.1,279.45
Oil & Masala,Edible Oil & Ghee,Viluppuram,West,1377,0.29,509.49
Beverages,Soft Drinks,Bodi,West,1621,0.17,664.61
Fruits & Veggies,Organic Fruits,Tirunelveli,West,1497,0.16,389.22
Beverages,Soft Drinks,Dindigul,West,1874,0.2,787.08
Beverages,Soft Drinks,Viluppuram,West,1225,0.28,147
Oil & Masala,Masalas,Ramanadhapuram,West,2308,0.27,369.28
Beverages,Health Drinks,Tirunelveli,West,1103,0.27,485.32
Snacks,Noodles,Ooty,West,1526,0.17,686.7
Bakery,Cakes,Ramanadhapuram,West,2289,0.2,618.03
Beverages,Soft Drinks,Theni,West,687,0.34,240.45
Food Grains,Atta & Flour,Coimbatore,West,972,0.14,213.84
Beverages,Soft Drinks,Tirunelveli,West,1669,0.22,550.77
Bakery,Biscuits,Perambalur,West,506,0.29,70.84
Oil & Masala,Edible Oil & Ghee,Karur,West,852,0.27,289.68
Oil & Masala,Spices,Perambalur,West,1640,0.18,656
Beverages,Health Drinks,Krishnagiri,West,2093,0.28,941.85
Oil & Masala,Spices,Viluppuram,West,1223,0.15,61.15
"Eggs, Meat & Fish",Eggs,Karur,West,581,0.34,255.64
Bakery,Cakes,Namakkal,West,505,0.13,222.2
Fruits & Veggies,Fresh Vegetables,Viluppuram,West,2145,0.31,600.6
Bakery,Cakes,Perambalur,West,1933,0.32,753.87
Bakery,Biscuits,Cumbum,West,2060,0.18,618
Bakery,Cakes,Namakkal,West,1469,0.22,499.46
Fruits & Veggies,Organic Fruits,Madurai,West,523,0.14,120.29
Bakery,Breads & Buns,Dharmapuri,West,1916,0.13,229.92
Food Grains,Organic Staples,Trichy,West,1513,0.28,181.56
Food Grains,Rice,Virudhunagar,West,1756,0.25,684.84
Fruits & Veggies,Organic Vegetables,Madurai,West,2381,0.19,857.16
Fruits & Veggies,Fresh Vegetables,Coimbatore,West,1683,0.16,218.79
Food Grains,Rice,Bodi,West,1784,0.26,267.6
Beverages,Health Drinks,Coimbatore,Central,1937,0.1,368.03
Beverages,Soft Drinks,Perambalur,Central,1402,0.13,112.16
Fruits & Veggies,Fresh Fruits,Dindigul,Central,2425,0.29,436.5
Beverages,Soft Drinks,Pudukottai,Central,1583,0.34,221.62
Snacks,Cookies,Ramanadhapuram,Central,2402,0.3,192.16
Bakery,Cakes,Tirunelveli,Central,816,0.27,97.92
Snacks,Cookies,Salem,Central,2246,0.31,269.52
Food Grains,Organic Staples,Namakkal,Central,1752,0.24,438
Snacks,Chocolates,Tenkasi,Central,1265,0.2,404.8
Oil & Masala,Edible Oil & Ghee,Vellore,Central,1148,0.21,309.96
Snacks,Chocolates,Tenkasi,Central,2360,0.28,542.8
Snacks,Noodles,Krishnagiri,Central,945,0.13,245.7
Oil & Masala,Masalas,Krishnagiri,Central,2478,0.13,1090.32
Bakery,Biscuits,Viluppuram,Central,1727,0.24,690.8
Food Grains,Dals & Pulses,Ooty,Central,2033,0.28,447.26
Snacks,Chocolates,Virudhunagar,Central,2307,0.28,299.91
Beverages,Health Drinks,Coimbatore,Central,947,0.3,132.58
Snacks,Noodles,Virudhunagar,Central,2062,0.31,907.28
"Eggs, Meat & Fish",Eggs,Chennai,Central,2385,0.12,310.05
Snacks,Cookies,Kanyakumari,Central,560,0.11,95.2
Fruits & Veggies,Organic Fruits,Kanyakumari,Central,1654,0.14,496.2
Bakery,Biscuits,Bodi,Central,1827,0.28,493.29
"Eggs, Meat & Fish",Eggs,Chennai,Central,1524,0.23,441.96
Oil & Masala,Edible Oil & Ghee,Ramanadhapuram,Central,981,0.18,255.06
Food Grains,Organic Staples,Krishnagiri,Central,1856,0.31,835.2
"Eggs, Meat & Fish",Fish,Nagercoil,Central,1794,0.23,789.36
Food Grains,Atta & Flour,Perambalur,Central,1374,0.18,82.44
Bakery,Cakes,Cumbum,Central,2491,0.26,1120.95
Fruits & Veggies,Fresh Vegetables,Perambalur,Central,1812,0.22,108.72
Oil & Masala,Edible Oil & Ghee,Tenkasi,Central,714,0.12,78.54
"Eggs, Meat & Fish",Fish,Virudhunagar,Central,1388,0.25,111.04
Fruits & Veggies,Fresh Fruits,Tirunelveli,Central,653,0.27,124.07
Fruits & Veggies,Organic Vegetables,Nagercoil,Central,2262,0.1,791.7
Beverages,Health Drinks,Ramanadhapuram,Central,2234,0.11,714.88
"Eggs, Meat & Fish",Chicken,Madurai,Central,2275,0.3,864.5
"Eggs, Meat & Fish",Eggs,Dharmapuri,Central,2036,0.26,325.76
"Eggs, Meat & Fish",Eggs,Ooty,Central,916,0.25,238.16
Food Grains,Atta & Flour,Madurai,Central,2079,0.12,103.95
Fruits & Veggies,Fresh Vegetables,Nagercoil,Central,1906,0.33,457.44
Fruits & Veggies,Organic Vegetables,Tenkasi,Central,1629,0.17,733.05
Fruits & Veggies,Fresh Vegetables,Nagercoil,Central,1738,0.35,729.96
Beverages,Soft Drinks,Namakkal,Central,1481,0.11,207.34
Food Grains,Atta & Flour,Chennai,Central,979,0.23,166.43
Food Grains,Atta & Flour,Nagercoil,Central,1477,0.14,354.48
Oil & Masala,Edible Oil & Ghee,Krishnagiri,Central,778,0.18,272.3
Food Grains,Rice,Madurai,Central,977,0.19,439.65
Beverages,Health Drinks,Namakkal,Central,681,0.21,299.64
Fruits & Veggies,Organic Fruits,Nagercoil,Central,1272,0.16,139.92
Food Grains,Dals & Pulses,Pudukottai,Central,1649,0.27,98.94
Snacks,Cookies,Nagercoil,Central,1144,0.3,125.84
Snacks,Noodles,Viluppuram,Central,2141,0.35,428.2
"Eggs, Meat & Fish",Fish,Nagercoil,Central,1137,0.18,500.28
Food Grains,Rice,Bodi,Central,1823,0.3,729.2
Food Grains,Atta & Flour,Chennai,Central,988,0.35,296.4
Oil & Masala,Spices,Theni,Central,1052,0.27,105.2
Food Grains,Dals & Pulses,Kanyakumari,Central,1768,0.21,141.44
"Eggs, Meat & Fish",Chicken,Salem,Central,1067,0.3,384.12
Bakery,Breads & Buns,Madurai,Central,580,0.22,237.8
"Eggs, Meat & Fish",Fish,Chennai,Central,2314,0.27,624.78
Bakery,Breads & Buns,Krishnagiri,Central,2251,0.21,922.91
Oil & Masala,Masalas,Dharmapuri,Central,547,0.25,109.4
Fruits & Veggies,Fresh Vegetables,Perambalur,Central,508,0.34,208.28
Fruits & Veggies,Fresh Fruits,Tirunelveli,Central,2114,0.22,739.9
Fruits & Veggies,Organic Vegetables,Tirunelveli,Central,1524,0.13,228.6
Bakery,Cakes,Krishnagiri,Central,1903,0.26,799.26
Food Grains,Organic Staples,Bodi,Central,1808,0.28,253.12
Bakery,Breads & Buns,Karur,Central,693,0.26,194.04
"Eggs, Meat & Fish",Mutton,Namakkal,Central,1615,0.3,96.9
Oil & Masala,Edible Oil & Ghee,Viluppuram,Central,2032,0.19,325.12
"Eggs, Meat & Fish",Eggs,Krishnagiri,Central,1474,0.16,530.64
"Eggs, Meat & Fish",Mutton,Madurai,Central,2097,0.14,104.85
Snacks,Noodles,Coimbatore,Central,1211,0.14,472.29
Oil & Masala,Edible Oil & Ghee,Virudhunagar,Central,775,0.3,240.25
Oil & Masala,Spices,Vellore,Central,1365,0.24,532.35
Oil & Masala,Masalas,Kanyakumari,Central,1405,0.15,224.8
Food Grains,Dals & Pulses,Trichy,Central,693,0.15,311.85
Food Grains,Dals & Pulses,Ooty,Central,1934,0.11,135.38
Fruits & Veggies,Fresh Fruits,Vellore,Central,1500,0.2,555
Fruits & Veggies,Fresh Vegetables,Bodi,Central,783,0.17,305.37
Beverages,Soft Drinks,Theni,Central,2073,0.17,663.36
Food Grains,Dals & Pulses,Salem,Central,1191,0.13,83.37
Fruits & Veggies,Fresh Fruits,Nagercoil,Central,2244,0.29,561
Beverages,Soft Drinks,Pudukottai,Central,2451,0.25,441.18
Food Grains,Rice,Chennai,Central,2454,0.26,834.36
Fruits & Veggies,Fresh Fruits,Tenkasi,Central,2072,0.21,497.28
Beverages,Soft Drinks,Dindigul,Central,2070,0.32,414
Snacks,Noodles,Pudukottai,Central,1159,0.33,359.29
Bakery,Biscuits,Coimbatore,Central,1153,0.27,219.07
Bakery,Cakes,Karur,Central,1918,0.22,575.4
Bakery,Breads & Buns,Bodi,Central,1298,0.26,363.44
Snacks,Cookies,Viluppuram,Central,985,0.32,128.05
Beverages,Soft Drinks,Theni,Central,971,0.33,242.75
Food Grains,Rice,Dharmapuri,Central,781,0.26,132.77
Food Grains,Atta & Flour,Kanyakumari,Central,1050,0.13,273
Fruits & Veggies,Fresh Fruits,Ramanadhapuram,Central,1494,0.27,164.34
Snacks,Cookies,Namakkal,Central,1320,0.2,211.2
Food Grains,Atta & Flour,Dharmapuri,Central,1791,0.3,537.3
Fruits & Veggies,Fresh Fruits,Cumbum,Central,1108,0.14,166.2
Oil & Masala,Spices,Vellore,Central,2054,0.33,657.28
Beverages,Soft Drinks,Ooty,Central,1785,0.29,624.75
Beverages,Soft Drinks,Namakkal,Central,2103,0.32,147.21
Food Grains,Organic Staples,Salem,Central,1699,0.19,526.69
Beverages,Soft Drinks,Madurai,Central,1576,0.25,315.2
Fruits & Veggies,Organic Fruits,Pudukottai,Central,1926,0.32,211.86
"Eggs, Meat & Fish",Mutton,Salem,Central,1804,0.18,469.04
"Eggs, Meat & Fish",Fish,Vellore,Central,1496,0.27,329.12
Fruits & Veggies,Fresh Vegetables,Ooty,Central,1066,0.1,341.12
"Eggs, Meat & Fish",Fish,Trichy,Central,2266,0.13,815.76
Oil & Masala,Edible Oil & Ghee,Karur,Central,533,0.11,165.23
Oil & Masala,Spices,Pudukottai,Central,2327,0.32,465.4
Snacks,Chocolates,Theni,Central,1257,0.27,540.51
Fruits & Veggies,Organic Fruits,Viluppuram,Central,2471,0.26,1087.24
Food Grains,Dals & Pulses,Krishnagiri,Central,799,0.28,327.59
Food Grains,Organic Staples,Tenkasi,Central,898,0.19,161.64
"Eggs, Meat & Fish",Eggs,Krishnagiri,Central,1636,0.21,98.16
Beverages,Soft Drinks,Karur,Central,2169,0.31,325.35
Bakery,Cakes,Dindigul,Central,2191,0.31,810.67
Fruits & Veggies,Organic Vegetables,Trichy,Central,1903,0.16,647.02
Snacks,Noodles,Bodi,Central,1807,0.16,795.08
Beverages,Health Drinks,Trichy,Central,2433,0.35,1046.19
Snacks,Cookies,Salem,Central,535,0.23,48.15
Snacks,Noodles,Virudhunagar,Central,1835,0.19,293.6
Oil & Masala,Masalas,Dharmapuri,Central,2081,0.22,894.83
Beverages,Soft Drinks,Pudukottai,Central,1636,0.14,736.2
Food Grains,Dals & Pulses,Namakkal,Central,2069,0.23,744.84
Beverages,Health Drinks,Ramanadhapuram,Central,1562,0.27,421.74
Beverages,Soft Drinks,Coimbatore,Central,1726,0.2,500.54
Bakery,Breads & Buns,Salem,Central,1633,0.1,718.52
"Eggs, Meat & Fish",Chicken,Karur,Central,1415,0.18,353.75
Snacks,Cookies,Tenkasi,Central,2126,0.28,616.54
Fruits & Veggies,Organic Vegetables,Nagercoil,Central,730,0.1,146
"Eggs, Meat & Fish",Chicken,Trichy,Central,1609,0.29,579.24
Snacks,Cookies,Krishnagiri,Central,2229,0.12,824.73
"Eggs, Meat & Fish",Mutton,Nagercoil,Central,1637,0.25,654.8
Oil & Masala,Masalas,Theni,Central,780,0.2,46.8
Food Grains,Dals & Pulses,Dindigul,Central,1456,0.17,364
Food Grains,Organic Staples,Virudhunagar,Central,1464,0.14,409.92
Beverages,Health Drinks,Dindigul,Central,1567,0.26,642.47
Snacks,Noodles,Tirunelveli,Central,2083,0.19,708.22
"Eggs, Meat & Fish",Fish,Chennai,Central,2351,0.23,963.91
Beverages,Health Drinks,Cumbum,Central,723,0.19,50.61
Snacks,Cookies,Virudhunagar,Central,1431,0.22,314.82
Food Grains,Rice,Perambalur,Central,2065,0.23,247.8
Snacks,Cookies,Ooty,Central,2191,0.22,591.57
"Eggs, Meat & Fish",Fish,Karur,Central,671,0.13,120.78
"Eggs, Meat & Fish",Mutton,Tirunelveli,Central,2126,0.28,340.16
Food Grains,Rice,Ooty,Central,548,0.19,235.64
Fruits & Veggies,Fresh Fruits,Theni,Central,1859,0.28,204.49
Bakery,Biscuits,Pudukottai,Central,1905,0.26,209.55
Oil & Masala,Masalas,Dharmapuri,Central,2008,0.19,702.8
Snacks,Chocolates,Cumbum,Central,2053,0.22,780.14
Food Grains,Atta & Flour,Viluppuram,Central,1260,0.22,441
Bakery,Biscuits,Ooty,Central,865,0.13,337.35
"Eggs, Meat & Fish",Mutton,Krishnagiri,Central,2266,0.16,589.16
Snacks,Noodles,Krishnagiri,Central,1142,0.32,296.92
Fruits & Veggies,Organic Vegetables,Karur,Central,862,0.31,370.66
"Eggs, Meat & Fish",Mutton,Virudhunagar,Central,625,0.35,31.25
Food Grains,Dals & Pulses,Pudukottai,Central,1494,0.19,209.16
"Eggs, Meat & Fish",Eggs,Nagercoil,Central,1597,0.11,223.58
"Eggs, Meat & Fish",Chicken,Ooty,Central,710,0.35,163.3
Beverages,Soft Drinks,Viluppuram,Central,1189,0.12,118.9
Snacks,Chocolates,Krishnagiri,Central,2362,0.27,401.54
Fruits & Veggies,Fresh Vegetables,Bodi,Central,732,0.12,51.24
Snacks,Chocolates,Pudukottai,Central,1080,0.17,248.4
Oil & Masala,Masalas,Karur,Central,2351,0.21,822.85
Food Grains,Rice,Krishnagiri,Central,1792,0.29,752.64
Beverages,Health Drinks,Pudukottai,Central,1086,0.29,195.48
Beverages,Soft Drinks,Chennai,Central,825,0.11,66
"Eggs, Meat & Fish",Fish,Chennai,Central,609,0.33,115.71
Beverages,Health Drinks,Tirunelveli,Central,1491,0.2,387.66
Bakery,Cakes,Nagercoil,Central,1885,0.29,188.5
Snacks,Cookies,Perambalur,Central,1126,0.12,495.44
Food Grains,Dals & Pulses,Krishnagiri,Central,1676,0.15,351.96
Beverages,Health Drinks,Karur,Central,2160,0.16,928.8
Bakery,Cakes,Krishnagiri,Central,868,0.33,329.84
"Eggs, Meat & Fish",Eggs,Ooty,Central,2013,0.21,201.3
"Eggs, Meat & Fish",Fish,Perambalur,Central,2097,0.24,712.98
Snacks,Chocolates,Dindigul,Central,2070,0.2,248.4
Food Grains,Atta & Flour,Trichy,Central,540,0.23,70.2
Oil & Masala,Spices,Krishnagiri,Central,1235,0.12,247
Oil & Masala,Edible Oil & Ghee,Coimbatore,Central,1956,0.32,97.8
Food Grains,Organic Staples,Trichy,Central,1923,0.29,423.06
Snacks,Noodles,Viluppuram,Central,1004,0.26,311.24
Beverages,Health Drinks,Viluppuram,Central,2153,0.18,279.89
"Eggs, Meat & Fish",Chicken,Dharmapuri,Central,1918,0.21,479.5
Fruits & Veggies,Organic Vegetables,Coimbatore,Central,1618,0.18,242.7
Oil & Masala,Spices,Karur,Central,1260,0.2,176.4
Bakery,Breads & Buns,Madurai,Central,841,0.14,269.12
Food Grains,Atta & Flour,Kanyakumari,Central,1988,0.27,119.28
Snacks,Cookies,Bodi,Central,1449,0.13,420.21
"Eggs, Meat & Fish",Eggs,Perambalur,Central,1130,0.3,90.4
Bakery,Breads & Buns,Salem,Central,864,0.26,380.16
"Eggs, Meat & Fish",Mutton,Trichy,Central,2364,0.2,756.48
Food Grains,Organic Staples,Cumbum,Central,1512,0.23,650.16
Snacks,Chocolates,Nagercoil,Central,2154,0.25,323.1
"Eggs, Meat & Fish",Eggs,Namakkal,Central,2209,0.35,574.34
Beverages,Health Drinks,Pudukottai,Central,1535,0.34,122.8
Snacks,Noodles,Cumbum,Central,635,0.12,158.75
Fruits & Veggies,Organic Vegetables,Tenkasi,Central,753,0.21,263.55
Snacks,Cookies,Pudukottai,Central,785,0.24,243.35
Fruits & Veggies,Fresh Fruits,Namakkal,Central,2295,0.18,275.4
Bakery,Cakes,Coimbatore,Central,2470,0.12,197.6
Snacks,Cookies,Cumbum,Central,527,0.21,126.48
Bakery,Cakes,Viluppuram,Central,1238,0.25,198.08
"Eggs, Meat & Fish",Fish,Tirunelveli,Central,1343,0.1,134.3
Food Grains,Dals & Pulses,Vellore,Central,1183,0.33,496.86
Snacks,Chocolates,Viluppuram,Central,1024,0.2,368.64
Beverages,Health Drinks,Dindigul,Central,1554,0.18,590.52
Fruits & Veggies,Fresh Vegetables,Pudukottai,Central,1952,0.11,156.16
Bakery,Biscuits,Dindigul,Central,1724,0.26,189.64
Food Grains,Dals & Pulses,Dharmapuri,Central,1937,0.24,503.62
Snacks,Cookies,Coimbatore,Central,1394,0.2,487.9
Fruits & Veggies,Fresh Fruits,Vellore,Central,1851,0.31,111.06
Food Grains,Dals & Pulses,Dindigul,Central,1017,0.31,203.4
Food Grains,Organic Staples,Vellore,Central,1684,0.27,218.92
Oil & Masala,Spices,Dindigul,Central,1559,0.1,93.54
Snacks,Noodles,Viluppuram,Central,2029,0.17,872.47
"Eggs, Meat & Fish",Fish,Tirunelveli,Central,2090,0.26,397.1
Fruits & Veggies,Fresh Vegetables,Virudhunagar,Central,827,0.29,223.29
"Eggs, Meat & Fish",Fish,Nagercoil,Central,1494,0.22,373.5
Snacks,Noodles,Karur,Central,1639,0.22,360.58
Beverages,Soft Drinks,Karur,Central,1036,0.11,331.52
Snacks,Cookies,Namakkal,Central,722,0.33,317.68
Fruits & Veggies,Fresh Vegetables,Vellore,Central,1321,0.1,66.05
Fruits & Veggies,Fresh Vegetables,Nagercoil,Central,1229,0.19,73.74
Beverages,Health Drinks,Ooty,Central,541,0.28,75.74
Fruits & Veggies,Fresh Fruits,Karur,Central,1028,0.15,61.68
Fruits & Veggies,Organic Vegetables,Bodi,Central,1800,0.26,738
Bakery,Biscuits,Viluppuram,Central,2282,0.3,1004.08
Beverages,Soft Drinks,Theni,Central,891,0.22,258.39
Food Grains,Organic Staples,Pudukottai,Central,1974,0.18,829.08
Food Grains,Rice,Viluppuram,Central,1986,0.3,238.32
"Eggs, Meat & Fish",Eggs,Cumbum,Central,2443,0.35,439.74
Snacks,Chocolates,Coimbatore,Central,1608,0.24,611.04
"Eggs, Meat & Fish",Mutton,Coimbatore,Central,717,0.1,78.87
"Eggs, Meat & Fish",Eggs,Namakkal,Central,1527,0.12,76.35
Oil & Masala,Masalas,Tenkasi,Central,1980,0.31,198
Fruits & Veggies,Fresh Vegetables,Coimbatore,Central,1197,0.15,299.25
Food Grains,Atta & Flour,Ooty,Central,2461,0.18,689.08
Bakery,Breads & Buns,Viluppuram,Central,866,0.17,121.24
Snacks,Chocolates,Vellore,Central,600,0.3,60
Oil & Masala,Edible Oil & Ghee,Pudukottai,Central,1026,0.22,184.68
Snacks,Cookies,Pudukottai,Central,1360,0.19,612
Fruits & Veggies,Fresh Vegetables,Ramanadhapuram,Central,1620,0.15,648
Beverages,Soft Drinks,Theni,Central,1228,0.13,466.64
Bakery,Cakes,Tirunelveli,Central,1965,0.24,766.35
Snacks,Noodles,Trichy,Central,636,0.32,152.64
"Eggs, Meat & Fish",Mutton,Cumbum,Central,1196,0.15,394.68
Fruits & Veggies,Fresh Vegetables,Nagercoil,Central,589,0.12,141.36
Food Grains,Atta & Flour,Coimbatore,Central,905,0.17,271.5
Beverages,Soft Drinks,Karur,Central,1457,0.19,553.66
Food Grains,Atta & Flour,Perambalur,Central,898,0.28,251.44
Beverages,Soft Drinks,Nagercoil,Central,607,0.21,194.24
Oil & Masala,Spices,Cumbum,Central,664,0.17,292.16
Oil & Masala,Edible Oil & Ghee,Kanyakumari,Central,2482,0.21,248.2
Fruits & Veggies,Organic Fruits,Bodi,Central,1840,0.17,478.4
Oil & Masala,Masalas,Pudukottai,Central,2184,0.21,196.56
Fruits & Veggies,Fresh Vegetables,Virudhunagar,Central,2134,0.26,618.86
Fruits & Veggies,Fresh Vegetables,Madurai,Central,2193,0.27,592.11
Food Grains,Organic Staples,Salem,Central,1778,0.16,675.64
Oil & Masala,Edible Oil & Ghee,Trichy,Central,1249,0.1,199.84
"Eggs, Meat & Fish",Chicken,Ramanadhapuram,Central,1339,0.2,535.6
Food Grains,Organic Staples,Chennai,Central,1311,0.17,471.96
"Eggs, Meat & Fish",Mutton,Salem,Central,1038,0.32,435.96
"Eggs, Meat & Fish",Fish,Bodi,Central,756,0.19,143.64
Snacks,Cookies,Bodi,Central,705,0.29,239.7
Food Grains,Dals & Pulses,Ramanadhapuram,Central,782,0.21,187.68
Food Grains,Atta & Flour,Virudhunagar,Central,2241,0.3,1008.45
Snacks,Cookies,Dharmapuri,Central,1390,0.15,542.1
Food Grains,Atta & Flour,Chennai,Central,1447,0.27,231.52
Oil & Masala,Spices,Theni,Central,535,0.15,219.35
Beverages,Health Drinks,Trichy,Central,746,0.15,298.4
"Eggs, Meat & Fish",Eggs,Perambalur,Central,968,0.2,309.76
Snacks,Cookies,Krishnagiri,Central,1457,0.11,72.85
"Eggs, Meat & Fish",Eggs,Chennai,Central,1109,0.33,177.44
Bakery,Biscuits,Bodi,Central,1127,0.15,157.78
Bakery,Breads & Buns,Cumbum,Central,774,0.17,100.62
Fruits & Veggies,Fresh Vegetables,Karur,Central,851,0.18,374.44
Fruits & Veggies,Organic Fruits,Tenkasi,Central,784,0.25,109.76
Beverages,Health Drinks,Tirunelveli,Central,2069,0.16,455.18
Snacks,Noodles,Trichy,Central,2023,0.34,627.13
Snacks,Noodles,Coimbatore,Central,1504,0.31,526.4
"Eggs, Meat & Fish",Chicken,Salem,Central,2145,0.3,943.8
Fruits & Veggies,Fresh Vegetables,Cumbum,Central,2322,0.16,673.38
Fruits & Veggies,Organic Fruits,Madurai,Central,2293,0.25,321.02
Beverages,Health Drinks,Ooty,Central,1676,0.32,150.84
Food Grains,Organic Staples,Namakkal,Central,1821,0.35,400.62
"Eggs, Meat & Fish",Mutton,Namakkal,Central,1830,0.1,823.5
Food Grains,Rice,Trichy,Central,2384,0.19,858.24
Oil & Masala,Masalas,Chennai,Central,674,0.21,249.38
"Eggs, Meat & Fish",Chicken,Cumbum,Central,2245,0.18,606.15
"Eggs, Meat & Fish",Mutton,Trichy,Central,1748,0.14,349.6
Food Grains,Atta & Flour,Theni,Central,1422,0.11,142.2
Food Grains,Dals & Pulses,Theni,Central,1116,0.17,111.6
Beverages,Health Drinks,Nagercoil,Central,1583,0.25,364.09
"Eggs, Meat & Fish",Chicken,Cumbum,Central,1829,0.13,292.64
Food Grains,Rice,Chennai,Central,1339,0.34,361.53
Fruits & Veggies,Organic Vegetables,Madurai,Central,2002,0.32,540.54
Beverages,Health Drinks,Tirunelveli,Central,1797,0.11,718.8
Food Grains,Atta & Flour,Cumbum,Central,1987,0.14,556.36
"Eggs, Meat & Fish",Eggs,Madurai,Central,1260,0.21,327.6
Snacks,Cookies,Ooty,Central,1492,0.24,134.28
Food Grains,Atta & Flour,Namakkal,Central,2068,0.17,124.08
Food Grains,Organic Staples,Ooty,Central,1898,0.15,474.5
Bakery,Breads & Buns,Theni,Central,2469,0.29,1111.05
Snacks,Noodles,Perambalur,Central,2372,0.2,1067.4
Beverages,Soft Drinks,Tirunelveli,Central,548,0.3,65.76
Beverages,Health Drinks,Vellore,Central,1795,0.15,789.8
Snacks,Noodles,Theni,Central,977,0.35,97.7
Snacks,Noodles,Theni,Central,2396,0.11,814.64
Snacks,Noodles,Nagercoil,Central,2099,0.12,860.59
Bakery,Breads & Buns,Krishnagiri,Central,1211,0.34,435.96
Oil & Masala,Masalas,Nagercoil,Central,983,0.12,206.43
"Eggs, Meat & Fish",Chicken,Dindigul,Central,2183,0.17,283.79
Fruits & Veggies,Organic Fruits,Perambalur,Central,1601,0.3,688.43
Oil & Masala,Edible Oil & Ghee,Krishnagiri,Central,2254,0.29,946.68
"Eggs, Meat & Fish",Mutton,Salem,Central,1990,0.35,477.6
Snacks,Cookies,Nagercoil,Central,1738,0.26,677.82
Beverages,Soft Drinks,Bodi,Central,1185,0.21,414.75
Oil & Masala,Spices,Krishnagiri,Central,1957,0.18,763.23
Snacks,Noodles,Kanyakumari,Central,1059,0.31,391.83
Food Grains,Organic Staples,Kanyakumari,Central,907,0.22,163.26
Fruits & Veggies,Organic Fruits,Coimbatore,Central,1090,0.29,305.2
Fruits & Veggies,Fresh Vegetables,Tirunelveli,Central,1845,0.26,645.75
Beverages,Health Drinks,Krishnagiri,Central,667,0.18,193.43
"Eggs, Meat & Fish",Mutton,Madurai,Central,1462,0.28,292.4
Fruits & Veggies,Fresh Fruits,Chennai,Central,1212,0.1,484.8
Food Grains,Dals & Pulses,Theni,Central,739,0.12,88.68
Snacks,Chocolates,Dindigul,Central,1228,0.14,319.28
Snacks,Cookies,Ramanadhapuram,Central,1477,0.15,132.93
Snacks,Noodles,Virudhunagar,Central,1435,0.32,545.3
"Eggs, Meat & Fish",Chicken,Bodi,Central,1259,0.3,440.65
Bakery,Cakes,Salem,Central,939,0.2,84.51
Food Grains,Dals & Pulses,Tenkasi,Central,870,0.22,60.9
Food Grains,Rice,Krishnagiri,Central,791,0.3,229.39
Fruits & Veggies,Fresh Fruits,Theni,Central,2490,0.24,1120.5
Fruits & Veggies,Fresh Fruits,Madurai,Central,1180,0.16,483.8
Snacks,Chocolates,Dindigul,Central,2148,0.33,150.36
Oil & Masala,Spices,Madurai,Central,1815,0.23,471.9
Snacks,Cookies,Vellore,Central,559,0.21,100.62
Bakery,Breads & Buns,Namakkal,Central,2137,0.18,747.95
Bakery,Biscuits,Perambalur,Central,1904,0.27,95.2
Bakery,Cakes,Theni,Central,1587,0.21,111.09
Beverages,Health Drinks,Dharmapuri,Central,549,0.14,142.74
Bakery,Cakes,Ooty,Central,1090,0.27,283.4
Bakery,Breads & Buns,Kanyakumari,Central,843,0.28,75.87
Bakery,Biscuits,Trichy,Central,924,0.18,147.84
Bakery,Breads & Buns,Tenkasi,Central,2122,0.16,594.16
Food Grains,Organic Staples,Theni,Central,1743,0.2,784.35
"Eggs, Meat & Fish",Eggs,Cumbum,Central,742,0.22,267.12
Bakery,Cakes,Madurai,Central,1770,0.26,106.2
Snacks,Chocolates,Dindigul,Central,784,0.35,141.12
Bakery,Cakes,Madurai,Central,2063,0.29,103.15
"Eggs, Meat & Fish",Fish,Cumbum,Central,1396,0.29,432.76
Bakery,Breads & Buns,Trichy,Central,515,0.13,206
Snacks,Cookies,Chennai,Central,1612,0.11,499.72
"Eggs, Meat & Fish",Mutton,Madurai,Central,1678,0.19,335.6
Oil & Masala,Masalas,Virudhunagar,Central,1402,0.34,560.8
Snacks,Chocolates,Coimbatore,Central,1719,0.18,292.23
Bakery,Cakes,Theni,Central,2304,0.17,1013.76
"Eggs, Meat & Fish",Mutton,Vellore,Central,1733,0.33,745.19
Beverages,Soft Drinks,Karur,Central,2232,0.31,915.12
Oil & Masala,Masalas,Perambalur,Central,1660,0.2,498
Food Grains,Atta & Flour,Namakkal,Central,2227,0.18,1002.15
Bakery,Cakes,Nagercoil,Central,1529,0.1,244.64
Snacks,Noodles,Perambalur,Central,634,0.34,88.76
Snacks,Cookies,Kanyakumari,Central,2211,0.25,331.65
Bakery,Biscuits,Viluppuram,Central,923,0.29,239.98
Fruits & Veggies,Fresh Vegetables,Dharmapuri,Central,1364,0.18,422.84
Snacks,Noodles,Theni,Central,2469,0.26,987.6
Snacks,Chocolates,Perambalur,Central,2114,0.15,507.36
"Eggs, Meat & Fish",Chicken,Vellore,Central,1975,0.3,651.75
Fruits & Veggies,Organic Vegetables,Namakkal,Central,2003,0.1,821.23
Fruits & Veggies,Fresh Vegetables,Salem,Central,1899,0.32,493.74
"Eggs, Meat & Fish",Eggs,Cumbum,Central,598,0.25,245.18
Bakery,Biscuits,Kanyakumari,Central,1874,0.12,356.06
Oil & Masala,Spices,Karur,Central,904,0.3,153.68
Bakery,Biscuits,Coimbatore,Central,2256,0.18,225.6
Fruits & Veggies,Organic Fruits,Ramanadhapuram,Central,1052,0.3,431.32
Food Grains,Rice,Cumbum,Central,1206,0.27,458.28
"Eggs, Meat & Fish",Fish,Karur,Central,1761,0.1,405.03
Bakery,Cakes,Kanyakumari,Central,1392,0.22,167.04
Food Grains,Organic Staples,Bodi,Central,758,0.12,159.18
Fruits & Veggies,Fresh Fruits,Dindigul,Central,944,0.14,217.12
Bakery,Cakes,Dindigul,Central,1146,0.34,194.82
Bakery,Biscuits,Tenkasi,Central,2383,0.34,238.3
Oil & Masala,Masalas,Dharmapuri,Central,545,0.31,168.95
Beverages,Health Drinks,Theni,Central,2294,0.31,481.74
Beverages,Health Drinks,Theni,Central,2120,0.13,763.2
Fruits & Veggies,Fresh Vegetables,Kanyakumari,Central,1915,0.31,861.75
"Eggs, Meat & Fish",Eggs,Tirunelveli,Central,1324,0.1,79.44
Snacks,Cookies,Chennai,Central,2445,0.2,391.2
Oil & Masala,Edible Oil & Ghee,Virudhunagar,Central,539,0.11,199.43
Oil & Masala,Spices,Perambalur,Central,2212,0.11,774.2
Snacks,Cookies,Kanyakumari,Central,2143,0.12,150.01
Oil & Masala,Edible Oil & Ghee,Perambalur,Central,1152,0.31,149.76
Beverages,Health Drinks,Krishnagiri,Central,1875,0.22,543.75
Bakery,Biscuits,Cumbum,Central,2017,0.32,201.7
Beverages,Soft Drinks,Ramanadhapuram,Central,1409,0.31,591.78
Beverages,Soft Drinks,Tirunelveli,Central,2483,0.28,918.71
Bakery,Cakes,Tirunelveli,Central,1535,0.34,245.6
Oil & Masala,Edible Oil & Ghee,Salem,Central,1038,0.17,145.32
Snacks,Cookies,Ramanadhapuram,Central,1400,0.31,70
Snacks,Noodles,Namakkal,Central,1033,0.19,237.59
Oil & Masala,Masalas,Trichy,Central,1896,0.19,815.28
Bakery,Breads & Buns,Perambalur,Central,1290,0.19,399.9
Bakery,Breads & Buns,Pudukottai,Central,2092,0.16,167.36
Fruits & Veggies,Fresh Vegetables,Tirunelveli,Central,1715,0.2,343
"Eggs, Meat & Fish",Fish,Virudhunagar,Central,1205,0.3,325.35
Beverages,Soft Drinks,Trichy,Central,1054,0.18,463.76
"Eggs, Meat & Fish",Mutton,Cumbum,Central,2068,0.24,558.36
Snacks,Cookies,Dharmapuri,Central,1370,0.33,315.1
Bakery,Cakes,Nagercoil,Central,1159,0.16,289.75
Snacks,Noodles,Krishnagiri,Central,2496,0.16,324.48
Oil & Masala,Masalas,Ramanadhapuram,Central,658,0.29,131.6
Beverages,Health Drinks,Madurai,Central,1038,0.2,155.7
Fruits & Veggies,Fresh Vegetables,Nagercoil,Central,1784,0.2,214.08
Snacks,Cookies,Coimbatore,Central,797,0.13,294.89
Snacks,Cookies,Bodi,Central,1853,0.28,685.61
Bakery,Cakes,Kanyakumari,Central,1467,0.25,249.39
Fruits & Veggies,Fresh Fruits,Ramanadhapuram,Central,862,0.17,112.06
Fruits & Veggies,Organic Fruits,Krishnagiri,Central,2115,0.28,423
"Eggs, Meat & Fish",Chicken,Theni,Central,1936,0.1,96.8
Food Grains,Organic Staples,Krishnagiri,Central,2315,0.21,231.5
Food Grains,Atta & Flour,Pudukottai,Central,582,0.17,192.06
Snacks,Chocolates,Viluppuram,Central,780,0.17,319.8
Beverages,Health Drinks,Viluppuram,Central,2392,0.35,287.04
Bakery,Cakes,Ramanadhapuram,Central,1854,0.1,593.28
Beverages,Soft Drinks,Coimbatore,Central,554,0.3,216.06
Food Grains,Atta & Flour,Salem,Central,2332,0.31,839.52
Oil & Masala,Masalas,Dindigul,East,573,0.12,143.25
Snacks,Noodles,Kanyakumari,East,2049,0.22,881.07
Oil & Masala,Spices,Trichy,East,929,0.23,362.31
Snacks,Chocolates,Dindigul,East,1641,0.29,525.12
Snacks,Cookies,Chennai,East,1186,0.12,320.22
Bakery,Breads & Buns,Cumbum,East,1196,0.21,83.72
Fruits & Veggies,Fresh Fruits,Perambalur,East,949,0.17,398.58
Snacks,Noodles,Viluppuram,East,1286,0.21,282.92
Fruits & Veggies,Organic Vegetables,Dharmapuri,East,2466,0.17,986.4
Food Grains,Rice,Salem,East,1422,0.28,184.86
Snacks,Chocolates,Bodi,East,1756,0.14,456.56
Beverages,Health Drinks,Dharmapuri,East,705,0.27,63.45
"Eggs, Meat & Fish",Fish,Virudhunagar,East,2332,0.2,303.16
Fruits & Veggies,Organic Fruits,Theni,East,1311,0.23,301.53
Oil & Masala,Spices,Ramanadhapuram,East,599,0.28,185.69
"Eggs, Meat & Fish",Mutton,Viluppuram,East,2491,0.32,323.83
"Eggs, Meat & Fish",Eggs,Virudhunagar,East,2190,0.1,547.5
Snacks,Noodles,Krishnagiri,East,688,0.25,165.12
Bakery,Biscuits,Chennai,East,1571,0.13,691.24
Food Grains,Organic Staples,Vellore,East,2439,0.3,1024.38
"Eggs, Meat & Fish",Mutton,Dindigul,East,1935,0.21,387
Fruits & Veggies,Organic Vegetables,Vellore,East,2223,0.35,889.2
Food Grains,Dals & Pulses,Vellore,East,735,0.24,154.35
Food Grains,Atta & Flour,Namakkal,East,1625,0.2,682.5
"Eggs, Meat & Fish",Chicken,Dindigul,East,601,0.12,54.09
Beverages,Health Drinks,Coimbatore,East,2070,0.31,455.4
Snacks,Chocolates,Ooty,East,1453,0.24,72.65
"Eggs, Meat & Fish",Fish,Perambalur,East,1966,0.19,334.22
Oil & Masala,Edible Oil & Ghee,Krishnagiri,East,1647,0.18,559.98
Fruits & Veggies,Organic Vegetables,Chennai,East,651,0.35,169.26
Food Grains,Rice,Tenkasi,East,2016,0.29,403.2
Snacks,Noodles,Salem,East,531,0.32,169.92
"Eggs, Meat & Fish",Fish,Krishnagiri,East,1712,0.19,291.04
Fruits & Veggies,Fresh Vegetables,Krishnagiri,East,2332,0.12,862.84
Fruits & Veggies,Organic Vegetables,Perambalur,East,1042,0.25,302.18
Snacks,Cookies,Dindigul,East,2073,0.17,124.38
Oil & Masala,Masalas,Trichy,East,1614,0.12,161.4
Bakery,Biscuits,Salem,East,774,0.31,92.88
Fruits & Veggies,Fresh Vegetables,Tenkasi,East,759,0.14,174.57
Food Grains,Organic Staples,Chennai,East,2327,0.24,488.67
Snacks,Cookies,Ramanadhapuram,East,1157,0.32,451.23
Oil & Masala,Spices,Kanyakumari,East,1950,0.25,546
"Eggs, Meat & Fish",Chicken,Trichy,East,2044,0.3,838.04
Beverages,Health Drinks,Karur,East,1379,0.29,579.18
Oil & Masala,Spices,Ramanadhapuram,East,2115,0.23,507.6
Bakery,Biscuits,Dindigul,East,2172,0.24,825.36
Bakery,Biscuits,Tenkasi,East,1797,0.27,179.7
Bakery,Biscuits,Ooty,East,2306,0.32,368.96
Fruits & Veggies,Organic Vegetables,Vellore,East,1185,0.23,154.05
Snacks,Noodles,Virudhunagar,East,2132,0.14,895.44
Oil & Masala,Edible Oil & Ghee,Bodi,East,1655,0.23,678.55
Fruits & Veggies,Organic Fruits,Dindigul,East,1868,0.35,747.2
"Eggs, Meat & Fish",Mutton,Salem,East,670,0.16,301.5
"Eggs, Meat & Fish",Mutton,Theni,East,1311,0.11,419.52
Beverages,Soft Drinks,Karur,East,1661,0.33,548.13
Beverages,Health Drinks,Chennai,East,1784,0.17,142.72
Bakery,Breads & Buns,Bodi,East,1851,0.21,296.16
Beverages,Health Drinks,Trichy,East,2126,0.17,127.56
Fruits & Veggies,Fresh Vegetables,Namakkal,East,2139,0.35,513.36
Bakery,Biscuits,Trichy,East,1932,0.25,425.04
Fruits & Veggies,Organic Fruits,Salem,East,526,0.18,115.72
Bakery,Breads & Buns,Dharmapuri,East,2194,0.17,460.74
Snacks,Chocolates,Karur,East,2245,0.32,336.75
Bakery,Cakes,Dindigul,East,822,0.27,287.7
Oil & Masala,Edible Oil & Ghee,Dindigul,East,1504,0.18,210.56
Oil & Masala,Edible Oil & Ghee,Coimbatore,East,656,0.23,229.6
"Eggs, Meat & Fish",Eggs,Virudhunagar,East,1436,0.32,86.16
Food Grains,Atta & Flour,Theni,East,2011,0.25,864.73
Beverages,Soft Drinks,Cumbum,East,1805,0.23,595.65
Snacks,Noodles,Tirunelveli,East,1322,0.14,132.2
Food Grains,Rice,Cumbum,East,1627,0.15,97.62
Bakery,Biscuits,Trichy,East,1127,0.31,191.59
Fruits & Veggies,Fresh Fruits,Ooty,East,1310,0.22,65.5
Fruits & Veggies,Fresh Fruits,Dharmapuri,East,1917,0.1,364.23
Oil & Masala,Edible Oil & Ghee,Ramanadhapuram,East,2071,0.1,807.69
Food Grains,Atta & Flour,Trichy,East,594,0.15,249.48
Food Grains,Organic Staples,Coimbatore,East,1212,0.23,84.84
Food Grains,Dals & Pulses,Dharmapuri,East,647,0.3,232.92
Snacks,Chocolates,Krishnagiri,East,2479,0.32,520.59
"Eggs, Meat & Fish",Chicken,Krishnagiri,East,2257,0.23,586.82
Snacks,Chocolates,Bodi,East,1898,0.16,740.22
Fruits & Veggies,Fresh Fruits,Virudhunagar,East,1275,0.29,63.75
Food Grains,Organic Staples,Theni,East,2011,0.26,321.76
"Eggs, Meat & Fish",Mutton,Namakkal,East,1194,0.28,394.02
Beverages,Health Drinks,Coimbatore,East,1321,0.23,541.61
Oil & Masala,Edible Oil & Ghee,Madurai,East,2238,0.28,223.8
Food Grains,Organic Staples,Salem,East,663,0.2,99.45
"Eggs, Meat & Fish",Mutton,Pudukottai,East,961,0.15,345.96
"Eggs, Meat & Fish",Fish,Tirunelveli,East,1315,0.22,249.85
Snacks,Noodles,Perambalur,East,1798,0.13,143.84
"Eggs, Meat & Fish",Eggs,Tirunelveli,East,870,0.25,330.6
Oil & Masala,Spices,Madurai,East,1805,0.16,342.95
Food Grains,Atta & Flour,Viluppuram,East,738,0.32,36.9
Oil & Masala,Spices,Bodi,East,853,0.19,145.01
Fruits & Veggies,Fresh Fruits,Perambalur,East,2307,0.25,715.17
Snacks,Cookies,Nagercoil,East,1036,0.22,207.2
Oil & Masala,Spices,Virudhunagar,East,2102,0.24,903.86
Oil & Masala,Masalas,Krishnagiri,East,1195,0.13,454.1
Food Grains,Rice,Vellore,East,1154,0.17,473.14
"Eggs, Meat & Fish",Fish,Perambalur,East,916,0.29,210.68
Fruits & Veggies,Organic Fruits,Salem,East,1260,0.35,352.8
Fruits & Veggies,Fresh Vegetables,Virudhunagar,East,1300,0.32,182
Snacks,Chocolates,Ramanadhapuram,East,2141,0.21,813.58
Fruits & Veggies,Fresh Fruits,Coimbatore,East,1749,0.11,472.23
Beverages,Soft Drinks,Perambalur,East,949,0.26,398.58
Oil & Masala,Masalas,Namakkal,East,773,0.34,185.52
Food Grains,Organic Staples,Dindigul,East,1947,0.31,778.8
Food Grains,Dals & Pulses,Dharmapuri,East,651,0.29,253.89
Beverages,Soft Drinks,Tirunelveli,East,815,0.23,293.4
Oil & Masala,Edible Oil & Ghee,Virudhunagar,East,612,0.14,55.08
Oil & Masala,Edible Oil & Ghee,Ramanadhapuram,East,793,0.2,285.48
Snacks,Chocolates,Madurai,East,664,0.17,219.12
Bakery,Breads & Buns,Ooty,East,1216,0.31,182.4
Oil & Masala,Masalas,Kanyakumari,East,1288,0.31,90.16
Beverages,Soft Drinks,Cumbum,East,1180,0.27,377.6
"Eggs, Meat & Fish",Fish,Theni,East,1565,0.3,203.45
Food Grains,Dals & Pulses,Karur,East,1701,0.25,714.42
Food Grains,Organic Staples,Vellore,East,1357,0.35,108.56
Beverages,Soft Drinks,Perambalur,East,1611,0.31,338.31
Snacks,Chocolates,Karur,East,508,0.16,147.32
Fruits & Veggies,Fresh Fruits,Namakkal,East,1480,0.16,133.2
Bakery,Cakes,Krishnagiri,East,587,0.24,129.14
Bakery,Breads & Buns,Ooty,East,1505,0.26,617.05
Oil & Masala,Masalas,Namakkal,East,903,0.24,144.48
Fruits & Veggies,Organic Fruits,Viluppuram,East,587,0.18,111.53
Bakery,Breads & Buns,Coimbatore,East,1461,0.29,116.88
Food Grains,Atta & Flour,Ramanadhapuram,East,614,0.34,165.78
Snacks,Cookies,Kanyakumari,East,815,0.29,130.4
Oil & Masala,Masalas,Kanyakumari,East,798,0.17,311.22
Food Grains,Organic Staples,Coimbatore,East,2408,0.16,192.64
Beverages,Soft Drinks,Dharmapuri,East,1941,0.21,834.63
Bakery,Biscuits,Dindigul,East,912,0.23,91.2
Bakery,Breads & Buns,Perambalur,East,1818,0.12,509.04
Oil & Masala,Spices,Vellore,East,2161,0.33,626.69
"Eggs, Meat & Fish",Chicken,Perambalur,East,500,0.29,45
Bakery,Cakes,Nagercoil,East,2131,0.28,106.55
Food Grains,Dals & Pulses,Viluppuram,East,1341,0.16,321.84
Oil & Masala,Spices,Kanyakumari,East,2367,0.13,497.07
Oil & Masala,Spices,Ooty,East,1712,0.21,222.56
Bakery,Biscuits,Salem,East,849,0.2,101.88
Snacks,Cookies,Dindigul,East,588,0.11,141.12
Bakery,Biscuits,Madurai,East,1634,0.17,147.06
Bakery,Biscuits,Cumbum,East,2433,0.24,1046.19
Food Grains,Organic Staples,Karur,East,1770,0.17,708
"Eggs, Meat & Fish",Eggs,Trichy,East,2084,0.11,416.8
Beverages,Soft Drinks,Karur,East,1904,0.11,247.52
Bakery,Cakes,Kanyakumari,East,2122,0.19,827.58
Snacks,Noodles,Salem,East,1322,0.25,568.46
"Eggs, Meat & Fish",Eggs,Theni,East,2126,0.33,786.62
Oil & Masala,Spices,Namakkal,East,2386,0.29,1073.7
"Eggs, Meat & Fish",Chicken,Krishnagiri,East,1109,0.34,354.88
Beverages,Health Drinks,Tirunelveli,East,1749,0.15,244.86
Oil & Masala,Spices,Namakkal,East,701,0.16,154.22
Bakery,Cakes,Cumbum,East,1782,0.29,392.04
Bakery,Biscuits,Pudukottai,East,523,0.15,203.97
Bakery,Breads & Buns,Ooty,East,1800,0.25,108
Food Grains,Organic Staples,Viluppuram,East,1974,0.22,789.6
Beverages,Health Drinks,Madurai,East,2376,0.24,475.2
"Eggs, Meat & Fish",Chicken,Krishnagiri,East,1291,0.23,271.11
Food Grains,Organic Staples,Kanyakumari,East,1900,0.26,855
Food Grains,Atta & Flour,Nagercoil,East,601,0.15,258.43
Beverages,Soft Drinks,Nagercoil,East,1580,0.14,189.6
"Eggs, Meat & Fish",Fish,Tirunelveli,East,671,0.3,46.97
Beverages,Soft Drinks,Coimbatore,East,1556,0.15,389
Oil & Masala,Spices,Virudhunagar,East,1220,0.29,500.2
Oil & Masala,Edible Oil & Ghee,Ooty,East,1397,0.18,544.83
Snacks,Noodles,Cumbum,East,1343,0.28,523.77
Bakery,Biscuits,Tenkasi,East,1015,0.18,294.35
Food Grains,Organic Staples,Nagercoil,East,584,0.33,256.96
Beverages,Health Drinks,Salem,East,1650,0.25,676.5
Bakery,Biscuits,Coimbatore,East,1289,0.35,270.69
"Eggs, Meat & Fish",Eggs,Namakkal,East,1618,0.18,113.26
Food Grains,Rice,Tenkasi,East,1504,0.34,180.48
Beverages,Soft Drinks,Ooty,East,2376,0.2,261.36
Food Grains,Atta & Flour,Tirunelveli,East,939,0.27,122.07
Beverages,Soft Drinks,Bodi,East,1089,0.29,196.02
"Eggs, Meat & Fish",Mutton,Tirunelveli,East,1832,0.27,751.12
"Eggs, Meat & Fish",Fish,Coimbatore,East,1105,0.25,453.05
"Eggs, Meat & Fish",Eggs,Coimbatore,East,917,0.33,45.85
Oil & Masala,Edible Oil & Ghee,Ramanadhapuram,East,735,0.28,271.95
Food Grains,Atta & Flour,Theni,East,2175,0.23,326.25
Food Grains,Atta & Flour,Chennai,East,2444,0.29,219.96
Fruits & Veggies,Organic Fruits,Cumbum,East,876,0.21,61.32
Beverages,Health Drinks,Cumbum,East,2083,0.15,437.43
Fruits & Veggies,Organic Vegetables,Perambalur,East,1200,0.18,540
Beverages,Health Drinks,Viluppuram,East,526,0.29,168.32
Snacks,Noodles,Tenkasi,East,1137,0.1,341.1
Fruits & Veggies,Organic Vegetables,Chennai,East,1410,0.16,70.5
Snacks,Noodles,Theni,East,877,0.12,149.09
Snacks,Chocolates,Kanyakumari,East,2031,0.28,345.27
Snacks,Cookies,Salem,East,952,0.26,218.96
Beverages,Health Drinks,Chennai,East,1584,0.3,269.28
Beverages,Health Drinks,Dharmapuri,East,1694,0.25,575.96
Bakery,Breads & Buns,Karur,East,1171,0.21,210.78
Oil & Masala,Spices,Bodi,East,2053,0.17,143.71
Oil & Masala,Spices,Krishnagiri,East,1768,0.14,159.12
"Eggs, Meat & Fish",Mutton,Ramanadhapuram,East,1113,0.21,200.34
Fruits & Veggies,Organic Fruits,Bodi,East,881,0.32,237.87
"Eggs, Meat & Fish",Chicken,Trichy,East,708,0.34,254.88
Bakery,Biscuits,Dindigul,East,2234,0.11,714.88
Oil & Masala,Edible Oil & Ghee,Pudukottai,East,1763,0.18,264.45
Oil & Masala,Edible Oil & Ghee,Pudukottai,East,2036,0.16,834.76
"Eggs, Meat & Fish",Fish,Madurai,East,2457,0.27,466.83
Bakery,Cakes,Coimbatore,East,2031,0.25,264.03
Food Grains,Atta & Flour,Ramanadhapuram,East,1998,0.25,319.68
Oil & Masala,Masalas,Chennai,East,602,0.22,252.84
"Eggs, Meat & Fish",Fish,Ramanadhapuram,East,2301,0.31,667.29
Fruits & Veggies,Fresh Fruits,Kanyakumari,East,856,0.33,299.6
Oil & Masala,Spices,Perambalur,East,2298,0.18,528.54
Oil & Masala,Edible Oil & Ghee,Viluppuram,East,1134,0.2,498.96
Snacks,Noodles,Tenkasi,East,1771,0.28,531.3
"Eggs, Meat & Fish",Mutton,Kanyakumari,East,1561,0.18,156.1
Food Grains,Atta & Flour,Coimbatore,East,1593,0.11,334.53
"Eggs, Meat & Fish",Eggs,Theni,East,570,0.34,62.7
Snacks,Noodles,Bodi,East,1354,0.34,189.56
Fruits & Veggies,Fresh Vegetables,Theni,East,1601,0.35,640.4
Snacks,Noodles,Perambalur,East,1799,0.26,161.91
"Eggs, Meat & Fish",Chicken,Tenkasi,East,660,0.24,184.8
Fruits & Veggies,Organic Vegetables,Tirunelveli,East,748,0.16,291.72
Fruits & Veggies,Organic Vegetables,Tenkasi,East,1404,0.31,336.96
Snacks,Cookies,Theni,East,907,0.23,299.31
Oil & Masala,Masalas,Pudukottai,East,667,0.33,173.42
Beverages,Soft Drinks,Tirunelveli,East,806,0.12,88.66
Oil & Masala,Masalas,Coimbatore,East,576,0.16,230.4
Bakery,Biscuits,Virudhunagar,East,1353,0.26,595.32
Food Grains,Rice,Virudhunagar,East,1775,0.11,514.75
Food Grains,Organic Staples,Vellore,East,2480,0.18,818.4
Bakery,Breads & Buns,Salem,East,1930,0.17,559.7
Fruits & Veggies,Fresh Vegetables,Karur,East,1288,0.22,386.4
Food Grains,Atta & Flour,Tirunelveli,East,686,0.33,171.5
Food Grains,Atta & Flour,Tenkasi,East,2301,0.19,437.19
Bakery,Breads & Buns,Namakkal,East,799,0.24,247.69
Fruits & Veggies,Organic Fruits,Theni,East,1173,0.12,164.22
Snacks,Noodles,Ooty,East,2469,0.25,962.91
Oil & Masala,Edible Oil & Ghee,Viluppuram,East,719,0.17,294.79
"Eggs, Meat & Fish",Mutton,Bodi,East,2153,0.35,452.13
Fruits & Veggies,Organic Vegetables,Ramanadhapuram,East,919,0.2,385.98
Bakery,Cakes,Pudukottai,East,1394,0.35,627.3
Oil & Masala,Masalas,Perambalur,East,2464,0.3,221.76
Snacks,Chocolates,Dharmapuri,East,2174,0.31,826.12
Food Grains,Rice,Viluppuram,East,1958,0.15,489.5
Food Grains,Rice,Virudhunagar,East,2103,0.18,946.35
Bakery,Biscuits,Tenkasi,East,1050,0.25,252
Food Grains,Organic Staples,Dindigul,East,836,0.32,108.68
Food Grains,Atta & Flour,Dharmapuri,East,1960,0.33,764.4
Oil & Masala,Masalas,Theni,East,2484,0.17,819.72
Snacks,Chocolates,Perambalur,East,636,0.34,216.24
"Eggs, Meat & Fish",Fish,Cumbum,East,1823,0.26,492.21
Snacks,Noodles,Chennai,East,2227,0.35,178.16
Oil & Masala,Edible Oil & Ghee,Tenkasi,East,2136,0.32,469.92
Food Grains,Organic Staples,Kanyakumari,East,1390,0.26,208.5
Beverages,Health Drinks,Tenkasi,East,1776,0.11,621.6
Beverages,Health Drinks,Tenkasi,East,513,0.33,97.47
Fruits & Veggies,Fresh Vegetables,Virudhunagar,East,1486,0.11,653.84
Food Grains,Atta & Flour,Pudukottai,East,2428,0.35,631.28
Food Grains,Rice,Ramanadhapuram,East,1319,0.23,171.47
Fruits & Veggies,Organic Fruits,Kanyakumari,East,1716,0.26,652.08
Oil & Masala,Spices,Namakkal,East,906,0.24,371.46
"Eggs, Meat & Fish",Eggs,Cumbum,East,741,0.13,74.1
Snacks,Cookies,Madurai,East,876,0.21,175.2
Beverages,Health Drinks,Virudhunagar,East,2253,0.13,743.49
"Eggs, Meat & Fish",Mutton,Cumbum,East,1957,0.11,117.42
Snacks,Cookies,Pudukottai,East,1720,0.24,326.8
"Eggs, Meat & Fish",Mutton,Chennai,East,639,0.24,89.46
Food Grains,Organic Staples,Ooty,East,2375,0.31,380
Bakery,Cakes,Coimbatore,East,1405,0.22,365.3
Food Grains,Rice,Karur,East,833,0.34,324.87
Fruits & Veggies,Fresh Vegetables,Trichy,East,1265,0.33,366.85
Fruits & Veggies,Fresh Fruits,Coimbatore,East,1031,0.32,175.27
Oil & Masala,Spices,Vellore,East,2375,0.23,498.75
Bakery,Biscuits,Theni,East,1741,0.17,295.97
"Eggs, Meat & Fish",Eggs,Cumbum,East,796,0.18,294.52
Beverages,Soft Drinks,Namakkal,East,2041,0.12,326.56
Bakery,Breads & Buns,Cumbum,East,2101,0.17,399.19
Oil & Masala,Masalas,Salem,East,688,0.27,123.84
Beverages,Health Drinks,Pudukottai,East,2162,0.22,475.64
Fruits & Veggies,Organic Vegetables,Chennai,East,963,0.17,327.42
Food Grains,Organic Staples,Tirunelveli,East,1558,0.27,358.34
Beverages,Health Drinks,Dharmapuri,East,2080,0.28,852.8
Snacks,Cookies,Ramanadhapuram,East,902,0.31,135.3
Beverages,Soft Drinks,Trichy,East,551,0.14,82.65
"Eggs, Meat & Fish",Eggs,Ramanadhapuram,East,533,0.19,154.57
Fruits & Veggies,Fresh Fruits,Virudhunagar,East,1320,0.33,541.2
Oil & Masala,Spices,Kanyakumari,East,2324,0.14,999.32
Beverages,Soft Drinks,Coimbatore,East,894,0.28,330.78
"Eggs, Meat & Fish",Eggs,Dharmapuri,East,2027,0.34,445.94
Oil & Masala,Spices,Pudukottai,East,1159,0.29,208.62
Snacks,Chocolates,Tenkasi,East,1988,0.3,675.92
Fruits & Veggies,Fresh Vegetables,Tenkasi,East,1616,0.33,581.76
Snacks,Chocolates,Kanyakumari,East,1494,0.14,134.46
Fruits & Veggies,Fresh Fruits,Dindigul,East,2337,0.22,560.88
Food Grains,Rice,Pudukottai,East,2377,0.34,641.79
Beverages,Health Drinks,Nagercoil,East,2439,0.22,975.6
Oil & Masala,Edible Oil & Ghee,Kanyakumari,East,836,0.29,250.8
Snacks,Noodles,Salem,East,1839,0.24,239.07
Food Grains,Organic Staples,Dindigul,East,1099,0.31,208.81
Beverages,Health Drinks,Salem,East,1113,0.24,333.9
Food Grains,Atta & Flour,Viluppuram,East,823,0.29,98.76
Food Grains,Organic Staples,Coimbatore,East,1608,0.27,369.84
Snacks,Cookies,Chennai,East,1689,0.35,202.68
Fruits & Veggies,Organic Fruits,Krishnagiri,East,2031,0.2,385.89
Fruits & Veggies,Fresh Fruits,Chennai,East,774,0.13,317.34
"Eggs, Meat & Fish",Eggs,Theni,East,747,0.33,52.29
Bakery,Biscuits,Ramanadhapuram,East,1489,0.22,134.01
Bakery,Breads & Buns,Ramanadhapuram,East,1331,0.1,399.3
"Eggs, Meat & Fish",Eggs,Namakkal,East,799,0.25,119.85
Snacks,Noodles,Vellore,East,1361,0.34,340.25
Oil & Masala,Spices,Tenkasi,East,504,0.35,55.44
Snacks,Cookies,Namakkal,East,707,0.28,289.87
Bakery,Biscuits,Viluppuram,East,2007,0.31,863.01
"Eggs, Meat & Fish",Fish,Tirunelveli,East,878,0.35,149.26
Snacks,Chocolates,Dindigul,East,1034,0.29,237.82
Bakery,Biscuits,Viluppuram,East,1482,0.21,666.9
"Eggs, Meat & Fish",Eggs,Tenkasi,East,2346,0.12,563.04
Food Grains,Organic Staples,Cumbum,East,832,0.28,41.6
Oil & Masala,Spices,Pudukottai,East,2471,0.24,271.81
Oil & Masala,Edible Oil & Ghee,Madurai,East,2112,0.27,950.4
Food Grains,Dals & Pulses,Tenkasi,East,1706,0.22,528.86
Fruits & Veggies,Fresh Vegetables,Nagercoil,East,2174,0.24,391.32
Food Grains,Rice,Salem,East,2282,0.1,296.66
Bakery,Biscuits,Dharmapuri,East,996,0.23,249
Snacks,Cookies,Karur,East,2187,0.29,196.83
Food Grains,Organic Staples,Salem,East,1262,0.14,492.18
Beverages,Soft Drinks,Theni,East,870,0.31,95.7
Snacks,Chocolates,Madurai,East,1588,0.23,285.84
"Eggs, Meat & Fish",Mutton,Dindigul,East,618,0.35,265.74
Snacks,Noodles,Coimbatore,East,672,0.21,275.52
Snacks,Chocolates,Theni,East,2229,0.26,445.8
Bakery,Biscuits,Virudhunagar,East,994,0.18,347.9
Food Grains,Rice,Coimbatore,East,558,0.11,172.98
Food Grains,Organic Staples,Karur,East,1736,0.26,590.24
Fruits & Veggies,Organic Vegetables,Coimbatore,East,797,0.14,191.28
Snacks,Noodles,Viluppuram,East,865,0.3,138.4
Fruits & Veggies,Organic Fruits,Namakkal,East,1415,0.11,283
Snacks,Chocolates,Virudhunagar,East,1803,0.19,613.02
Bakery,Cakes,Dindigul,East,1809,0.12,687.42
Bakery,Biscuits,Karur,East,2484,0.27,943.92
Food Grains,Organic Staples,Namakkal,East,2431,0.33,704.99
Snacks,Chocolates,Chennai,East,737,0.13,316.91
Fruits & Veggies,Organic Fruits,Dharmapuri,East,703,0.13,161.69
"Eggs, Meat & Fish",Fish,Kanyakumari,East,2282,0.27,958.44
Beverages,Health Drinks,Cumbum,East,972,0.33,408.24
Oil & Masala,Spices,Chennai,East,1495,0.14,508.3
"Eggs, Meat & Fish",Mutton,Krishnagiri,East,529,0.23,100.51
"Eggs, Meat & Fish",Eggs,Coimbatore,East,1198,0.14,275.54
Oil & Masala,Masalas,Nagercoil,East,1431,0.29,372.06
Bakery,Biscuits,Dharmapuri,East,747,0.15,74.7
Snacks,Chocolates,Ooty,East,2481,0.11,669.87
Snacks,Noodles,Namakkal,East,624,0.31,56.16
Fruits & Veggies,Fresh Vegetables,Ooty,East,2444,0.31,855.4
Bakery,Biscuits,Cumbum,East,704,0.22,246.4
Bakery,Breads & Buns,Pudukottai,East,2011,0.23,884.84
Beverages,Soft Drinks,Krishnagiri,East,774,0.3,216.72
"Eggs, Meat & Fish",Eggs,Viluppuram,East,1235,0.28,86.45
Food Grains,Atta & Flour,Bodi,East,2267,0.17,476.07
"Eggs, Meat & Fish",Eggs,Namakkal,East,1039,0.17,467.55
"Eggs, Meat & Fish",Fish,Madurai,East,695,0.31,180.7
Fruits & Veggies,Fresh Vegetables,Vellore,East,1403,0.19,224.48
Snacks,Noodles,Namakkal,East,2344,0.25,773.52
Oil & Masala,Spices,Pudukottai,East,2212,0.22,265.44
Fruits & Veggies,Organic Vegetables,Virudhunagar,East,629,0.34,31.45
"Eggs, Meat & Fish",Fish,Tenkasi,East,1820,0.11,819
Fruits & Veggies,Fresh Fruits,Salem,East,1682,0.32,302.76
Oil & Masala,Masalas,Trichy,East,1640,0.24,557.6
Snacks,Cookies,Chennai,East,1480,0.24,355.2
Bakery,Breads & Buns,Tirunelveli,East,1653,0.24,380.19
Snacks,Chocolates,Perambalur,East,1811,0.29,814.95
Fruits & Veggies,Organic Fruits,Chennai,East,1720,0.34,653.6
Oil & Masala,Masalas,Cumbum,East,1359,0.17,326.16
Snacks,Cookies,Krishnagiri,East,804,0.25,40.2
Bakery,Breads & Buns,Trichy,East,1984,0.34,674.56
Bakery,Breads & Buns,Viluppuram,East,532,0.14,143.64
"Eggs, Meat & Fish",Fish,Perambalur,East,2208,0.2,684.48
"Eggs, Meat & Fish",Mutton,Karur,East,1049,0.12,94.41
Oil & Masala,Spices,Dharmapuri,East,753,0.25,128.01
Fruits & Veggies,Fresh Vegetables,Cumbum,East,1963,0.2,569.27
Food Grains,Organic Staples,Tirunelveli,East,1645,0.2,493.5
Beverages,Soft Drinks,Pudukottai,East,2058,0.19,905.52
Bakery,Biscuits,Tirunelveli,East,1828,0.17,511.84
Bakery,Cakes,Salem,East,1193,0.31,345.97
Beverages,Soft Drinks,Pudukottai,East,2033,0.15,182.97
Fruits & Veggies,Fresh Vegetables,Viluppuram,East,1779,0.25,355.8
Oil & Masala,Masalas,Bodi,East,2399,0.13,479.8
Oil & Masala,Masalas,Cumbum,East,1547,0.32,247.52
Bakery,Cakes,Ooty,East,2130,0.2,255.6
Fruits & Veggies,Organic Vegetables,Bodi,East,981,0.11,441.45
Bakery,Cakes,Salem,East,2091,0.19,418.2
Bakery,Breads & Buns,Bodi,East,1031,0.17,309.3
Food Grains,Atta & Flour,Madurai,East,1405,0.21,210.75
Oil & Masala,Spices,Virudhunagar,East,1340,0.18,589.6
Oil & Masala,Masalas,Ooty,East,1767,0.33,406.41
Food Grains,Organic Staples,Salem,East,1576,0.34,520.08
"Eggs, Meat & Fish",Eggs,Namakkal,East,1508,0.33,361.92
Beverages,Soft Drinks,Perambalur,East,902,0.27,252.56
Snacks,Noodles,Perambalur,East,1251,0.15,112.59
Snacks,Chocolates,Ramanadhapuram,East,1330,0.11,385.7
Oil & Masala,Masalas,Coimbatore,East,858,0.27,291.72
Food Grains,Organic Staples,Tenkasi,East,1713,0.35,102.78
Snacks,Cookies,Cumbum,East,1284,0.11,487.92
Fruits & Veggies,Organic Fruits,Tirunelveli,East,702,0.29,210.6
Oil & Masala,Masalas,Virudhunagar,East,932,0.12,214.36
"Eggs, Meat & Fish",Mutton,Virudhunagar,East,1606,0.22,385.44
Bakery,Biscuits,Ooty,East,533,0.29,122.59
Oil & Masala,Edible Oil & Ghee,Chennai,East,1893,0.16,227.16
"Eggs, Meat & Fish",Chicken,Ramanadhapuram,East,1849,0.16,517.72
Fruits & Veggies,Organic Vegetables,Viluppuram,East,1957,0.12,821.94
"Eggs, Meat & Fish",Eggs,Dindigul,East,1944,0.23,563.76
Snacks,Chocolates,Krishnagiri,East,1898,0.17,170.82
Fruits & Veggies,Organic Vegetables,Namakkal,East,2122,0.28,679.04
Bakery,Cakes,Theni,East,1073,0.33,128.76
"Eggs, Meat & Fish",Chicken,Coimbatore,East,1539,0.18,200.07
Oil & Masala,Spices,Theni,East,1331,0.19,598.95
Oil & Masala,Edible Oil & Ghee,Viluppuram,East,1986,0.2,675.24
"Eggs, Meat & Fish",Fish,Karur,East,1833,0.32,403.26
Bakery,Biscuits,Tenkasi,East,2172,0.25,282.36
Snacks,Noodles,Ooty,East,1327,0.2,199.05
Snacks,Cookies,Cumbum,East,2301,0.34,989.43
Bakery,Breads & Buns,Bodi,East,2116,0.19,359.72
Bakery,Breads & Buns,Salem,East,887,0.35,177.4
"Eggs, Meat & Fish",Chicken,Viluppuram,East,1020,0.21,428.4
Beverages,Health Drinks,Namakkal,East,1131,0.22,429.78
Oil & Masala,Spices,Bodi,East,2465,0.26,369.75
Snacks,Cookies,Karur,East,745,0.26,327.8
Oil & Masala,Spices,Ooty,East,1588,0.3,254.08
Snacks,Cookies,Karur,East,1204,0.12,337.12
Oil & Masala,Edible Oil & Ghee,Bodi,East,1546,0.34,278.28
Snacks,Cookies,Madurai,East,1232,0.28,184.8
"Eggs, Meat & Fish",Mutton,Coimbatore,East,1058,0.19,105.8
Snacks,Cookies,Cumbum,East,2311,0.24,623.97
Bakery,Biscuits,Chennai,East,605,0.21,139.15
Bakery,Cakes,Madurai,East,997,0.27,329.01
Food Grains,Rice,Krishnagiri,East,1257,0.22,389.67
Fruits & Veggies,Fresh Vegetables,Ooty,East,1882,0.29,809.26
Snacks,Cookies,Trichy,East,1138,0.2,284.5
Oil & Masala,Edible Oil & Ghee,Dindigul,East,1339,0.28,482.04
Snacks,Cookies,Ramanadhapuram,East,2056,0.12,801.84
Oil & Masala,Masalas,Chennai,East,2435,0.24,511.35
Snacks,Chocolates,Tirunelveli,East,1245,0.25,485.55
Beverages,Health Drinks,Theni,East,727,0.14,36.35
Oil & Masala,Masalas,Tenkasi,East,2082,0.22,541.32
Bakery,Biscuits,Vellore,East,1212,0.29,133.32
Snacks,Noodles,Krishnagiri,East,2143,0.12,728.62
"Eggs, Meat & Fish",Eggs,Salem,South,2200,0.34,660
"Eggs, Meat & Fish",Mutton,Coimbatore,South,1175,0.19,223.25
Beverages,Soft Drinks,Bodi,South,2475,0.14,198
Food Grains,Rice,Madurai,South,1815,0.15,254.1
Beverages,Soft Drinks,Chennai,South,1794,0.32,358.8
Food Grains,Dals & Pulses,Dharmapuri,South,1484,0.21,445.2
Fruits & Veggies,Organic Fruits,Krishnagiri,South,1825,0.18,273.75
Oil & Masala,Edible Oil & Ghee,Ooty,South,1576,0.19,267.92
Snacks,Chocolates,Vellore,South,1254,0.12,163.02
Food Grains,Atta & Flour,Coimbatore,South,649,0.34,64.9
Snacks,Cookies,Tirunelveli,South,1203,0.29,541.35
Food Grains,Organic Staples,Trichy,South,1493,0.29,522.55
Snacks,Noodles,Vellore,South,1065,0.18,170.4
Oil & Masala,Edible Oil & Ghee,Chennai,South,584,0.35,169.36
"Eggs, Meat & Fish",Chicken,Viluppuram,South,1594,0.16,350.68
Bakery,Breads & Buns,Chennai,South,2355,0.12,682.95
Food Grains,Rice,Virudhunagar,South,1327,0.33,305.21
Fruits & Veggies,Organic Vegetables,Madurai,South,2256,0.16,564
Bakery,Biscuits,Virudhunagar,South,787,0.32,94.44
Oil & Masala,Spices,Cumbum,South,2116,0.16,719.44
Oil & Masala,Spices,Ooty,South,2493,0.33,149.58
"Eggs, Meat & Fish",Fish,Theni,South,924,0.21,157.08
Bakery,Breads & Buns,Coimbatore,South,1346,0.23,255.74
Fruits & Veggies,Organic Vegetables,Perambalur,South,2352,0.32,117.6
"Eggs, Meat & Fish",Chicken,Perambalur,South,1337,0.13,601.65
Food Grains,Rice,Bodi,South,620,0.13,272.8
Snacks,Noodles,Madurai,South,1412,0.26,564.8
Food Grains,Atta & Flour,Perambalur,South,1040,0.19,291.2
Snacks,Cookies,Salem,South,1987,0.31,894.15
Food Grains,Organic Staples,Bodi,South,972,0.3,174.96
Beverages,Health Drinks,Cumbum,South,2302,0.11,322.28
Beverages,Soft Drinks,Tenkasi,South,604,0.11,211.4
"Eggs, Meat & Fish",Eggs,Vellore,South,1200,0.29,180
Beverages,Health Drinks,Ooty,South,2017,0.14,383.23
Fruits & Veggies,Fresh Vegetables,Virudhunagar,South,852,0.33,213
Oil & Masala,Edible Oil & Ghee,Kanyakumari,South,1574,0.18,440.72
Fruits & Veggies,Fresh Vegetables,Dindigul,South,622,0.26,267.46
Beverages,Health Drinks,Salem,South,1972,0.12,493
Oil & Masala,Masalas,Ooty,South,894,0.21,348.66
Oil & Masala,Edible Oil & Ghee,Ooty,South,926,0.24,166.68
Beverages,Soft Drinks,Nagercoil,South,1531,0.34,137.79
Food Grains,Dals & Pulses,Virudhunagar,South,1332,0.16,439.56
Beverages,Health Drinks,Ramanadhapuram,South,2493,0.35,772.83
Bakery,Biscuits,Virudhunagar,South,678,0.28,54.24
Fruits & Veggies,Fresh Fruits,Madurai,South,644,0.14,135.24
Bakery,Cakes,Karur,South,2350,0.15,799
Oil & Masala,Spices,Salem,South,1260,0.2,415.8
Fruits & Veggies,Organic Fruits,Coimbatore,South,1315,0.33,499.7
Bakery,Breads & Buns,Madurai,South,1426,0.13,399.28
Snacks,Cookies,Dharmapuri,South,1798,0.22,323.64
Fruits & Veggies,Fresh Vegetables,Madurai,South,1995,0.1,778.05
Oil & Masala,Edible Oil & Ghee,Perambalur,South,1116,0.18,479.88
Snacks,Chocolates,Trichy,South,1625,0.23,422.5
Snacks,Chocolates,Trichy,South,682,0.11,88.66
Snacks,Cookies,Dharmapuri,South,1544,0.25,663.92
Bakery,Cakes,Kanyakumari,South,767,0.24,84.37
Fruits & Veggies,Organic Vegetables,Dindigul,South,703,0.3,49.21
Food Grains,Organic Staples,Theni,South,634,0.27,50.72
Fruits & Veggies,Organic Vegetables,Tirunelveli,South,1330,0.34,106.4
"Eggs, Meat & Fish",Mutton,Cumbum,South,1361,0.19,258.59
Beverages,Health Drinks,Krishnagiri,South,1517,0.23,364.08
Snacks,Chocolates,Vellore,South,860,0.27,189.2
Food Grains,Atta & Flour,Ooty,South,2284,0.18,114.2
Oil & Masala,Spices,Dharmapuri,South,1082,0.3,313.78
Snacks,Noodles,Nagercoil,South,1842,0.1,331.56
"Eggs, Meat & Fish",Fish,Bodi,South,1824,0.1,91.2
Bakery,Biscuits,Tenkasi,South,2114,0.28,528.5
Bakery,Biscuits,Ramanadhapuram,South,568,0.14,176.08
Beverages,Health Drinks,Karur,South,942,0.27,405.06
Bakery,Cakes,Chennai,South,717,0.24,258.12
Fruits & Veggies,Fresh Vegetables,Nagercoil,South,569,0.1,51.21
Food Grains,Atta & Flour,Namakkal,South,2441,0.11,1000.81
Fruits & Veggies,Organic Fruits,Trichy,South,1956,0.35,136.92
Beverages,Soft Drinks,Virudhunagar,South,2429,0.33,437.22
Bakery,Breads & Buns,Virudhunagar,South,2102,0.19,672.64
Beverages,Soft Drinks,Dharmapuri,South,540,0.17,32.4
Oil & Masala,Spices,Madurai,South,2063,0.2,309.45
"Eggs, Meat & Fish",Mutton,Krishnagiri,South,1540,0.11,107.8
Bakery,Biscuits,Ramanadhapuram,South,1050,0.18,157.5
Fruits & Veggies,Fresh Vegetables,Madurai,South,1411,0.18,465.63
Oil & Masala,Spices,Karur,South,1776,0.32,515.04
"Eggs, Meat & Fish",Eggs,Salem,South,1495,0.23,508.3
"Eggs, Meat & Fish",Mutton,Krishnagiri,South,770,0.11,207.9
Fruits & Veggies,Organic Vegetables,Tenkasi,South,1024,0.25,358.4
Oil & Masala,Masalas,Kanyakumari,South,2341,0.1,163.87
Food Grains,Rice,Madurai,South,1613,0.33,645.2
Snacks,Noodles,Krishnagiri,South,1071,0.19,428.4
Bakery,Biscuits,Dharmapuri,South,2140,0.12,171.2
Oil & Masala,Spices,Dharmapuri,South,1111,0.31,388.85
Snacks,Chocolates,Vellore,South,2291,0.2,206.19
Bakery,Cakes,Pudukottai,South,1500,0.34,645
Beverages,Soft Drinks,Salem,South,2184,0.11,524.16
Oil & Masala,Edible Oil & Ghee,Theni,South,1825,0.1,419.75
"Eggs, Meat & Fish",Fish,Chennai,South,1517,0.24,621.97
"Eggs, Meat & Fish",Mutton,Viluppuram,South,577,0.31,201.95
Food Grains,Dals & Pulses,Bodi,South,1944,0.27,583.2
Snacks,Noodles,Theni,South,789,0.15,205.14
"Eggs, Meat & Fish",Mutton,Madurai,South,1169,0.18,526.05
"Eggs, Meat & Fish",Chicken,Trichy,South,1044,0.25,459.36
Beverages,Health Drinks,Namakkal,South,2179,0.21,784.44
"Eggs, Meat & Fish",Mutton,Dindigul,South,992,0.26,317.44
Snacks,Chocolates,Cumbum,South,1099,0.25,230.79
Food Grains,Organic Staples,Ramanadhapuram,South,2208,0.33,287.04
Oil & Masala,Edible Oil & Ghee,Krishnagiri,South,861,0.2,103.32
Snacks,Chocolates,Salem,South,2196,0.14,834.48
Beverages,Health Drinks,Karur,South,814,0.16,154.66
Beverages,Soft Drinks,Ooty,South,1768,0.13,353.6
Oil & Masala,Spices,Pudukottai,South,2280,0.17,319.2
Fruits & Veggies,Organic Vegetables,Nagercoil,South,2192,0.32,241.12
Fruits & Veggies,Fresh Vegetables,Trichy,South,2091,0.21,836.4
Bakery,Biscuits,Tenkasi,South,1342,0.2,442.86
"Eggs, Meat & Fish",Eggs,Cumbum,South,1720,0.32,516
Fruits & Veggies,Organic Vegetables,Pudukottai,South,2074,0.15,414.8
"Eggs, Meat & Fish",Mutton,Trichy,South,1665,0.32,715.95
Food Grains,Organic Staples,Ooty,South,1273,0.31,521.93
Oil & Masala,Spices,Namakkal,South,798,0.21,287.28
Fruits & Veggies,Organic Vegetables,Ramanadhapuram,South,2203,0.31,572.78
Bakery,Cakes,Madurai,South,1777,0.29,586.41
Snacks,Cookies,Perambalur,South,2173,0.2,782.28
Fruits & Veggies,Organic Vegetables,Nagercoil,South,772,0.2,331.96
Bakery,Biscuits,Perambalur,South,2031,0.3,162.48
Beverages,Soft Drinks,Tenkasi,South,1080,0.21,140.4
Bakery,Cakes,Chennai,South,504,0.11,131.04
Fruits & Veggies,Organic Vegetables,Nagercoil,South,1784,0.33,214.08
Oil & Masala,Edible Oil & Ghee,Tenkasi,South,934,0.34,149.44
Snacks,Noodles,Pudukottai,South,2447,0.35,831.98
"Eggs, Meat & Fish",Mutton,Vellore,South,2350,0.33,987
Beverages,Health Drinks,Tenkasi,South,2294,0.33,734.08
Fruits & Veggies,Organic Fruits,Virudhunagar,South,1359,0.27,312.57
Bakery,Breads & Buns,Karur,South,639,0.28,70.29
Snacks,Chocolates,Namakkal,South,1905,0.28,685.8
Food Grains,Rice,Coimbatore,South,798,0.15,359.1
Fruits & Veggies,Organic Fruits,Ooty,South,2422,0.34,1041.46
"Eggs, Meat & Fish",Mutton,Tenkasi,South,1733,0.17,433.25
"Eggs, Meat & Fish",Eggs,Tenkasi,South,585,0.24,134.55
Food Grains,Atta & Flour,Cumbum,South,1835,0.28,697.3
"Eggs, Meat & Fish",Eggs,Vellore,South,1727,0.26,777.15
Oil & Masala,Masalas,Pudukottai,South,1047,0.26,397.86
Snacks,Cookies,Pudukottai,South,1916,0.31,421.52
"Eggs, Meat & Fish",Mutton,Ramanadhapuram,South,1433,0.1,286.6
Fruits & Veggies,Organic Fruits,Theni,South,623,0.33,261.66
Fruits & Veggies,Organic Fruits,Dindigul,South,791,0.18,284.76
Snacks,Noodles,Krishnagiri,South,1592,0.15,382.08
Food Grains,Organic Staples,Theni,South,1871,0.35,243.23
Snacks,Cookies,Nagercoil,South,932,0.12,55.92
Food Grains,Dals & Pulses,Trichy,South,1839,0.19,183.9
Fruits & Veggies,Fresh Vegetables,Pudukottai,South,959,0.1,57.54
Beverages,Health Drinks,Chennai,South,713,0.32,49.91
Fruits & Veggies,Fresh Fruits,Nagercoil,South,1260,0.18,264.6
Fruits & Veggies,Organic Vegetables,Ramanadhapuram,South,1633,0.17,195.96
Bakery,Breads & Buns,Karur,South,1060,0.3,95.4
Bakery,Biscuits,Madurai,South,1259,0.13,302.16
Snacks,Noodles,Pudukottai,South,666,0.2,66.6
Oil & Masala,Masalas,Chennai,South,1808,0.24,397.76
Oil & Masala,Spices,Theni,South,2236,0.33,491.92
Bakery,Breads & Buns,Pudukottai,South,1809,0.23,452.25
Beverages,Soft Drinks,Tirunelveli,South,2169,0.14,108.45
Oil & Masala,Edible Oil & Ghee,Chennai,South,630,0.16,100.8
"Eggs, Meat & Fish",Eggs,Ooty,South,1580,0.19,395
Beverages,Soft Drinks,Namakkal,South,1870,0.16,243.1
Oil & Masala,Spices,Karur,South,1474,0.1,530.64
Food Grains,Organic Staples,Perambalur,South,1450,0.29,420.5
Beverages,Soft Drinks,Vellore,South,1693,0.21,474.04
Bakery,Breads & Buns,Virudhunagar,South,2344,0.2,890.72
Snacks,Chocolates,Viluppuram,South,2144,0.14,793.28
Snacks,Chocolates,Salem,South,1846,0.12,738.4
Fruits & Veggies,Fresh Vegetables,Ooty,South,771,0.34,316.11
Beverages,Soft Drinks,Virudhunagar,South,1510,0.19,543.6
"Eggs, Meat & Fish",Mutton,Trichy,South,636,0.17,101.76
Oil & Masala,Edible Oil & Ghee,Coimbatore,South,1280,0.26,499.2
Fruits & Veggies,Organic Fruits,Bodi,South,1233,0.14,172.62
Bakery,Biscuits,Pudukottai,South,635,0.11,241.3
"Eggs, Meat & Fish",Mutton,Salem,South,2310,0.12,831.6
Fruits & Veggies,Fresh Vegetables,Tirunelveli,South,2427,0.14,1067.88
Fruits & Veggies,Organic Vegetables,Tirunelveli,South,1834,0.34,128.38
"Eggs, Meat & Fish",Eggs,Perambalur,South,1476,0.34,501.84
"Eggs, Meat & Fish",Fish,Krishnagiri,South,2233,0.31,491.26
Bakery,Breads & Buns,Krishnagiri,South,2265,0.22,249.15
Bakery,Breads & Buns,Cumbum,South,1497,0.33,359.28
Food Grains,Rice,Dharmapuri,South,890,0.27,133.5
Oil & Masala,Edible Oil & Ghee,Virudhunagar,South,979,0.13,195.8
Food Grains,Atta & Flour,Trichy,South,1887,0.14,566.1
Oil & Masala,Edible Oil & Ghee,Namakkal,South,2325,0.25,465
Oil & Masala,Edible Oil & Ghee,Dindigul,South,2142,0.13,342.72
Food Grains,Rice,Perambalur,South,2217,0.13,288.21
Snacks,Cookies,Chennai,South,571,0.21,251.24
Bakery,Cakes,Coimbatore,South,2490,0.25,473.1
Beverages,Soft Drinks,Virudhunagar,South,899,0.23,143.84
Snacks,Noodles,Namakkal,South,882,0.15,273.42
Food Grains,Organic Staples,Tenkasi,South,609,0.3,249.69
"Eggs, Meat & Fish",Eggs,Cumbum,South,1175,0.35,493.5
Fruits & Veggies,Organic Vegetables,Pudukottai,South,2238,0.22,537.12
Snacks,Noodles,Kanyakumari,South,2213,0.1,553.25
"Eggs, Meat & Fish",Mutton,Kanyakumari,South,1936,0.11,851.84
Snacks,Cookies,Dindigul,South,1293,0.34,168.09
Fruits & Veggies,Fresh Fruits,Tenkasi,South,1647,0.21,625.86
Beverages,Soft Drinks,Bodi,South,893,0.23,392.92
Fruits & Veggies,Organic Fruits,Salem,South,2013,0.29,845.46
Food Grains,Atta & Flour,Cumbum,South,1188,0.31,522.72
Snacks,Chocolates,Dindigul,South,923,0.16,415.35
"Eggs, Meat & Fish",Eggs,Karur,South,652,0.26,52.16
"Eggs, Meat & Fish",Mutton,Kanyakumari,South,1994,0.29,777.66
"Eggs, Meat & Fish",Eggs,Viluppuram,South,724,0.21,202.72
Oil & Masala,Masalas,Dharmapuri,South,2486,0.34,248.6
Beverages,Health Drinks,Coimbatore,South,2415,0.1,917.7
Food Grains,Organic Staples,Ooty,South,2362,0.17,307.06
Bakery,Cakes,Pudukottai,South,1035,0.24,196.65
"Eggs, Meat & Fish",Mutton,Bodi,South,508,0.25,101.6
Snacks,Chocolates,Tenkasi,South,681,0.1,286.02
Food Grains,Organic Staples,Perambalur,South,1413,0.1,494.55
Beverages,Soft Drinks,Krishnagiri,South,1888,0.32,774.08
Bakery,Biscuits,Kanyakumari,South,1452,0.17,304.92
Food Grains,Atta & Flour,Perambalur,South,1938,0.11,639.54
"Eggs, Meat & Fish",Fish,Bodi,South,734,0.27,44.04
Fruits & Veggies,Organic Vegetables,Trichy,South,2377,0.32,974.57
Oil & Masala,Masalas,Perambalur,South,2328,0.28,675.12
"Eggs, Meat & Fish",Eggs,Perambalur,South,1452,0.16,217.8
Snacks,Chocolates,Ramanadhapuram,South,679,0.19,244.44
"Eggs, Meat & Fish",Mutton,Vellore,South,1559,0.12,249.44
"Eggs, Meat & Fish",Mutton,Virudhunagar,South,2088,0.14,375.84
"Eggs, Meat & Fish",Fish,Bodi,South,2298,0.31,873.24
Bakery,Breads & Buns,Cumbum,South,1736,0.29,295.12
Bakery,Cakes,Ramanadhapuram,South,758,0.1,234.98
Bakery,Biscuits,Tenkasi,South,584,0.27,52.56
Bakery,Biscuits,Pudukottai,South,1707,0.29,734.01
Food Grains,Organic Staples,Madurai,South,790,0.32,71.1
Food Grains,Dals & Pulses,Dindigul,South,1095,0.28,153.3
Bakery,Breads & Buns,Tenkasi,South,1919,0.31,230.28
Fruits & Veggies,Fresh Vegetables,Ooty,South,1149,0.21,68.94
Snacks,Cookies,Madurai,South,1533,0.14,76.65
Beverages,Health Drinks,Karur,South,1970,0.14,137.9
"Eggs, Meat & Fish",Eggs,Virudhunagar,South,2092,0.11,188.28
Food Grains,Atta & Flour,Coimbatore,South,1964,0.27,255.32
Fruits & Veggies,Fresh Vegetables,Vellore,South,2327,0.21,814.45
Bakery,Cakes,Chennai,South,1179,0.16,389.07
Beverages,Soft Drinks,Theni,South,2281,0.26,433.39
Food Grains,Rice,Krishnagiri,South,2053,0.28,225.83
Fruits & Veggies,Organic Fruits,Ooty,South,2463,0.15,862.05
Oil & Masala,Masalas,Madurai,South,761,0.23,197.86
Snacks,Chocolates,Vellore,South,2183,0.17,109.15
"Eggs, Meat & Fish",Fish,Viluppuram,South,1988,0.32,258.44
Fruits & Veggies,Organic Vegetables,Vellore,South,525,0.27,52.5
Snacks,Noodles,Cumbum,South,915,0.21,155.55
Beverages,Soft Drinks,Bodi,South,1875,0.33,412.5
Snacks,Cookies,Coimbatore,South,770,0.22,300.3
Food Grains,Rice,Cumbum,South,1931,0.34,386.2
Snacks,Cookies,Kanyakumari,South,1023,0.28,214.83
Bakery,Cakes,Chennai,South,1654,0.22,330.8
Bakery,Biscuits,Tenkasi,South,1107,0.14,265.68
"Eggs, Meat & Fish",Mutton,Vellore,South,1179,0.27,436.23
Fruits & Veggies,Fresh Vegetables,Pudukottai,South,1386,0.16,277.2
Snacks,Cookies,Dindigul,South,624,0.11,274.56
"Eggs, Meat & Fish",Fish,Cumbum,South,2224,0.15,934.08
Beverages,Health Drinks,Virudhunagar,South,665,0.26,146.3
Food Grains,Organic Staples,Nagercoil,South,2173,0.26,934.39
Snacks,Noodles,Krishnagiri,South,1430,0.34,143
Oil & Masala,Edible Oil & Ghee,Karur,South,1513,0.29,453.9
Fruits & Veggies,Organic Fruits,Karur,South,980,0.33,186.2
Snacks,Noodles,Trichy,South,2264,0.33,520.72
Beverages,Health Drinks,Ramanadhapuram,South,1074,0.16,289.98
Oil & Masala,Spices,Perambalur,South,1754,0.34,561.28
Food Grains,Dals & Pulses,Dindigul,South,1817,0.19,763.14
Bakery,Biscuits,Virudhunagar,South,2264,0.21,950.88
Fruits & Veggies,Fresh Fruits,Krishnagiri,South,1196,0.32,382.72
"Eggs, Meat & Fish",Eggs,Dindigul,South,1640,0.24,114.8
Fruits & Veggies,Fresh Fruits,Kanyakumari,South,1960,0.1,235.2
Oil & Masala,Edible Oil & Ghee,Karur,South,601,0.27,30.05
Beverages,Soft Drinks,Trichy,South,1094,0.11,65.64
Fruits & Veggies,Organic Vegetables,Ooty,South,642,0.22,166.92
Bakery,Cakes,Ramanadhapuram,South,1806,0.28,505.68
Beverages,Soft Drinks,Dindigul,South,585,0.33,210.6
Bakery,Cakes,Madurai,South,1261,0.27,75.66
Snacks,Cookies,Tenkasi,South,1783,0.27,499.24
Food Grains,Organic Staples,Karur,West,979,0.23,58.74
Beverages,Health Drinks,Cumbum,West,1091,0.35,349.12
Bakery,Breads & Buns,Chennai,West,850,0.14,161.5
Bakery,Cakes,Dharmapuri,West,2482,0.23,843.88
Oil & Masala,Spices,Viluppuram,West,606,0.3,30.3
Beverages,Health Drinks,Dindigul,West,663,0.16,99.45
Food Grains,Atta & Flour,Ooty,West,2470,0.25,123.5
Fruits & Veggies,Organic Fruits,Dindigul,West,1024,0.22,430.08
Food Grains,Rice,Virudhunagar,West,1423,0.15,270.37
Bakery,Cakes,Cumbum,West,1939,0.25,814.38
Bakery,Biscuits,Salem,West,569,0.24,147.94
Beverages,Soft Drinks,Dindigul,West,2043,0.23,592.47
Fruits & Veggies,Organic Vegetables,Vellore,West,941,0.16,329.35
Fruits & Veggies,Fresh Vegetables,Ramanadhapuram,West,2315,0.17,972.3
"Eggs, Meat & Fish",Chicken,Vellore,West,2499,0.24,324.87
Snacks,Noodles,Pudukottai,West,2461,0.27,1058.23
Bakery,Biscuits,Ooty,West,2370,0.13,971.7
Snacks,Cookies,Nagercoil,West,1657,0.28,364.54
Beverages,Health Drinks,Bodi,West,1146,0.27,320.88
Beverages,Soft Drinks,Theni,West,1790,0.19,626.5
Beverages,Soft Drinks,Dharmapuri,West,783,0.11,281.88
Food Grains,Organic Staples,Ramanadhapuram,West,960,0.21,192
"Eggs, Meat & Fish",Eggs,Chennai,West,1243,0.27,372.9
Fruits & Veggies,Organic Fruits,Viluppuram,West,2471,0.33,395.36
Food Grains,Dals & Pulses,Karur,West,2171,0.23,933.53
Oil & Masala,Masalas,Tenkasi,West,601,0.3,114.19
Snacks,Noodles,Trichy,West,1055,0.25,369.25
Bakery,Cakes,Kanyakumari,West,1312,0.24,157.44
"Eggs, Meat & Fish",Eggs,Viluppuram,West,1268,0.26,152.16
Fruits & Veggies,Organic Vegetables,Viluppuram,West,1320,0.21,92.4
Food Grains,Rice,Nagercoil,West,2050,0.19,348.5
Fruits & Veggies,Fresh Vegetables,Karur,West,1329,0.23,106.32
Food Grains,Organic Staples,Bodi,West,1822,0.28,255.08
Food Grains,Dals & Pulses,Ramanadhapuram,West,1014,0.19,395.46
Beverages,Health Drinks,Coimbatore,West,2137,0.25,683.84
"Eggs, Meat & Fish",Eggs,Theni,West,1951,0.27,312.16
Food Grains,Organic Staples,Perambalur,West,2173,0.25,804.01
Snacks,Cookies,Viluppuram,West,1558,0.11,233.7
Bakery,Breads & Buns,Tenkasi,West,771,0.2,246.72
Snacks,Chocolates,Bodi,West,2472,0.12,1062.96
Snacks,Cookies,Chennai,West,874,0.26,305.9
"Eggs, Meat & Fish",Eggs,Viluppuram,West,786,0.35,157.2
Oil & Masala,Edible Oil & Ghee,Vellore,West,658,0.26,65.8
Food Grains,Atta & Flour,Nagercoil,West,1797,0.16,125.79
Beverages,Health Drinks,Tirunelveli,West,1887,0.28,434.01
Bakery,Cakes,Coimbatore,West,563,0.1,50.67
Oil & Masala,Spices,Dindigul,West,2302,0.32,644.56
"Eggs, Meat & Fish",Eggs,Coimbatore,West,2389,0.29,812.26
Snacks,Cookies,Perambalur,West,618,0.21,210.12
Bakery,Breads & Buns,Dharmapuri,West,2301,0.14,138.06
Beverages,Health Drinks,Tirunelveli,West,958,0.22,373.62
"Eggs, Meat & Fish",Chicken,Dharmapuri,West,1044,0.2,281.88
Oil & Masala,Edible Oil & Ghee,Virudhunagar,West,744,0.22,74.4
Food Grains,Dals & Pulses,Dharmapuri,West,1989,0.32,676.26
Beverages,Health Drinks,Theni,West,562,0.28,241.66
Snacks,Chocolates,Coimbatore,West,603,0.31,108.54
Food Grains,Rice,Tenkasi,West,1075,0.17,419.25
Beverages,Health Drinks,Vellore,West,2475,0.32,272.25
Oil & Masala,Spices,Ooty,West,2398,0.34,287.76
Food Grains,Dals & Pulses,Kanyakumari,West,1593,0.24,461.97
Bakery,Biscuits,Krishnagiri,West,1019,0.19,448.36
"Eggs, Meat & Fish",Chicken,Bodi,West,799,0.35,359.55
Bakery,Breads & Buns,Ramanadhapuram,West,2425,0.29,848.75
"Eggs, Meat & Fish",Fish,Tirunelveli,West,1595,0.12,622.05
Beverages,Soft Drinks,Pudukottai,West,2231,0.18,468.51
"Eggs, Meat & Fish",Eggs,Krishnagiri,West,2325,0.18,813.75
Oil & Masala,Edible Oil & Ghee,Coimbatore,West,1720,0.28,309.6
Bakery,Biscuits,Tenkasi,West,661,0.23,52.88
Oil & Masala,Spices,Vellore,West,2381,0.14,333.34
Bakery,Breads & Buns,Chennai,West,1101,0.18,132.12
Bakery,Breads & Buns,Krishnagiri,West,1509,0.24,105.63
Fruits & Veggies,Fresh Vegetables,Karur,West,1135,0.16,465.35
Oil & Masala,Spices,Nagercoil,West,1444,0.12,563.16
"Eggs, Meat & Fish",Eggs,Vellore,West,524,0.28,31.44
"Eggs, Meat & Fish",Eggs,Chennai,West,1108,0.3,487.52
"Eggs, Meat & Fish",Mutton,Theni,West,950,0.18,199.5
Food Grains,Dals & Pulses,Salem,West,1414,0.22,452.48
"Eggs, Meat & Fish",Chicken,Kanyakumari,West,1964,0.14,549.92
Bakery,Biscuits,Ramanadhapuram,West,520,0.34,135.2
Bakery,Biscuits,Virudhunagar,West,885,0.26,115.05
Food Grains,Dals & Pulses,Trichy,West,1546,0.31,170.06
Fruits & Veggies,Organic Vegetables,Dindigul,West,1320,0.34,343.2
Bakery,Biscuits,Bodi,West,816,0.23,81.6
Beverages,Health Drinks,Ramanadhapuram,West,1672,0.13,635.36
Snacks,Noodles,Virudhunagar,West,2352,0.16,1011.36
Beverages,Soft Drinks,Tenkasi,West,533,0.26,159.9
Oil & Masala,Masalas,Tirunelveli,West,1020,0.16,346.8
"Eggs, Meat & Fish",Fish,Madurai,West,1085,0.19,162.75
Fruits & Veggies,Fresh Fruits,Coimbatore,West,1851,0.34,296.16
"Eggs, Meat & Fish",Chicken,Kanyakumari,West,1882,0.32,319.94
Oil & Masala,Spices,Trichy,West,2435,0.35,681.8
Bakery,Biscuits,Viluppuram,West,1439,0.26,532.43
Food Grains,Organic Staples,Ooty,West,1891,0.33,775.31
Bakery,Cakes,Perambalur,West,1477,0.14,295.4
Oil & Masala,Edible Oil & Ghee,Krishnagiri,West,1404,0.34,126.36
Food Grains,Dals & Pulses,Ooty,West,1243,0.31,534.49
"Eggs, Meat & Fish",Mutton,Namakkal,West,1382,0.28,179.66
Food Grains,Atta & Flour,Bodi,West,678,0.24,54.24
Fruits & Veggies,Fresh Fruits,Nagercoil,West,2168,0.13,802.16
Fruits & Veggies,Organic Fruits,Salem,West,788,0.23,346.72
Fruits & Veggies,Organic Vegetables,Dharmapuri,West,1602,0.28,288.36
Oil & Masala,Masalas,Krishnagiri,West,1217,0.2,377.27
Snacks,Cookies,Karur,West,619,0.3,179.51
Beverages,Health Drinks,Vellore,West,2342,0.23,819.7
Beverages,Health Drinks,Chennai,West,1880,0.35,770.8
Oil & Masala,Spices,Viluppuram,West,2284,0.16,776.56
Bakery,Biscuits,Krishnagiri,West,733,0.29,183.25
Fruits & Veggies,Fresh Fruits,Coimbatore,West,1137,0.32,500.28
Fruits & Veggies,Organic Fruits,Pudukottai,West,2251,0.1,112.55
Bakery,Biscuits,Kanyakumari,West,1838,0.18,771.96
"Eggs, Meat & Fish",Mutton,Dharmapuri,West,2411,0.31,554.53
"Eggs, Meat & Fish",Chicken,Ooty,West,506,0.21,192.28
Bakery,Biscuits,Nagercoil,West,785,0.26,196.25
Fruits & Veggies,Fresh Fruits,Coimbatore,West,1937,0.12,561.73
Beverages,Soft Drinks,Dindigul,West,1823,0.12,255.22
Oil & Masala,Spices,Viluppuram,West,2350,0.32,446.5
Bakery,Biscuits,Dharmapuri,West,1184,0.18,118.4
Fruits & Veggies,Organic Vegetables,Perambalur,West,2184,0.34,414.96
Bakery,Biscuits,Trichy,West,798,0.16,231.42
Food Grains,Atta & Flour,Ramanadhapuram,West,1324,0.15,66.2
Beverages,Health Drinks,Karur,West,1207,0.35,265.54
Bakery,Biscuits,Theni,West,1125,0.3,101.25
Fruits & Veggies,Fresh Fruits,Krishnagiri,West,2363,0.19,897.94
Beverages,Health Drinks,Perambalur,West,1525,0.25,76.25
Snacks,Chocolates,Ramanadhapuram,West,1460,0.27,116.8
Bakery,Cakes,Salem,West,1283,0.24,102.64
Oil & Masala,Masalas,Kanyakumari,West,2379,0.15,380.64
Bakery,Breads & Buns,Madurai,West,1312,0.18,314.88
Fruits & Veggies,Fresh Fruits,Tirunelveli,West,1312,0.16,91.84
Bakery,Biscuits,Ooty,West,763,0.14,160.23
"Eggs, Meat & Fish",Fish,Tirunelveli,West,2164,0.14,584.28
Food Grains,Rice,Pudukottai,West,918,0.17,64.26
Fruits & Veggies,Organic Vegetables,Virudhunagar,West,2002,0.29,900.9
Oil & Masala,Edible Oil & Ghee,Dharmapuri,West,697,0.19,271.83
"Eggs, Meat & Fish",Fish,Bodi,West,791,0.15,110.74
"Eggs, Meat & Fish",Chicken,Trichy,West,2390,0.19,215.1
Fruits & Veggies,Organic Fruits,Bodi,West,2094,0.13,439.74
Bakery,Biscuits,Karur,West,2092,0.19,732.2
"Eggs, Meat & Fish",Mutton,Salem,West,1537,0.15,537.95
Oil & Masala,Spices,Vellore,West,1436,0.18,143.6
Beverages,Soft Drinks,Tenkasi,West,1129,0.18,451.6
"Eggs, Meat & Fish",Chicken,Tirunelveli,West,1256,0.34,326.56
Beverages,Soft Drinks,Dindigul,West,2265,0.12,453
Beverages,Health Drinks,Trichy,West,1030,0.11,309
Food Grains,Dals & Pulses,Chennai,West,2452,0.19,269.72
Food Grains,Organic Staples,Ramanadhapuram,West,2445,0.11,415.65
Food Grains,Dals & Pulses,Madurai,West,1436,0.34,373.36
"Eggs, Meat & Fish",Eggs,Madurai,West,806,0.18,40.3
Fruits & Veggies,Fresh Vegetables,Tirunelveli,West,1932,0.15,463.68
Bakery,Breads & Buns,Viluppuram,West,1117,0.3,413.29
Oil & Masala,Spices,Viluppuram,West,1990,0.25,139.3
Food Grains,Dals & Pulses,Chennai,West,1720,0.25,688
Snacks,Cookies,Salem,West,1797,0.25,628.95
Beverages,Health Drinks,Salem,West,1957,0.17,215.27
Beverages,Soft Drinks,Madurai,West,2181,0.1,479.82
Snacks,Chocolates,Namakkal,West,1596,0.28,383.04
"Eggs, Meat & Fish",Mutton,Cumbum,West,1864,0.23,801.52
"Eggs, Meat & Fish",Eggs,Bodi,West,2092,0.1,271.96
Beverages,Health Drinks,Bodi,West,1169,0.33,409.15
Beverages,Health Drinks,Salem,West,1997,0.31,678.98
"Eggs, Meat & Fish",Mutton,Bodi,West,1823,0.14,565.13
Fruits & Veggies,Fresh Vegetables,Coimbatore,West,775,0.33,178.25
"Eggs, Meat & Fish",Chicken,Dharmapuri,West,1625,0.2,276.25
Fruits & Veggies,Fresh Fruits,Tenkasi,West,1845,0.16,202.95
Oil & Masala,Spices,Viluppuram,West,803,0.27,216.81
Oil & Masala,Spices,Tenkasi,West,2448,0.34,930.24
"Eggs, Meat & Fish",Mutton,Vellore,West,1220,0.23,500.2
Snacks,Chocolates,Ramanadhapuram,West,1923,0.34,653.82
Food Grains,Rice,Ramanadhapuram,West,699,0.33,90.87
Beverages,Soft Drinks,Trichy,West,930,0.1,399.9
Beverages,Soft Drinks,Krishnagiri,West,2199,0.18,571.74
Fruits & Veggies,Organic Vegetables,Perambalur,West,1103,0.16,463.26
"Eggs, Meat & Fish",Fish,Tirunelveli,West,1244,0.21,236.36
Food Grains,Organic Staples,Namakkal,West,876,0.15,289.08
"Eggs, Meat & Fish",Chicken,Trichy,West,2326,0.26,209.34
Bakery,Cakes,Trichy,West,1951,0.16,195.1
Food Grains,Rice,Theni,West,1802,0.19,774.86
Beverages,Health Drinks,Tenkasi,West,1708,0.1,341.6
"Eggs, Meat & Fish",Mutton,Pudukottai,West,2439,0.24,902.43
"Eggs, Meat & Fish",Eggs,Virudhunagar,West,1760,0.11,334.4
Fruits & Veggies,Organic Fruits,Cumbum,West,767,0.21,268.45
Bakery,Biscuits,Perambalur,West,950,0.22,161.5
Beverages,Health Drinks,Cumbum,West,2130,0.34,447.3
Fruits & Veggies,Organic Vegetables,Trichy,West,1258,0.26,440.3
Fruits & Veggies,Organic Fruits,Salem,West,745,0.35,208.6
Bakery,Biscuits,Dindigul,West,1472,0.13,588.8
Beverages,Soft Drinks,Tenkasi,West,1806,0.18,144.48
Snacks,Chocolates,Theni,West,761,0.27,312.01
Fruits & Veggies,Fresh Fruits,Cumbum,West,645,0.19,277.35
Fruits & Veggies,Organic Vegetables,Tirunelveli,West,2044,0.14,633.64
Beverages,Soft Drinks,Dharmapuri,West,540,0.34,156.6
Oil & Masala,Masalas,Dindigul,West,1137,0.13,295.62
Oil & Masala,Edible Oil & Ghee,Karur,West,1705,0.25,289.85
Fruits & Veggies,Organic Vegetables,Cumbum,West,1287,0.26,218.79
Oil & Masala,Spices,Vellore,West,560,0.21,145.6
Oil & Masala,Masalas,Dindigul,West,1113,0.31,300.51
Snacks,Cookies,Tenkasi,West,1698,0.26,577.32
"Eggs, Meat & Fish",Fish,Virudhunagar,West,1669,0.16,500.7
Snacks,Noodles,Virudhunagar,West,862,0.27,370.66
Food Grains,Rice,Dindigul,West,1672,0.12,518.32
Fruits & Veggies,Fresh Fruits,Madurai,West,503,0.1,130.78
Beverages,Soft Drinks,Theni,West,528,0.26,105.6
Fruits & Veggies,Fresh Fruits,Dindigul,West,1575,0.11,425.25
"Eggs, Meat & Fish",Mutton,Viluppuram,West,1646,0.3,329.2
Bakery,Breads & Buns,Theni,West,2048,0.13,512
Fruits & Veggies,Organic Fruits,Dindigul,West,2440,0.28,780.8
Food Grains,Rice,Kanyakumari,West,1602,0.23,496.62
Snacks,Cookies,Dharmapuri,West,1724,0.29,293.08
Beverages,Soft Drinks,Vellore,West,2045,0.27,490.8
Beverages,Health Drinks,Tenkasi,West,1061,0.3,456.23
Bakery,Breads & Buns,Dindigul,West,1019,0.27,305.7
"Eggs, Meat & Fish",Mutton,Dharmapuri,West,1694,0.15,508.2
Snacks,Chocolates,Kanyakumari,West,2246,0.24,336.9
Snacks,Chocolates,Perambalur,West,1714,0.33,119.98
"Eggs, Meat & Fish",Mutton,Dharmapuri,West,902,0.1,324.72
"Eggs, Meat & Fish",Fish,Tirunelveli,West,1539,0.15,661.77
Fruits & Veggies,Organic Fruits,Pudukottai,West,611,0.35,85.54
Food Grains,Dals & Pulses,Tirunelveli,West,1079,0.12,53.95
Food Grains,Organic Staples,Theni,West,725,0.18,188.5
"Eggs, Meat & Fish",Fish,Ramanadhapuram,West,2339,0.21,514.58
"Eggs, Meat & Fish",Eggs,Viluppuram,West,1805,0.17,812.25
Oil & Masala,Spices,Kanyakumari,West,1287,0.14,244.53
Fruits & Veggies,Organic Fruits,Ramanadhapuram,West,2430,0.16,631.8
Food Grains,Rice,Pudukottai,West,755,0.26,302
Bakery,Cakes,Madurai,West,1342,0.29,93.94
Oil & Masala,Spices,Theni,West,1594,0.29,669.48
Fruits & Veggies,Organic Vegetables,Perambalur,West,2177,0.21,653.1
Fruits & Veggies,Organic Vegetables,Tirunelveli,West,1379,0.2,137.9
Beverages,Soft Drinks,Tenkasi,West,1504,0.25,240.64
Bakery,Breads & Buns,Perambalur,West,1555,0.33,684.2
Snacks,Chocolates,Krishnagiri,West,814,0.14,293.04
Oil & Masala,Spices,Tirunelveli,West,1444,0.27,418.76
Beverages,Health Drinks,Ooty,West,639,0.23,146.97
Food Grains,Dals & Pulses,Madurai,West,1154,0.21,138.48
Oil & Masala,Edible Oil & Ghee,Chennai,West,755,0.14,37.75
Snacks,Chocolates,Virudhunagar,West,674,0.32,141.54
Snacks,Noodles,Nagercoil,West,2306,0.25,507.32
Bakery,Biscuits,Ramanadhapuram,West,1221,0.26,231.99
"Eggs, Meat & Fish",Chicken,Ramanadhapuram,West,1397,0.29,419.1
Beverages,Health Drinks,Coimbatore,West,1985,0.27,277.9
Oil & Masala,Spices,Ooty,West,1143,0.26,102.87
Snacks,Cookies,Tenkasi,West,795,0.34,286.2
"Eggs, Meat & Fish",Eggs,Tenkasi,West,1429,0.16,314.38
Snacks,Noodles,Pudukottai,West,2299,0.35,942.59
Beverages,Soft Drinks,Theni,West,524,0.29,178.16
Beverages,Health Drinks,Virudhunagar,West,540,0.15,86.4
"Eggs, Meat & Fish",Mutton,Namakkal,West,1813,0.18,507.64
Bakery,Biscuits,Trichy,West,2364,0.21,307.32
Beverages,Soft Drinks,Coimbatore,West,2215,0.16,708.8
Food Grains,Dals & Pulses,Chennai,West,1167,0.21,245.07
"Eggs, Meat & Fish",Chicken,Tenkasi,West,1463,0.24,424.27
Snacks,Chocolates,Pudukottai,West,1385,0.33,138.5
Oil & Masala,Spices,Chennai,West,794,0.2,269.96
Bakery,Cakes,Trichy,West,1852,0.24,703.76
Snacks,Noodles,Chennai,West,2399,0.16,815.66
Food Grains,Organic Staples,Bodi,West,2060,0.18,885.8
Fruits & Veggies,Organic Fruits,Ramanadhapuram,West,1752,0.12,297.84
Beverages,Health Drinks,Krishnagiri,West,1520,0.22,243.2
Fruits & Veggies,Organic Vegetables,Chennai,West,527,0.3,94.86
Beverages,Soft Drinks,Bodi,West,769,0.22,115.35
Food Grains,Atta & Flour,Madurai,West,735,0.23,95.55
Food Grains,Atta & Flour,Karur,West,767,0.11,314.47
Fruits & Veggies,Fresh Vegetables,Chennai,West,2262,0.31,1017.9
Bakery,Biscuits,Dindigul,West,729,0.25,313.47
Beverages,Health Drinks,Krishnagiri,West,810,0.18,194.4
Beverages,Health Drinks,Ooty,West,1539,0.29,200.07
Food Grains,Rice,Ooty,West,1947,0.12,739.86
Bakery,Cakes,Bodi,West,1640,0.34,688.8
Snacks,Cookies,Dharmapuri,West,2315,0.11,625.05
Snacks,Noodles,Bodi,West,1571,0.3,157.1
Beverages,Soft Drinks,Tirunelveli,West,2376,0.12,974.16
"Eggs, Meat & Fish",Eggs,Karur,West,2149,0.14,537.25
Snacks,Chocolates,Namakkal,West,1419,0.32,454.08
Fruits & Veggies,Fresh Vegetables,Namakkal,West,517,0.15,41.36
Oil & Masala,Spices,Ooty,West,661,0.18,171.86
Bakery,Biscuits,Pudukottai,West,1604,0.14,529.32
Bakery,Breads & Buns,Virudhunagar,West,1252,0.23,212.84
Food Grains,Dals & Pulses,Namakkal,West,607,0.34,91.05
"Eggs, Meat & Fish",Eggs,Cumbum,West,1645,0.18,180.95
Food Grains,Rice,Krishnagiri,West,1349,0.2,364.23
Oil & Masala,Edible Oil & Ghee,Pudukottai,West,851,0.25,221.26
Bakery,Biscuits,Tenkasi,West,1988,0.34,377.72
Beverages,Health Drinks,Ooty,West,841,0.32,168.2
Food Grains,Dals & Pulses,Tenkasi,West,548,0.27,186.32
Bakery,Cakes,Tenkasi,West,1559,0.19,592.42
Beverages,Soft Drinks,Vellore,West,1511,0.11,120.88
Bakery,Cakes,Pudukottai,West,920,0.33,340.4
Snacks,Noodles,Dindigul,West,2142,0.16,706.86
Fruits & Veggies,Organic Vegetables,Ooty,West,1616,0.16,129.28
"Eggs, Meat & Fish",Fish,Pudukottai,West,854,0.19,324.52
Oil & Masala,Edible Oil & Ghee,Perambalur,West,1466,0.25,557.08
Fruits & Veggies,Fresh Fruits,Bodi,West,1083,0.2,379.05
"Eggs, Meat & Fish",Mutton,Perambalur,West,2365,0.1,709.5
"Eggs, Meat & Fish",Mutton,Chennai,West,1602,0.22,448.56
"Eggs, Meat & Fish",Mutton,Ramanadhapuram,West,2002,0.21,700.7
Bakery,Biscuits,Dharmapuri,West,1920,0.11,864
Oil & Masala,Edible Oil & Ghee,Tirunelveli,West,504,0.31,70.56
Bakery,Cakes,Viluppuram,West,1929,0.2,173.61
Fruits & Veggies,Fresh Vegetables,Dharmapuri,West,1207,0.14,120.7
Bakery,Cakes,Bodi,West,745,0.14,298
Bakery,Breads & Buns,Tirunelveli,West,549,0.27,153.72
Oil & Masala,Spices,Pudukottai,West,1536,0.32,491.52
Fruits & Veggies,Fresh Fruits,Dindigul,West,2433,0.18,486.6
Bakery,Breads & Buns,Coimbatore,West,1359,0.32,149.49
Beverages,Health Drinks,Bodi,West,2290,0.27,618.3
Oil & Masala,Spices,Trichy,West,697,0.27,55.76
Bakery,Biscuits,Ooty,West,2111,0.19,337.76
"Eggs, Meat & Fish",Mutton,Tenkasi,West,2227,0.18,155.89
Beverages,Health Drinks,Chennai,West,1764,0.23,264.6
Snacks,Noodles,Madurai,West,1072,0.1,300.16
Bakery,Breads & Buns,Vellore,West,653,0.12,267.73
Bakery,Cakes,Kanyakumari,West,2117,0.26,402.23
Snacks,Cookies,Theni,West,1892,0.27,775.72
Beverages,Health Drinks,Perambalur,West,1432,0.2,400.96
Fruits & Veggies,Organic Fruits,Viluppuram,West,616,0.24,172.48
"Eggs, Meat & Fish",Mutton,Karur,West,879,0.17,184.59
Snacks,Chocolates,Pudukottai,West,1663,0.34,449.01
Oil & Masala,Edible Oil & Ghee,Pudukottai,West,1205,0.32,542.25
Fruits & Veggies,Organic Fruits,Viluppuram,West,2450,0.31,833
Snacks,Chocolates,Kanyakumari,West,1588,0.23,158.8
Fruits & Veggies,Fresh Fruits,Dharmapuri,West,1005,0.25,211.05
Food Grains,Organic Staples,Viluppuram,West,716,0.18,114.56
Snacks,Noodles,Dindigul,West,2162,0.24,324.3
Bakery,Breads & Buns,Ooty,West,2074,0.19,145.18
Bakery,Biscuits,Salem,West,2489,0.14,945.82
Fruits & Veggies,Fresh Fruits,Trichy,West,2491,0.13,572.93
Beverages,Health Drinks,Trichy,West,1559,0.21,608.01
Fruits & Veggies,Fresh Fruits,Ooty,West,635,0.19,215.9
Oil & Masala,Edible Oil & Ghee,Dindigul,West,1851,0.18,333.18
Oil & Masala,Masalas,Chennai,West,1315,0.11,170.95
Food Grains,Atta & Flour,Kanyakumari,West,1073,0.1,472.12
Snacks,Cookies,Dindigul,West,1130,0.14,305.1
Beverages,Health Drinks,Coimbatore,West,2188,0.21,700.16
Snacks,Noodles,Coimbatore,West,1396,0.26,544.44
Beverages,Soft Drinks,Cumbum,West,2299,0.19,459.8
Beverages,Soft Drinks,Tirunelveli,West,1377,0.31,179.01
"Eggs, Meat & Fish",Chicken,Karur,West,676,0.26,223.08
Food Grains,Organic Staples,Perambalur,West,1920,0.29,403.2
Beverages,Soft Drinks,Trichy,West,1784,0.32,446
Snacks,Noodles,Virudhunagar,West,1285,0.17,359.8
Oil & Masala,Edible Oil & Ghee,Dindigul,West,1285,0.32,282.7
Snacks,Chocolates,Pudukottai,West,1150,0.29,425.5
Snacks,Cookies,Kanyakumari,West,515,0.3,30.9
Food Grains,Dals & Pulses,Trichy,West,2177,0.31,544.25
Oil & Masala,Spices,Viluppuram,West,2081,0.1,749.16
Oil & Masala,Edible Oil & Ghee,Chennai,West,2410,0.21,964
Oil & Masala,Spices,Kanyakumari,West,2430,0.28,388.8
Bakery,Cakes,Namakkal,West,1172,0.19,457.08
Beverages,Soft Drinks,Salem,West,1291,0.13,426.03
Beverages,Soft Drinks,Dindigul,West,1706,0.11,562.98
Beverages,Soft Drinks,Chennai,West,2322,0.26,1021.68
Bakery,Biscuits,Ramanadhapuram,West,1579,0.25,300.01
Food Grains,Dals & Pulses,Chennai,West,784,0.17,203.84
Beverages,Soft Drinks,Chennai,West,2173,0.35,347.68
Oil & Masala,Masalas,Namakkal,West,2425,0.25,218.25
"Eggs, Meat & Fish",Eggs,Vellore,West,1123,0.13,482.89
Snacks,Noodles,Kanyakumari,West,1543,0.16,246.88
Snacks,Cookies,Dharmapuri,West,1747,0.2,401.81
Bakery,Cakes,Viluppuram,West,1285,0.31,514
Snacks,Cookies,Virudhunagar,West,1932,0.21,656.88
Snacks,Noodles,Chennai,West,901,0.18,261.29
Oil & Masala,Masalas,Tenkasi,West,1174,0.23,223.06
Fruits & Veggies,Fresh Vegetables,Ooty,West,2207,0.32,176.56
Beverages,Soft Drinks,Salem,West,851,0.14,51.06
"Eggs, Meat & Fish",Chicken,Perambalur,West,931,0.24,335.16
Snacks,Cookies,Dharmapuri,West,867,0.26,190.74
Oil & Masala,Edible Oil & Ghee,Salem,West,1404,0.31,631.8
Bakery,Cakes,Perambalur,West,1439,0.2,546.82
Bakery,Biscuits,Namakkal,West,610,0.28,207.4
Bakery,Biscuits,Krishnagiri,West,2233,0.18,334.95
Snacks,Cookies,Tirunelveli,West,1752,0.23,385.44
Snacks,Cookies,Kanyakumari,West,2165,0.22,194.85
Bakery,Breads & Buns,Namakkal,West,1777,0.14,408.71
Oil & Masala,Spices,Madurai,West,2072,0.3,704.48
Beverages,Health Drinks,Pudukottai,West,1626,0.29,569.1
Bakery,Breads & Buns,Krishnagiri,West,609,0.24,146.16
Oil & Masala,Edible Oil & Ghee,Pudukottai,West,1807,0.15,795.08
"Eggs, Meat & Fish",Fish,Madurai,West,2285,0.14,388.45
Beverages,Soft Drinks,Vellore,West,2266,0.12,294.58
Bakery,Cakes,Dindigul,West,597,0.11,119.4
Oil & Masala,Edible Oil & Ghee,Trichy,West,1143,0.12,354.33
Fruits & Veggies,Fresh Fruits,Coimbatore,West,2061,0.27,370.98
Bakery,Breads & Buns,Krishnagiri,West,2399,0.2,431.82
"Eggs, Meat & Fish",Chicken,Dindigul,West,2293,0.25,642.04
Snacks,Noodles,Dindigul,West,938,0.16,206.36
Beverages,Health Drinks,Ooty,West,1343,0.21,335.75
Food Grains,Dals & Pulses,Nagercoil,West,2358,0.24,754.56
Oil & Masala,Edible Oil & Ghee,Tirunelveli,West,1742,0.31,661.96
"Eggs, Meat & Fish",Eggs,Dindigul,West,1940,0.35,155.2
Bakery,Breads & Buns,Krishnagiri,West,596,0.25,59.6
Bakery,Biscuits,Salem,West,2421,0.3,266.31
Snacks,Noodles,Dharmapuri,West,1255,0.14,338.85
Fruits & Veggies,Fresh Fruits,Ramanadhapuram,West,2254,0.31,698.74
Bakery,Biscuits,Pudukottai,West,1993,0.12,358.74
"Eggs, Meat & Fish",Chicken,Viluppuram,West,599,0.35,161.73
Fruits & Veggies,Organic Fruits,Dindigul,West,1122,0.25,415.14
Snacks,Noodles,Perambalur,West,2383,0.19,714.9
Snacks,Cookies,Theni,West,1111,0.12,488.84
Food Grains,Organic Staples,Dharmapuri,West,1062,0.17,74.34
Bakery,Breads & Buns,Bodi,West,625,0.11,200
Beverages,Health Drinks,Dharmapuri,West,1302,0.3,221.34
Snacks,Cookies,Tirunelveli,West,2246,0.27,157.22
Bakery,Breads & Buns,Ramanadhapuram,West,1729,0.34,743.47
"Eggs, Meat & Fish",Mutton,Salem,West,513,0.19,138.51
"Eggs, Meat & Fish",Fish,Theni,West,1005,0.14,412.05
Snacks,Chocolates,Namakkal,West,1512,0.33,408.24
Snacks,Cookies,Bodi,West,701,0.1,126.18
Oil & Masala,Masalas,Pudukottai,West,1536,0.35,460.8
Bakery,Biscuits,Vellore,West,1541,0.19,77.05
Food Grains,Dals & Pulses,Virudhunagar,West,884,0.35,141.44
Food Grains,Organic Staples,Dharmapuri,West,2269,0.34,839.53
"Eggs, Meat & Fish",Fish,Theni,West,1426,0.14,285.2
Beverages,Health Drinks,Pudukottai,West,900,0.12,54
Oil & Masala,Masalas,Madurai,West,1626,0.27,439.02
Snacks,Cookies,Virudhunagar,West,712,0.33,85.44
Food Grains,Organic Staples,Salem,West,1821,0.22,218.52
Oil & Masala,Spices,Chennai,West,1305,0.1,587.25
Fruits & Veggies,Fresh Vegetables,Karur,West,1569,0.27,596.22
Bakery,Cakes,Tirunelveli,West,1965,0.28,393
Beverages,Soft Drinks,Ramanadhapuram,West,1690,0.19,135.2
Oil & Masala,Spices,Salem,West,966,0.23,67.62
Oil & Masala,Masalas,Bodi,West,2141,0.16,942.04
Bakery,Breads & Buns,Tenkasi,West,1250,0.35,137.5
Snacks,Cookies,Coimbatore,West,2081,0.18,145.67
Snacks,Chocolates,Pudukottai,West,946,0.15,104.06
Beverages,Soft Drinks,Coimbatore,West,2151,0.24,623.79
Snacks,Noodles,Chennai,West,2076,0.1,373.68
Oil & Masala,Spices,Karur,West,1847,0.35,258.58
"Eggs, Meat & Fish",Chicken,Chennai,West,1337,0.1,147.07
"Eggs, Meat & Fish",Chicken,Karur,West,1568,0.33,360.64
Food Grains,Rice,Tenkasi,West,1706,0.33,716.52
Beverages,Soft Drinks,Dindigul,West,1514,0.1,439.06
Fruits & Veggies,Fresh Fruits,Karur,West,2158,0.35,237.38
"Eggs, Meat & Fish",Eggs,Cumbum,West,1541,0.16,431.48
Snacks,Cookies,Nagercoil,West,2283,0.28,639.24
Fruits & Veggies,Fresh Vegetables,Virudhunagar,West,923,0.15,119.99
Food Grains,Organic Staples,Chennai,West,745,0.24,238.4
Food Grains,Rice,Vellore,West,2462,0.28,246.2
Food Grains,Dals & Pulses,Theni,West,1791,0.35,483.57
Snacks,Chocolates,Dindigul,West,1186,0.12,415.1
Fruits & Veggies,Fresh Vegetables,Dindigul,West,1233,0.11,468.54
Beverages,Soft Drinks,Namakkal,West,2433,0.32,340.62
Fruits & Veggies,Fresh Fruits,Perambalur,West,901,0.19,90.1
Food Grains,Rice,Vellore,West,1680,0.16,537.6
Food Grains,Rice,Bodi,West,2050,0.14,389.5
Beverages,Soft Drinks,Pudukottai,West,841,0.11,285.94
Beverages,Health Drinks,Perambalur,West,672,0.24,94.08
Bakery,Breads & Buns,Vellore,West,1077,0.16,129.24
Bakery,Breads & Buns,Krishnagiri,West,578,0.22,138.72
Bakery,Breads & Buns,Madurai,West,2279,0.31,592.54
Food Grains,Rice,Vellore,West,1344,0.16,497.28
Beverages,Soft Drinks,Bodi,West,2438,0.11,365.7
Beverages,Health Drinks,Bodi,West,530,0.21,121.9
Food Grains,Atta & Flour,Krishnagiri,West,654,0.34,215.82
Oil & Masala,Spices,Nagercoil,West,1988,0.11,357.84
Food Grains,Organic Staples,Tenkasi,West,849,0.1,288.66
Food Grains,Rice,Viluppuram,West,1788,0.24,464.88
Fruits & Veggies,Organic Vegetables,Viluppuram,West,508,0.16,127
Beverages,Health Drinks,Viluppuram,West,611,0.3,140.53
Oil & Masala,Spices,Krishnagiri,West,925,0.12,314.5
Beverages,Health Drinks,Chennai,West,2063,0.14,144.41
Bakery,Breads & Buns,Vellore,West,2094,0.31,104.7
Food Grains,Organic Staples,Dindigul,West,1569,0.29,282.42
Beverages,Soft Drinks,Tenkasi,West,1892,0.32,718.96
Food Grains,Dals & Pulses,Virudhunagar,West,1500,0.21,630
Beverages,Soft Drinks,Theni,West,2100,0.34,651
Snacks,Noodles,Salem,West,2225,0.3,445
Beverages,Soft Drinks,Ooty,West,1632,0.24,603.84
"Eggs, Meat & Fish",Eggs,Salem,West,537,0.34,150.36
Bakery,Cakes,Chennai,West,1282,0.33,179.48
Bakery,Breads & Buns,Karur,West,1199,0.15,455.62
"Eggs, Meat & Fish",Eggs,Bodi,West,2060,0.14,206
Oil & Masala,Edible Oil & Ghee,Krishnagiri,West,2062,0.34,927.9
Bakery,Cakes,Bodi,West,509,0.26,25.45
Oil & Masala,Edible Oil & Ghee,Trichy,West,1907,0.16,324.19
Oil & Masala,Spices,Madurai,West,883,0.22,247.24
Bakery,Biscuits,Krishnagiri,West,2018,0.18,787.02
Beverages,Soft Drinks,Namakkal,West,777,0.16,194.25
Bakery,Biscuits,Nagercoil,West,1332,0.23,266.4
Food Grains,Organic Staples,Namakkal,West,776,0.34,155.2
Beverages,Soft Drinks,Trichy,West,1552,0.12,450.08
Food Grains,Organic Staples,Cumbum,West,1311,0.21,367.08
Fruits & Veggies,Organic Fruits,Coimbatore,West,723,0.27,79.53
Oil & Masala,Edible Oil & Ghee,Tenkasi,West,605,0.11,260.15
Fruits & Veggies,Organic Fruits,Chennai,West,666,0.14,286.38
Fruits & Veggies,Fresh Vegetables,Viluppuram,West,2199,0.13,615.72
Food Grains,Atta & Flour,Virudhunagar,West,1684,0.31,168.4
Food Grains,Dals & Pulses,Trichy,West,1857,0.17,148.56
Fruits & Veggies,Fresh Fruits,Vellore,West,1344,0.19,134.4
Fruits & Veggies,Organic Fruits,Virudhunagar,West,1107,0.23,221.4
Fruits & Veggies,Fresh Fruits,Coimbatore,West,670,0.31,107.2
Bakery,Biscuits,Trichy,West,794,0.28,230.26
Snacks,Cookies,Vellore,West,2223,0.2,222.3
"Eggs, Meat & Fish",Eggs,Perambalur,West,2094,0.33,167.52
Food Grains,Atta & Flour,Viluppuram,West,665,0.19,259.35
Snacks,Chocolates,Cumbum,West,1908,0.27,534.24
Bakery,Biscuits,Chennai,West,2494,0.22,648.44
Oil & Masala,Edible Oil & Ghee,Dharmapuri,West,1249,0.29,399.68
Snacks,Cookies,Coimbatore,West,542,0.16,184.28
Snacks,Cookies,Cumbum,West,1844,0.25,811.36
Beverages,Soft Drinks,Dindigul,West,1682,0.29,740.08
Beverages,Soft Drinks,Tirunelveli,West,860,0.13,275.2
Snacks,Cookies,Krishnagiri,West,717,0.11,186.42
Bakery,Breads & Buns,Dindigul,West,862,0.32,379.28
Oil & Masala,Spices,Kanyakumari,West,1237,0.15,457.69
Oil & Masala,Masalas,Tirunelveli,West,1934,0.26,212.74
Bakery,Cakes,Trichy,West,2498,0.15,524.58
"Eggs, Meat & Fish",Chicken,Bodi,West,562,0.24,151.74
Fruits & Veggies,Organic Fruits,Dharmapuri,West,2270,0.2,885.3
Oil & Masala,Spices,Viluppuram,West,976,0.21,341.6
Snacks,Noodles,Vellore,West,2355,0.18,894.9
Beverages,Soft Drinks,Kanyakumari,West,1454,0.26,596.14
Snacks,Chocolates,Perambalur,West,2352,0.25,1058.4
Bakery,Biscuits,Tenkasi,West,694,0.28,90.22
Food Grains,Dals & Pulses,Bodi,West,2430,0.29,170.1
"Eggs, Meat & Fish",Fish,Karur,West,616,0.23,215.6
"Eggs, Meat & Fish",Mutton,Krishnagiri,West,1482,0.3,652.08
Fruits & Veggies,Fresh Fruits,Chennai,West,876,0.31,122.64
Snacks,Noodles,Ramanadhapuram,West,533,0.13,143.91
Oil & Masala,Spices,Ooty,West,921,0.18,267.09
Fruits & Veggies,Organic Fruits,Karur,West,1955,0.17,762.45
Beverages,Soft Drinks,Nagercoil,West,753,0.13,75.3
Oil & Masala,Masalas,Kanyakumari,West,886,0.21,212.64
Snacks,Cookies,Namakkal,West,1301,0.14,351.27
Beverages,Health Drinks,Trichy,West,1277,0.35,242.63
Snacks,Noodles,Kanyakumari,Central,1961,0.14,627.52
Food Grains,Atta & Flour,Namakkal,Central,1838,0.14,716.82
Oil & Masala,Masalas,Viluppuram,Central,734,0.35,110.1
Bakery,Breads & Buns,Tenkasi,Central,856,0.3,325.28
Bakery,Biscuits,Viluppuram,Central,702,0.31,231.66
Beverages,Soft Drinks,Tenkasi,Central,1391,0.1,403.39
Beverages,Health Drinks,Kanyakumari,Central,997,0.14,199.4
Food Grains,Dals & Pulses,Bodi,Central,2283,0.14,1027.35
Oil & Masala,Masalas,Viluppuram,Central,1745,0.2,296.65
Fruits & Veggies,Fresh Vegetables,Coimbatore,Central,847,0.27,296.45
Food Grains,Atta & Flour,Madurai,Central,1578,0.26,615.42
Oil & Masala,Spices,Ooty,Central,1643,0.26,246.45
Food Grains,Dals & Pulses,Madurai,Central,1246,0.17,62.3
"Eggs, Meat & Fish",Mutton,Coimbatore,Central,1115,0.17,289.9
Snacks,Chocolates,Tirunelveli,Central,1958,0.32,606.98
Bakery,Breads & Buns,Madurai,Central,1913,0.18,803.46
Fruits & Veggies,Fresh Fruits,Tenkasi,Central,2293,0.21,183.44
Snacks,Chocolates,Vellore,Central,1053,0.23,410.67
Fruits & Veggies,Organic Vegetables,Ramanadhapuram,Central,870,0.19,374.1
Beverages,Soft Drinks,Viluppuram,Central,2489,0.29,597.36
Bakery,Biscuits,Pudukottai,Central,2245,0.32,269.4
Snacks,Chocolates,Ooty,Central,658,0.18,223.72
"Eggs, Meat & Fish",Chicken,Krishnagiri,Central,2251,0.22,900.4
Oil & Masala,Masalas,Viluppuram,East,2395,0.35,862.2
Snacks,Chocolates,Trichy,East,809,0.33,72.81
"Eggs, Meat & Fish",Fish,Virudhunagar,East,1507,0.13,587.73
Snacks,Cookies,Virudhunagar,East,505,0.21,35.35
Food Grains,Organic Staples,Bodi,East,1981,0.18,158.48
Beverages,Health Drinks,Dharmapuri,East,2414,0.19,772.48
"Eggs, Meat & Fish",Eggs,Namakkal,East,1690,0.31,321.1
Fruits & Veggies,Organic Fruits,Namakkal,East,916,0.2,283.96
Beverages,Health Drinks,Salem,East,1210,0.25,84.7
Food Grains,Atta & Flour,Karur,East,1874,0.32,787.08
Snacks,Cookies,Ramanadhapuram,East,1153,0.11,495.79
Snacks,Chocolates,Ramanadhapuram,East,1046,0.1,397.48
Snacks,Chocolates,Krishnagiri,East,2023,0.18,161.84
Beverages,Soft Drinks,Kanyakumari,East,1304,0.25,352.08
Food Grains,Atta & Flour,Ooty,East,2266,0.21,339.9
"Eggs, Meat & Fish",Mutton,Kanyakumari,East,944,0.22,330.4
"Eggs, Meat & Fish",Fish,Perambalur,East,1646,0.33,213.98
Beverages,Soft Drinks,Cumbum,East,1949,0.25,857.56
"Eggs, Meat & Fish",Fish,Perambalur,East,2399,0.29,1007.58
Beverages,Health Drinks,Chennai,East,1405,0.2,351.25
Snacks,Noodles,Krishnagiri,East,1256,0.32,113.04
Bakery,Breads & Buns,Tenkasi,East,815,0.34,154.85
Bakery,Cakes,Ramanadhapuram,East,596,0.24,59.6
Fruits & Veggies,Fresh Vegetables,Virudhunagar,East,721,0.12,324.45
"Eggs, Meat & Fish",Fish,Pudukottai,East,2420,0.34,847
Bakery,Breads & Buns,Madurai,East,1570,0.32,675.1
Beverages,Soft Drinks,Theni,East,1417,0.27,637.65
Fruits & Veggies,Fresh Vegetables,Dindigul,East,2384,0.18,596
Oil & Masala,Edible Oil & Ghee,Krishnagiri,East,2273,0.13,295.49
Snacks,Noodles,Virudhunagar,East,2250,0.3,675
Bakery,Cakes,Namakkal,East,1828,0.35,712.92
Fruits & Veggies,Fresh Fruits,Nagercoil,East,2108,0.31,231.88
Fruits & Veggies,Fresh Fruits,Perambalur,East,1759,0.21,686.01
Food Grains,Dals & Pulses,Kanyakumari,East,929,0.22,167.22
Oil & Masala,Edible Oil & Ghee,Viluppuram,East,1464,0.3,527.04
Bakery,Cakes,Krishnagiri,East,1501,0.35,255.17
Food Grains,Dals & Pulses,Chennai,East,2258,0.29,361.28
Oil & Masala,Masalas,Pudukottai,East,1173,0.15,480.93
Bakery,Biscuits,Dharmapuri,East,2481,0.16,769.11
Food Grains,Atta & Flour,Ooty,East,1180,0.17,70.8
Oil & Masala,Masalas,Vellore,East,828,0.17,256.68
Fruits & Veggies,Fresh Fruits,Chennai,East,843,0.13,160.17
Snacks,Cookies,Salem,East,1475,0.28,354
Food Grains,Dals & Pulses,Trichy,East,1599,0.33,543.66
"Eggs, Meat & Fish",Fish,Chennai,East,1781,0.32,676.78
Beverages,Soft Drinks,Salem,East,666,0.33,219.78
Bakery,Cakes,Virudhunagar,South,1447,0.17,115.76
Beverages,Health Drinks,Virudhunagar,South,1726,0.34,120.82
Oil & Masala,Masalas,Virudhunagar,South,524,0.14,31.44
Fruits & Veggies,Fresh Fruits,Ramanadhapuram,South,1795,0.12,107.7
Snacks,Noodles,Virudhunagar,South,2075,0.23,622.5
"Eggs, Meat & Fish",Eggs,Trichy,South,638,0.29,70.18
Food Grains,Rice,Bodi,South,2403,0.33,1033.29
Bakery,Biscuits,Ooty,South,1883,0.1,301.28
Bakery,Biscuits,Virudhunagar,South,1613,0.28,419.38
Bakery,Biscuits,Perambalur,South,1127,0.34,281.75
Bakery,Breads & Buns,Coimbatore,South,994,0.34,377.72
Snacks,Chocolates,Pudukottai,South,1159,0.12,220.21
Food Grains,Rice,Kanyakumari,South,1416,0.29,198.24
"Eggs, Meat & Fish",Mutton,Krishnagiri,South,1242,0.29,558.9
Fruits & Veggies,Fresh Vegetables,Theni,South,1964,0.33,157.12
"Eggs, Meat & Fish",Fish,Dindigul,South,1480,0.28,621.6
Fruits & Veggies,Organic Fruits,Krishnagiri,South,2415,0.22,869.4
Food Grains,Atta & Flour,Krishnagiri,South,839,0.29,218.14
Bakery,Biscuits,Madurai,South,1958,0.34,724.46
Bakery,Cakes,Ooty,South,1539,0.11,430.92
Snacks,Chocolates,Virudhunagar,South,1591,0.14,143.19
Snacks,Cookies,Dindigul,West,1957,0.32,841.51
Snacks,Noodles,Salem,West,907,0.18,217.68
Bakery,Breads & Buns,Ramanadhapuram,West,1036,0.27,269.36
Food Grains,Organic Staples,Salem,West,998,0.13,269.46
Oil & Masala,Edible Oil & Ghee,Madurai,West,862,0.35,293.08
Snacks,Noodles,Tirunelveli,West,2313,0.22,578.25
Beverages,Soft Drinks,Chennai,West,2266,0.32,997.04
Bakery,Biscuits,Theni,West,868,0.21,373.24
"Eggs, Meat & Fish",Mutton,Madurai,West,1275,0.13,433.5
"Eggs, Meat & Fish",Chicken,Nagercoil,West,1853,0.24,148.24
Oil & Masala,Edible Oil & Ghee,Trichy,West,2226,0.16,511.98
"Eggs, Meat & Fish",Mutton,Bodi,West,1514,0.32,514.76
Fruits & Veggies,Fresh Vegetables,Dindigul,West,1663,0.11,432.38
Bakery,Cakes,Tirunelveli,West,2099,0.12,272.87
Beverages,Health Drinks,Virudhunagar,West,1036,0.13,424.76
"Eggs, Meat & Fish",Chicken,Viluppuram,West,2432,0.34,267.52
Food Grains,Organic Staples,Cumbum,West,2283,0.13,890.37
Bakery,Biscuits,Tenkasi,West,2212,0.2,243.32
"Eggs, Meat & Fish",Fish,Tenkasi,West,1531,0.27,275.58
Oil & Masala,Edible Oil & Ghee,Viluppuram,West,1299,0.31,558.57
Beverages,Health Drinks,Coimbatore,West,1538,0.24,384.5
Bakery,Breads & Buns,Perambalur,West,1684,0.35,740.96
"Eggs, Meat & Fish",Eggs,Viluppuram,West,1823,0.11,182.3
Fruits & Veggies,Fresh Fruits,Nagercoil,West,600,0.25,120
Beverages,Soft Drinks,Salem,West,1928,0.1,674.8
Bakery,Breads & Buns,Chennai,West,981,0.21,441.45
"Eggs, Meat & Fish",Chicken,Cumbum,West,1408,0.18,126.72
Fruits & Veggies,Fresh Vegetables,Madurai,West,1370,0.12,232.9
Snacks,Noodles,Pudukottai,West,1135,0.25,329.15
Oil & Masala,Edible Oil & Ghee,Trichy,West,2051,0.26,922.95
Oil & Masala,Spices,Nagercoil,West,1712,0.17,154.08
"Eggs, Meat & Fish",Chicken,Bodi,West,2200,0.33,396
Food Grains,Dals & Pulses,Pudukottai,West,2319,0.21,533.37
Bakery,Breads & Buns,Bodi,West,1160,0.27,243.6
Food Grains,Dals & Pulses,Madurai,West,1306,0.34,261.2
Beverages,Soft Drinks,Perambalur,West,2018,0.18,161.44
Oil & Masala,Masalas,Cumbum,West,807,0.13,112.98
Fruits & Veggies,Fresh Fruits,Perambalur,West,1616,0.31,517.12
Fruits & Veggies,Organic Fruits,Namakkal,West,1012,0.3,333.96
Snacks,Cookies,Dindigul,West,1271,0.25,190.65
Food Grains,Atta & Flour,Krishnagiri,Central,885,0.1,203.55
Food Grains,Rice,Namakkal,Central,1412,0.31,127.08
Fruits & Veggies,Organic Fruits,Ooty,Central,1549,0.34,77.45
Bakery,Biscuits,Dindigul,Central,2089,0.19,919.16
Snacks,Chocolates,Namakkal,Central,1503,0.32,180.36
Oil & Masala,Masalas,Bodi,Central,2477,0.16,594.48
Food Grains,Rice,Krishnagiri,Central,1653,0.14,247.95
Oil & Masala,Masalas,Ramanadhapuram,Central,1057,0.25,179.69
Bakery,Breads & Buns,Viluppuram,Central,2223,0.27,689.13
Fruits & Veggies,Organic Fruits,Coimbatore,Central,587,0.29,223.06
Fruits & Veggies,Fresh Vegetables,Karur,Central,2498,0.24,224.82
Beverages,Soft Drinks,Ramanadhapuram,Central,2434,0.29,1095.3
Snacks,Noodles,Theni,Central,1939,0.16,135.73
Snacks,Noodles,Tenkasi,Central,1062,0.16,95.58
"Eggs, Meat & Fish",Chicken,Karur,East,2448,0.14,807.84
Beverages,Soft Drinks,Karur,East,1838,0.2,533.02
Beverages,Soft Drinks,Madurai,East,1207,0.29,241.4
"Eggs, Meat & Fish",Eggs,Viluppuram,East,2230,0.24,691.3
"Eggs, Meat & Fish",Eggs,Dharmapuri,East,1044,0.2,83.52
Bakery,Cakes,Cumbum,East,755,0.26,271.8
Fruits & Veggies,Organic Vegetables,Tirunelveli,East,517,0.3,170.61
Bakery,Cakes,Perambalur,East,2390,0.19,167.3
"Eggs, Meat & Fish",Eggs,Vellore,East,1693,0.22,643.34
Fruits & Veggies,Organic Fruits,Salem,East,1238,0.2,495.2
Bakery,Cakes,Chennai,East,507,0.16,35.49
Food Grains,Dals & Pulses,Cumbum,East,502,0.27,225.9
Oil & Masala,Masalas,Nagercoil,East,1530,0.28,428.4
"Eggs, Meat & Fish",Chicken,Perambalur,East,2042,0.18,408.4
Snacks,Cookies,Pudukottai,East,1876,0.19,806.68
Snacks,Chocolates,Ooty,East,700,0.24,70
Snacks,Cookies,Karur,East,1638,0.2,196.56
Fruits & Veggies,Fresh Vegetables,Nagercoil,South,1343,0.25,282.03
Snacks,Chocolates,Viluppuram,South,2268,0.24,1020.6
Fruits & Veggies,Organic Vegetables,Perambalur,South,2465,0.19,1084.6
Snacks,Noodles,Karur,South,2187,0.1,765.45
Oil & Masala,Masalas,Karur,South,1755,0.18,508.95
Bakery,Breads & Buns,Theni,South,1345,0.19,564.9
Fruits & Veggies,Organic Fruits,Theni,South,1061,0.24,318.3
Fruits & Veggies,Organic Fruits,Theni,South,2473,0.25,717.17
"Eggs, Meat & Fish",Fish,Salem,South,1289,0.17,412.48
Food Grains,Organic Staples,Tirunelveli,South,1303,0.32,547.26
Beverages,Soft Drinks,Namakkal,South,2423,0.16,533.06
Beverages,Health Drinks,Dindigul,West,2348,0.32,986.16
Bakery,Cakes,Pudukottai,West,2268,0.19,476.28
Food Grains,Atta & Flour,Viluppuram,West,1898,0.31,512.46
Oil & Masala,Masalas,Bodi,West,1158,0.14,138.96
Oil & Masala,Masalas,Dindigul,West,1541,0.2,600.99
Fruits & Veggies,Organic Fruits,Viluppuram,West,2388,0.28,214.92
Food Grains,Dals & Pulses,Tirunelveli,West,2484,0.16,869.4
Oil & Masala,Spices,Madurai,West,917,0.17,183.4
Food Grains,Rice,Madurai,West,1123,0.31,56.15
Snacks,Cookies,Cumbum,West,1646,0.35,246.9
Oil & Masala,Masalas,Karur,West,1532,0.32,91.92
Food Grains,Atta & Flour,Viluppuram,West,2261,0.34,972.23
Bakery,Breads & Buns,Dharmapuri,West,2139,0.2,641.7
Oil & Masala,Spices,Tirunelveli,West,1836,0.28,385.56
Fruits & Veggies,Fresh Vegetables,Dindigul,Central,874,0.34,253.46
Snacks,Chocolates,Kanyakumari,Central,640,0.22,44.8
"Eggs, Meat & Fish",Fish,Kanyakumari,Central,1868,0.26,616.44
Oil & Masala,Edible Oil & Ghee,Ooty,Central,726,0.34,36.3
Bakery,Cakes,Dindigul,Central,723,0.3,72.3
"Eggs, Meat & Fish",Mutton,Chennai,Central,2226,0.23,200.34
Snacks,Cookies,Bodi,Central,1512,0.14,105.84
Beverages,Health Drinks,Nagercoil,Central,959,0.23,201.39
Fruits & Veggies,Fresh Fruits,Cumbum,Central,894,0.18,232.44
"Eggs, Meat & Fish",Mutton,Krishnagiri,Central,2474,0.21,272.14
Fruits & Veggies,Organic Vegetables,Chennai,Central,1794,0.17,699.66
Snacks,Cookies,Kanyakumari,Central,2280,0.28,820.8
Fruits & Veggies,Organic Vegetables,Virudhunagar,Central,2389,0.24,907.82
Fruits & Veggies,Fresh Fruits,Tirunelveli,Central,536,0.22,209.04
Food Grains,Organic Staples,Ramanadhapuram,Central,669,0.12,294.36
Oil & Masala,Spices,Chennai,Central,600,0.3,72
Beverages,Soft Drinks,Karur,Central,2235,0.1,894
Snacks,Chocolates,Trichy,Central,1053,0.29,442.26
Beverages,Soft Drinks,Chennai,Central,932,0.15,316.88
Snacks,Chocolates,Dindigul,Central,1203,0.34,324.81
Bakery,Breads & Buns,Coimbatore,Central,542,0.24,81.3
Fruits & Veggies,Fresh Fruits,Salem,Central,2079,0.24,519.75
Snacks,Noodles,Ooty,Central,1394,0.18,236.98
Oil & Masala,Spices,Ramanadhapuram,Central,2310,0.18,600.6
"Eggs, Meat & Fish",Fish,Karur,Central,1431,0.2,286.2
Food Grains,Dals & Pulses,Trichy,Central,1975,0.16,849.25
"Eggs, Meat & Fish",Fish,Karur,Central,864,0.25,86.4
Oil & Masala,Edible Oil & Ghee,Kanyakumari,Central,1985,0.13,397
"Eggs, Meat & Fish",Mutton,Viluppuram,Central,1371,0.25,191.94
"Eggs, Meat & Fish",Eggs,Ooty,Central,777,0.28,341.88
Food Grains,Rice,Vellore,Central,2330,0.23,1001.9
Fruits & Veggies,Fresh Vegetables,Chennai,Central,547,0.23,153.16
Beverages,Health Drinks,Pudukottai,Central,839,0.15,159.41
Snacks,Noodles,Namakkal,Central,1848,0.2,462
Fruits & Veggies,Fresh Fruits,Krishnagiri,Central,1018,0.11,244.32
Fruits & Veggies,Fresh Fruits,Coimbatore,Central,2117,0.3,127.02
"Eggs, Meat & Fish",Eggs,Cumbum,East,1055,0.32,94.95
Oil & Masala,Spices,Tirunelveli,East,1089,0.32,141.57
Bakery,Biscuits,Bodi,East,2321,0.11,974.82
Oil & Masala,Masalas,Coimbatore,East,840,0.25,361.2
Oil & Masala,Edible Oil & Ghee,Dindigul,East,1317,0.26,223.89
Fruits & Veggies,Fresh Fruits,Ooty,East,2186,0.24,546.5
Beverages,Health Drinks,Pudukottai,East,2483,0.21,744.9
Oil & Masala,Masalas,Tirunelveli,East,558,0.33,61.38
Fruits & Veggies,Fresh Vegetables,Tenkasi,East,1290,0.34,503.1
Food Grains,Dals & Pulses,Bodi,East,1699,0.26,101.94
"Eggs, Meat & Fish",Eggs,Salem,East,637,0.25,248.43
Snacks,Chocolates,Tirunelveli,East,948,0.35,75.84
Bakery,Cakes,Nagercoil,East,1766,0.22,317.88
"Eggs, Meat & Fish",Fish,Chennai,East,797,0.17,135.49
Snacks,Chocolates,Viluppuram,East,1002,0.21,200.4
Beverages,Health Drinks,Ramanadhapuram,East,633,0.21,151.92
"Eggs, Meat & Fish",Chicken,Viluppuram,East,887,0.35,301.58
"Eggs, Meat & Fish",Fish,Bodi,East,1768,0.17,335.92
Food Grains,Dals & Pulses,Krishnagiri,East,2274,0.24,750.42
Food Grains,Atta & Flour,Salem,East,2405,0.22,793.65
Fruits & Veggies,Fresh Fruits,Coimbatore,East,2395,0.28,1053.8
Food Grains,Rice,Coimbatore,East,1597,0.15,351.34
"Eggs, Meat & Fish",Eggs,Chennai,East,1673,0.17,368.06
Fruits & Veggies,Organic Vegetables,Pudukottai,East,1211,0.26,266.42
Oil & Masala,Masalas,Pudukottai,East,1890,0.35,378
Snacks,Cookies,Namakkal,East,781,0.23,351.45
Food Grains,Rice,Namakkal,East,1097,0.18,460.74
Fruits & Veggies,Organic Fruits,Tirunelveli,East,1140,0.29,114
Food Grains,Atta & Flour,Ooty,East,2227,0.19,690.37
Food Grains,Atta & Flour,Pudukottai,East,2190,0.17,175.2
Beverages,Health Drinks,Ramanadhapuram,East,1710,0.2,102.6
Beverages,Health Drinks,Kanyakumari,East,583,0.21,46.64
Fruits & Veggies,Organic Vegetables,Nagercoil,East,543,0.18,244.35
"Eggs, Meat & Fish",Mutton,Pudukottai,East,1887,0.25,547.23
"Eggs, Meat & Fish",Fish,Madurai,East,2421,0.33,919.98
Oil & Masala,Masalas,Tirunelveli,East,2097,0.17,733.95
Beverages,Soft Drinks,Dindigul,East,2410,0.27,457.9
Oil & Masala,Spices,Ooty,East,1947,0.24,194.7
Oil & Masala,Spices,Nagercoil,East,2466,0.26,295.92
Food Grains,Organic Staples,Theni,East,884,0.15,176.8
Snacks,Cookies,Virudhunagar,East,672,0.31,114.24
Fruits & Veggies,Fresh Fruits,Theni,East,1068,0.34,331.08
Fruits & Veggies,Fresh Vegetables,Dharmapuri,East,2126,0.28,425.2
Bakery,Biscuits,Karur,East,865,0.13,233.55
Beverages,Health Drinks,Theni,East,1303,0.18,221.51
Oil & Masala,Spices,Chennai,East,830,0.21,348.6
Oil & Masala,Spices,Krishnagiri,East,795,0.15,127.2
Bakery,Biscuits,Madurai,East,2292,0.25,229.2
Snacks,Cookies,Ooty,East,1087,0.18,173.92
Snacks,Chocolates,Kanyakumari,East,2043,0.16,143.01
Bakery,Biscuits,Perambalur,South,860,0.19,206.4
Bakery,Cakes,Cumbum,South,846,0.35,42.3
Bakery,Biscuits,Theni,South,565,0.31,62.15
"Eggs, Meat & Fish",Eggs,Tirunelveli,South,1464,0.35,146.4
Oil & Masala,Spices,Trichy,South,760,0.29,281.2
"Eggs, Meat & Fish",Chicken,Vellore,South,2426,0.22,970.4
Snacks,Noodles,Cumbum,South,1050,0.19,472.5
Snacks,Chocolates,Coimbatore,South,868,0.32,147.56
Fruits & Veggies,Organic Vegetables,Salem,South,1265,0.34,392.15
Fruits & Veggies,Fresh Vegetables,Theni,South,1949,0.31,545.72
Food Grains,Organic Staples,Kanyakumari,South,2353,0.17,1011.79
Fruits & Veggies,Fresh Fruits,Coimbatore,South,2200,0.27,902
Food Grains,Dals & Pulses,Nagercoil,South,2053,0.23,739.08
Food Grains,Atta & Flour,Tenkasi,South,2325,0.12,1046.25
"Eggs, Meat & Fish",Chicken,Coimbatore,South,2415,0.15,120.75
Oil & Masala,Masalas,Cumbum,South,537,0.34,53.7
Food Grains,Organic Staples,Namakkal,South,1273,0.24,343.71
Beverages,Soft Drinks,Pudukottai,South,1867,0.24,448.08
Food Grains,Dals & Pulses,Madurai,South,2298,0.18,505.56
Oil & Masala,Masalas,Coimbatore,South,682,0.31,170.5
Bakery,Cakes,Salem,South,2126,0.35,935.44
"Eggs, Meat & Fish",Eggs,Pudukottai,West,1878,0.18,131.46
Oil & Masala,Spices,Kanyakumari,West,1202,0.2,168.28
Beverages,Health Drinks,Kanyakumari,West,1867,0.34,317.39
Snacks,Cookies,Viluppuram,West,639,0.21,166.14
Beverages,Health Drinks,Chennai,West,739,0.19,169.97
Snacks,Chocolates,Nagercoil,West,2050,0.12,676.5
Oil & Masala,Spices,Vellore,West,2498,0.29,749.4
"Eggs, Meat & Fish",Mutton,Karur,West,2380,0.35,214.2
Snacks,Chocolates,Ooty,West,1789,0.29,178.9
Food Grains,Rice,Viluppuram,West,1736,0.22,711.76
"Eggs, Meat & Fish",Chicken,Ramanadhapuram,West,2399,0.13,359.85
Bakery,Breads & Buns,Pudukottai,West,2191,0.24,832.58
Oil & Masala,Masalas,Kanyakumari,West,2114,0.15,486.22
Oil & Masala,Spices,Ooty,West,1040,0.1,52
Fruits & Veggies,Organic Vegetables,Kanyakumari,West,1957,0.29,743.66
Bakery,Cakes,Nagercoil,West,2343,0.33,773.19
"Eggs, Meat & Fish",Eggs,Krishnagiri,West,1748,0.2,87.4
Oil & Masala,Masalas,Namakkal,West,888,0.11,248.64
Oil & Masala,Spices,Bodi,West,1141,0.23,171.15
Snacks,Noodles,Bodi,West,1787,0.11,661.19
Snacks,Cookies,Madurai,West,1360,0.33,340
Fruits & Veggies,Organic Fruits,Cumbum,West,1699,0.21,84.95
Fruits & Veggies,Organic Vegetables,Namakkal,West,1183,0.28,485.03
Snacks,Noodles,Ooty,West,862,0.29,103.44
"Eggs, Meat & Fish",Mutton,Bodi,West,538,0.21,118.36
Bakery,Biscuits,Ramanadhapuram,West,644,0.22,167.44
Bakery,Breads & Buns,Salem,West,2025,0.16,405
Bakery,Cakes,Perambalur,West,1889,0.22,113.34
"Eggs, Meat & Fish",Fish,Virudhunagar,West,1155,0.22,334.95
Oil & Masala,Masalas,Cumbum,West,629,0.33,194.99
Oil & Masala,Edible Oil & Ghee,Tirunelveli,West,1212,0.12,109.08
Bakery,Biscuits,Vellore,West,2039,0.16,876.77
Fruits & Veggies,Fresh Vegetables,Chennai,West,2113,0.18,169.04
"Eggs, Meat & Fish",Chicken,Vellore,West,527,0.22,184.45
Bakery,Biscuits,Tirunelveli,West,2353,0.13,588.25
Beverages,Health Drinks,Bodi,West,1652,0.16,280.84
Beverages,Soft Drinks,Virudhunagar,West,1476,0.25,457.56
Oil & Masala,Edible Oil & Ghee,Viluppuram,West,2115,0.3,803.7
Fruits & Veggies,Fresh Fruits,Cumbum,West,2373,0.16,355.95
Beverages,Soft Drinks,Karur,West,2238,0.26,447.6
Snacks,Noodles,Coimbatore,West,1393,0.25,515.41
Snacks,Cookies,Tenkasi,West,1056,0.14,359.04
Beverages,Soft Drinks,Salem,West,1813,0.11,199.43
Snacks,Cookies,Perambalur,West,1052,0.19,252.48
Food Grains,Atta & Flour,Madurai,West,1722,0.18,309.96
Bakery,Cakes,Ramanadhapuram,West,659,0.15,230.65
"Eggs, Meat & Fish",Mutton,Tirunelveli,West,1841,0.3,644.35
Fruits & Veggies,Organic Vegetables,Salem,Central,1908,0.1,744.12
Beverages,Health Drinks,Perambalur,Central,1610,0.34,531.3
Fruits & Veggies,Organic Vegetables,Tenkasi,Central,1294,0.24,439.96
Oil & Masala,Edible Oil & Ghee,Madurai,Central,2181,0.21,697.92
Beverages,Soft Drinks,Theni,Central,532,0.3,63.84
Beverages,Health Drinks,Namakkal,Central,651,0.16,240.87
Beverages,Soft Drinks,Nagercoil,Central,920,0.29,64.4
"Eggs, Meat & Fish",Fish,Cumbum,Central,595,0.35,178.5
"Eggs, Meat & Fish",Mutton,Kanyakumari,Central,1195,0.33,478
"Eggs, Meat & Fish",Eggs,Ooty,Central,2038,0.29,733.68
Bakery,Breads & Buns,Virudhunagar,Central,974,0.19,185.06
Snacks,Chocolates,Karur,Central,1272,0.26,508.8
Snacks,Noodles,Perambalur,Central,1278,0.15,575.1
Beverages,Health Drinks,Bodi,Central,1727,0.2,189.97
Food Grains,Rice,Tenkasi,Central,2108,0.13,653.48
Oil & Masala,Spices,Theni,Central,2345,0.11,422.1
"Eggs, Meat & Fish",Eggs,Karur,Central,964,0.14,318.12
Food Grains,Atta & Flour,Krishnagiri,Central,552,0.14,138
Bakery,Breads & Buns,Dharmapuri,Central,2266,0.32,362.56
Fruits & Veggies,Organic Vegetables,Nagercoil,Central,1193,0.27,202.81
"Eggs, Meat & Fish",Fish,Madurai,Central,2139,0.13,213.9
"Eggs, Meat & Fish",Chicken,Vellore,Central,1555,0.3,93.3
"Eggs, Meat & Fish",Chicken,Madurai,Central,1936,0.27,425.92
"Eggs, Meat & Fish",Fish,Trichy,Central,2459,0.34,1008.19
Fruits & Veggies,Fresh Fruits,Virudhunagar,Central,2106,0.17,926.64
Oil & Masala,Spices,Nagercoil,Central,883,0.18,220.75
Oil & Masala,Masalas,Dharmapuri,Central,1034,0.14,268.84
Snacks,Noodles,Vellore,Central,1571,0.21,219.94
"Eggs, Meat & Fish",Eggs,Bodi,Central,2117,0.13,910.31
"Eggs, Meat & Fish",Eggs,Coimbatore,Central,1149,0.27,333.21
"Eggs, Meat & Fish",Chicken,Coimbatore,Central,1908,0.29,782.28
Bakery,Breads & Buns,Ramanadhapuram,Central,1932,0.35,270.48
Food Grains,Atta & Flour,Viluppuram,Central,1081,0.25,140.53
Bakery,Biscuits,Coimbatore,Central,619,0.13,198.08
Bakery,Cakes,Madurai,Central,765,0.13,114.75
"Eggs, Meat & Fish",Fish,Krishnagiri,Central,2463,0.33,221.67
Oil & Masala,Spices,Ramanadhapuram,Central,1350,0.14,108
Bakery,Biscuits,Dindigul,Central,2403,0.17,360.45
Bakery,Cakes,Madurai,Central,2262,0.16,452.4
Oil & Masala,Masalas,Theni,Central,523,0.3,120.29
Bakery,Cakes,Namakkal,Central,1972,0.15,571.88
Bakery,Breads & Buns,Pudukottai,Central,2078,0.26,831.2
"Eggs, Meat & Fish",Fish,Tenkasi,Central,2336,0.16,630.72
Oil & Masala,Edible Oil & Ghee,Cumbum,Central,1450,0.18,232
Bakery,Biscuits,Vellore,Central,991,0.1,416.22
Snacks,Noodles,Bodi,Central,984,0.2,393.6
Fruits & Veggies,Organic Fruits,Kanyakumari,Central,2448,0.27,538.56
Food Grains,Dals & Pulses,Namakkal,Central,2150,0.13,322.5
Oil & Masala,Edible Oil & Ghee,Viluppuram,Central,936,0.33,56.16
Snacks,Chocolates,Cumbum,Central,526,0.18,231.44
Fruits & Veggies,Fresh Fruits,Namakkal,Central,1523,0.35,487.36
Bakery,Cakes,Namakkal,Central,1097,0.15,186.49
Snacks,Chocolates,Nagercoil,Central,661,0.15,271.01
Bakery,Breads & Buns,Bodi,Central,2143,0.28,535.75
"Eggs, Meat & Fish",Chicken,Tirunelveli,Central,2081,0.28,187.29
Fruits & Veggies,Organic Fruits,Namakkal,Central,561,0.11,61.71
"Eggs, Meat & Fish",Chicken,Nagercoil,Central,1804,0.21,288.64
Fruits & Veggies,Organic Fruits,Dindigul,Central,532,0.25,175.56
Snacks,Chocolates,Coimbatore,Central,1130,0.33,67.8
Fruits & Veggies,Organic Fruits,Nagercoil,Central,1615,0.29,646
Snacks,Noodles,Trichy,Central,1076,0.3,258.24
Oil & Masala,Masalas,Vellore,Central,2125,0.2,318.75
Snacks,Chocolates,Virudhunagar,Central,616,0.21,178.64
Snacks,Cookies,Ooty,Central,637,0.13,31.85
Snacks,Cookies,Vellore,Central,1969,0.22,295.35
"Eggs, Meat & Fish",Fish,Krishnagiri,Central,2330,0.16,768.9
Beverages,Health Drinks,Dindigul,Central,1690,0.14,608.4
Snacks,Chocolates,Tirunelveli,Central,1405,0.14,126.45
Food Grains,Dals & Pulses,Namakkal,Central,985,0.32,216.7
Snacks,Cookies,Theni,Central,2202,0.34,616.56
Fruits & Veggies,Fresh Fruits,Karur,Central,1808,0.34,578.56
Fruits & Veggies,Organic Fruits,Tenkasi,Central,630,0.22,214.2
Beverages,Soft Drinks,Trichy,Central,1350,0.28,567
"Eggs, Meat & Fish",Eggs,Coimbatore,Central,2323,0.29,394.91
"Eggs, Meat & Fish",Eggs,Cumbum,Central,2162,0.31,756.7
Bakery,Breads & Buns,Krishnagiri,Central,2194,0.15,899.54
Fruits & Veggies,Fresh Fruits,Krishnagiri,Central,1454,0.34,101.78
Bakery,Cakes,Salem,Central,2384,0.16,309.92
"Eggs, Meat & Fish",Eggs,Ramanadhapuram,Central,1997,0.27,539.19
Beverages,Health Drinks,Bodi,Central,1842,0.27,460.5
Beverages,Soft Drinks,Ooty,Central,573,0.33,257.85
Snacks,Noodles,Tenkasi,Central,1640,0.29,360.8
Fruits & Veggies,Organic Fruits,Pudukottai,Central,1288,0.2,128.8
Snacks,Cookies,Vellore,Central,1532,0.1,229.8
Food Grains,Rice,Tirunelveli,Central,2265,0.2,203.85
Fruits & Veggies,Fresh Vegetables,Madurai,Central,871,0.19,270.01
Oil & Masala,Spices,Dindigul,Central,1168,0.23,256.96
Food Grains,Dals & Pulses,Nagercoil,Central,1828,0.28,493.56
Bakery,Biscuits,Cumbum,Central,522,0.35,36.54
Snacks,Chocolates,Dharmapuri,Central,1425,0.17,242.25
Snacks,Cookies,Kanyakumari,Central,995,0.28,358.2
Oil & Masala,Edible Oil & Ghee,Tenkasi,Central,2342,0.1,936.8
Snacks,Chocolates,Dindigul,Central,768,0.18,238.08
Fruits & Veggies,Organic Fruits,Coimbatore,Central,1737,0.34,486.36
Oil & Masala,Edible Oil & Ghee,Virudhunagar,Central,1003,0.26,270.81
Fruits & Veggies,Organic Vegetables,Karur,Central,1710,0.19,393.3
Oil & Masala,Spices,Ooty,Central,965,0.35,366.7
Oil & Masala,Masalas,Cumbum,Central,2227,0.1,935.34
Snacks,Cookies,Dindigul,Central,711,0.28,227.52
Fruits & Veggies,Organic Fruits,Coimbatore,Central,856,0.11,171.2
Food Grains,Rice,Viluppuram,Central,2006,0.19,581.74
Bakery,Biscuits,Nagercoil,Central,1099,0.1,296.73
Food Grains,Organic Staples,Theni,Central,2444,0.22,146.64
Beverages,Soft Drinks,Madurai,Central,762,0.14,91.44
Beverages,Health Drinks,Ramanadhapuram,Central,2307,0.21,922.8
"Eggs, Meat & Fish",Chicken,Ramanadhapuram,Central,1894,0.18,757.6
Snacks,Noodles,Kanyakumari,Central,1448,0.23,289.6
Bakery,Cakes,Pudukottai,Central,949,0.3,275.21
Snacks,Cookies,Krishnagiri,Central,1346,0.28,296.12
Beverages,Health Drinks,Viluppuram,Central,588,0.19,47.04
Snacks,Cookies,Dharmapuri,Central,1134,0.22,453.6
Food Grains,Organic Staples,Dharmapuri,Central,1642,0.31,525.44
Food Grains,Atta & Flour,Viluppuram,Central,1170,0.33,409.5
Fruits & Veggies,Fresh Fruits,Coimbatore,Central,1795,0.2,789.8
"Eggs, Meat & Fish",Mutton,Coimbatore,Central,1401,0.33,224.16
Bakery,Cakes,Madurai,Central,960,0.3,57.6
Oil & Masala,Spices,Tenkasi,Central,1644,0.22,131.52
Beverages,Health Drinks,Salem,Central,797,0.19,191.28
Oil & Masala,Masalas,Bodi,Central,1623,0.31,194.76
Bakery,Biscuits,Virudhunagar,Central,796,0.11,222.88
"Eggs, Meat & Fish",Chicken,Vellore,Central,925,0.28,64.75
"Eggs, Meat & Fish",Mutton,Bodi,East,2083,0.22,104.15
"Eggs, Meat & Fish",Chicken,Nagercoil,East,695,0.14,83.4
Beverages,Soft Drinks,Trichy,East,1136,0.26,136.32
Fruits & Veggies,Fresh Fruits,Pudukottai,East,1878,0.1,319.26
Fruits & Veggies,Organic Fruits,Bodi,East,1305,0.17,247.95
Snacks,Cookies,Dharmapuri,East,942,0.11,160.14
Bakery,Breads & Buns,Perambalur,East,566,0.11,209.42
Bakery,Cakes,Salem,East,2271,0.14,204.39
Snacks,Chocolates,Madurai,East,2344,0.3,468.8
Fruits & Veggies,Organic Vegetables,Ooty,East,1098,0.18,417.24
Beverages,Health Drinks,Perambalur,East,1654,0.1,479.66
Beverages,Health Drinks,Trichy,East,551,0.28,198.36
Snacks,Cookies,Ramanadhapuram,East,809,0.13,113.26
Oil & Masala,Masalas,Tirunelveli,East,653,0.16,182.84
Oil & Masala,Spices,Karur,East,1317,0.19,131.7
Oil & Masala,Masalas,Nagercoil,East,1356,0.28,352.56
Beverages,Soft Drinks,Dindigul,East,1985,0.23,873.4
Snacks,Cookies,Ramanadhapuram,East,1531,0.21,643.02
Beverages,Health Drinks,Ramanadhapuram,East,1691,0.22,101.46
Beverages,Soft Drinks,Chennai,East,2274,0.1,204.66
"Eggs, Meat & Fish",Eggs,Madurai,East,1563,0.19,593.94
Snacks,Cookies,Virudhunagar,East,1647,0.29,510.57
"Eggs, Meat & Fish",Fish,Tenkasi,East,2376,0.32,736.56
Beverages,Health Drinks,Pudukottai,East,2201,0.12,660.3
Food Grains,Rice,Vellore,East,806,0.13,249.86
"Eggs, Meat & Fish",Fish,Karur,East,1204,0.3,120.4
Beverages,Health Drinks,Madurai,East,1539,0.17,338.58
Oil & Masala,Edible Oil & Ghee,Nagercoil,East,1483,0.23,266.94
"Eggs, Meat & Fish",Eggs,Tirunelveli,East,639,0.31,217.26
Snacks,Chocolates,Namakkal,East,770,0.13,192.5
Beverages,Soft Drinks,Viluppuram,East,2495,0.13,249.5
Food Grains,Rice,Ooty,East,1442,0.27,519.12
Oil & Masala,Edible Oil & Ghee,Dharmapuri,East,1142,0.29,433.96
Oil & Masala,Masalas,Karur,East,1122,0.35,426.36
Bakery,Cakes,Virudhunagar,East,1054,0.17,474.3
"Eggs, Meat & Fish",Fish,Dharmapuri,East,2251,0.34,607.77
Oil & Masala,Spices,Dharmapuri,East,1508,0.22,422.24
Snacks,Noodles,Vellore,East,2230,0.3,602.1
Bakery,Breads & Buns,Perambalur,East,763,0.13,91.56
"Eggs, Meat & Fish",Eggs,Chennai,East,2361,0.28,755.52
Food Grains,Dals & Pulses,Dindigul,East,2232,0.14,803.52
Bakery,Breads & Buns,Tirunelveli,East,643,0.26,212.19
Snacks,Noodles,Perambalur,East,1775,0.3,461.5
Food Grains,Atta & Flour,Perambalur,East,1713,0.22,411.12
"Eggs, Meat & Fish",Eggs,Tirunelveli,East,2455,0.15,589.2
Fruits & Veggies,Organic Fruits,Karur,East,1620,0.31,162
Beverages,Health Drinks,Cumbum,East,2411,0.26,626.86
Oil & Masala,Edible Oil & Ghee,Coimbatore,East,743,0.1,59.44
"Eggs, Meat & Fish",Mutton,Theni,East,1286,0.15,450.1
Food Grains,Organic Staples,Chennai,East,1011,0.21,384.18
Food Grains,Rice,Vellore,East,1122,0.35,415.14
"Eggs, Meat & Fish",Mutton,Dindigul,East,2283,0.34,342.45
Beverages,Health Drinks,Tenkasi,East,667,0.19,213.44
Bakery,Breads & Buns,Chennai,East,632,0.22,246.48
Oil & Masala,Masalas,Ooty,East,1783,0.12,338.77
Bakery,Breads & Buns,Theni,East,2045,0.33,470.35
Fruits & Veggies,Organic Fruits,Madurai,East,814,0.26,162.8
Snacks,Noodles,Nagercoil,East,933,0.22,111.96
Fruits & Veggies,Fresh Fruits,Trichy,East,2147,0.23,901.74
"Eggs, Meat & Fish",Chicken,Pudukottai,East,1332,0.26,492.84
Oil & Masala,Edible Oil & Ghee,Virudhunagar,East,773,0.19,85.03
Oil & Masala,Masalas,Cumbum,East,521,0.34,109.41
Beverages,Health Drinks,Theni,East,734,0.17,117.44
Fruits & Veggies,Organic Vegetables,Trichy,East,1318,0.32,171.34
Snacks,Noodles,Theni,East,1432,0.1,601.44
Snacks,Chocolates,Virudhunagar,East,751,0.24,135.18
Bakery,Cakes,Krishnagiri,East,1584,0.11,332.64
Fruits & Veggies,Fresh Vegetables,Pudukottai,East,564,0.19,73.32
Bakery,Breads & Buns,Dindigul,East,522,0.29,67.86
Bakery,Biscuits,Coimbatore,East,501,0.1,80.16
Snacks,Chocolates,Bodi,East,548,0.31,126.04
Snacks,Noodles,Nagercoil,East,1775,0.27,798.75
Bakery,Biscuits,Nagercoil,East,1641,0.12,147.69
Bakery,Breads & Buns,Dindigul,East,1731,0.34,727.02
Bakery,Cakes,Tirunelveli,East,2114,0.28,845.6
Snacks,Noodles,Viluppuram,East,1176,0.31,188.16
Oil & Masala,Edible Oil & Ghee,Vellore,East,1023,0.27,388.74
Food Grains,Dals & Pulses,Bodi,East,2041,0.16,142.87
Oil & Masala,Masalas,Coimbatore,East,826,0.32,305.62
Beverages,Health Drinks,Krishnagiri,East,885,0.25,371.7
Food Grains,Dals & Pulses,Trichy,East,633,0.11,158.25
Fruits & Veggies,Fresh Fruits,Salem,East,2450,0.32,588
Oil & Masala,Edible Oil & Ghee,Karur,East,919,0.31,147.04
Bakery,Breads & Buns,Cumbum,East,1609,0.34,724.05
Food Grains,Atta & Flour,Bodi,East,558,0.35,122.76
Oil & Masala,Edible Oil & Ghee,Perambalur,East,1767,0.26,212.04
Beverages,Soft Drinks,Theni,East,999,0.25,319.68
Bakery,Biscuits,Vellore,East,1947,0.2,759.33
Fruits & Veggies,Organic Vegetables,Namakkal,East,1397,0.33,125.73
Bakery,Breads & Buns,Kanyakumari,East,1273,0.17,89.11
Snacks,Cookies,Dindigul,East,2042,0.11,816.8
Food Grains,Organic Staples,Ramanadhapuram,East,2476,0.26,643.76
Beverages,Soft Drinks,Virudhunagar,East,2162,0.2,237.82
Food Grains,Organic Staples,Vellore,East,2316,0.34,926.4
Fruits & Veggies,Fresh Vegetables,Dindigul,East,2050,0.21,717.5
Bakery,Breads & Buns,Coimbatore,East,1343,0.16,429.76
Food Grains,Organic Staples,Theni,East,881,0.17,44.05
"Eggs, Meat & Fish",Eggs,Kanyakumari,East,1642,0.29,558.28
"Eggs, Meat & Fish",Mutton,Ramanadhapuram,East,998,0.29,369.26
Oil & Masala,Edible Oil & Ghee,Kanyakumari,East,1398,0.3,195.72
"Eggs, Meat & Fish",Mutton,Cumbum,East,1966,0.25,334.22
Bakery,Cakes,Namakkal,East,1406,0.16,323.38
Beverages,Health Drinks,Madurai,East,2138,0.25,192.42
Food Grains,Rice,Kanyakumari,East,592,0.32,124.32
Beverages,Health Drinks,Tirunelveli,East,1370,0.11,109.6
Food Grains,Atta & Flour,Trichy,East,1932,0.23,309.12
Beverages,Soft Drinks,Salem,East,1528,0.28,106.96
Beverages,Health Drinks,Virudhunagar,East,849,0.19,212.25
"Eggs, Meat & Fish",Eggs,Tenkasi,East,976,0.33,175.68
Oil & Masala,Spices,Madurai,East,1776,0.14,799.2
Oil & Masala,Masalas,Salem,East,1465,0.14,424.85
Fruits & Veggies,Fresh Fruits,Dindigul,East,790,0.26,260.7
"Eggs, Meat & Fish",Chicken,Nagercoil,East,820,0.22,213.2
Food Grains,Atta & Flour,Coimbatore,East,775,0.2,124
Snacks,Cookies,Salem,East,2151,0.31,795.87
Snacks,Chocolates,Madurai,East,1446,0.35,506.1
Food Grains,Dals & Pulses,Chennai,East,1245,0.3,410.85
"Eggs, Meat & Fish",Mutton,Chennai,East,1045,0.29,459.8
Snacks,Chocolates,Salem,East,1850,0.21,573.5
Beverages,Health Drinks,Coimbatore,East,745,0.25,126.65
Beverages,Health Drinks,Tirunelveli,East,861,0.22,370.23
Oil & Masala,Masalas,Viluppuram,East,1629,0.32,700.47
Snacks,Cookies,Krishnagiri,East,1124,0.35,292.24
Bakery,Cakes,Ramanadhapuram,East,1083,0.23,465.69
Fruits & Veggies,Organic Fruits,Tenkasi,East,1010,0.35,141.4
Beverages,Soft Drinks,Perambalur,East,1556,0.27,700.2
Fruits & Veggies,Fresh Vegetables,Madurai,East,689,0.27,248.04
Fruits & Veggies,Fresh Vegetables,Dindigul,East,1845,0.11,811.8
"Eggs, Meat & Fish",Chicken,Chennai,East,1188,0.35,95.04
Oil & Masala,Spices,Pudukottai,East,1682,0.21,655.98
Oil & Masala,Spices,Karur,East,1652,0.3,297.36
Fruits & Veggies,Fresh Fruits,Ramanadhapuram,East,2062,0.25,350.54
Snacks,Chocolates,Viluppuram,East,1133,0.1,124.63
Snacks,Noodles,Theni,East,1719,0.27,601.65
"Eggs, Meat & Fish",Eggs,Chennai,East,1944,0.19,855.36
Fruits & Veggies,Fresh Fruits,Bodi,East,538,0.35,32.28
Beverages,Soft Drinks,Madurai,East,1103,0.13,297.81
Snacks,Cookies,Ramanadhapuram,South,2374,0.13,783.42
Oil & Masala,Spices,Ooty,South,1798,0.19,179.8
Oil & Masala,Spices,Perambalur,South,785,0.11,164.85
Beverages,Health Drinks,Kanyakumari,South,1411,0.26,606.73
Bakery,Biscuits,Krishnagiri,South,1253,0.32,87.71
Bakery,Cakes,Salem,South,1885,0.26,320.45
"Eggs, Meat & Fish",Mutton,Coimbatore,South,983,0.31,275.24
Beverages,Health Drinks,Namakkal,South,1298,0.18,129.8
Bakery,Biscuits,Cumbum,South,1448,0.22,217.2
Bakery,Breads & Buns,Karur,South,1774,0.17,319.32
Oil & Masala,Masalas,Namakkal,South,1013,0.25,425.46
"Eggs, Meat & Fish",Mutton,Madurai,South,1196,0.16,502.32
Bakery,Biscuits,Kanyakumari,South,1854,0.24,352.26
"Eggs, Meat & Fish",Chicken,Coimbatore,South,2412,0.17,1061.28
Bakery,Biscuits,Virudhunagar,South,1941,0.12,737.58
Bakery,Breads & Buns,Vellore,South,2114,0.23,274.82
Food Grains,Rice,Vellore,South,1719,0.25,154.71
Snacks,Chocolates,Theni,South,1631,0.29,472.99
"Eggs, Meat & Fish",Eggs,Vellore,South,2075,0.26,415
Fruits & Veggies,Organic Vegetables,Bodi,South,1597,0.31,702.68
Beverages,Health Drinks,Ramanadhapuram,South,829,0.24,124.35
Bakery,Cakes,Karur,South,1546,0.13,680.24
Beverages,Soft Drinks,Madurai,South,1490,0.18,387.4
Snacks,Noodles,Krishnagiri,South,1875,0.16,375
"Eggs, Meat & Fish",Chicken,Coimbatore,South,2454,0.18,1006.14
Snacks,Cookies,Cumbum,South,2295,0.22,665.55
"Eggs, Meat & Fish",Fish,Cumbum,South,1139,0.11,102.51
"Eggs, Meat & Fish",Eggs,Salem,South,1281,0.29,384.3
"Eggs, Meat & Fish",Mutton,Coimbatore,South,955,0.24,343.8
Beverages,Health Drinks,Nagercoil,South,1707,0.3,682.8
Fruits & Veggies,Organic Vegetables,Viluppuram,South,2014,0.35,422.94
Bakery,Biscuits,Cumbum,South,677,0.25,54.16
Fruits & Veggies,Fresh Fruits,Kanyakumari,South,671,0.2,87.23
Bakery,Cakes,Virudhunagar,South,2153,0.11,882.73
Fruits & Veggies,Fresh Fruits,Perambalur,South,2064,0.16,288.96
Snacks,Noodles,Krishnagiri,South,625,0.25,168.75
Beverages,Soft Drinks,Dindigul,South,765,0.24,160.65
"Eggs, Meat & Fish",Mutton,Dharmapuri,South,1490,0.27,238.4
Beverages,Soft Drinks,Namakkal,South,1393,0.3,431.83
"Eggs, Meat & Fish",Eggs,Nagercoil,South,2318,0.29,324.52
Fruits & Veggies,Fresh Fruits,Tirunelveli,South,1826,0.27,693.88
Food Grains,Atta & Flour,Vellore,South,1328,0.14,252.32
Snacks,Cookies,Kanyakumari,South,2142,0.15,599.76
Food Grains,Rice,Trichy,South,1639,0.24,442.53
Food Grains,Atta & Flour,Theni,South,1867,0.26,578.77
Bakery,Breads & Buns,Ooty,South,594,0.12,255.42
Beverages,Soft Drinks,Tirunelveli,South,711,0.14,63.99
Beverages,Health Drinks,Kanyakumari,South,1279,0.1,473.23
Food Grains,Atta & Flour,Perambalur,South,2384,0.16,381.44
Fruits & Veggies,Organic Fruits,Salem,South,1609,0.2,353.98
Beverages,Health Drinks,Perambalur,South,2237,0.34,492.14
Snacks,Cookies,Nagercoil,South,743,0.35,245.19
Snacks,Noodles,Krishnagiri,South,1096,0.15,438.4
Snacks,Noodles,Dindigul,South,1827,0.29,383.67
Food Grains,Organic Staples,Ooty,South,2005,0.14,761.9
"Eggs, Meat & Fish",Mutton,Tirunelveli,South,1309,0.14,562.87
Snacks,Cookies,Dindigul,South,1289,0.19,206.24
Beverages,Health Drinks,Viluppuram,South,1291,0.35,516.4
Beverages,Soft Drinks,Dharmapuri,South,2137,0.17,384.66
Beverages,Health Drinks,Coimbatore,South,754,0.2,67.86
"Eggs, Meat & Fish",Fish,Coimbatore,South,517,0.19,25.85
"Eggs, Meat & Fish",Fish,Tirunelveli,South,2129,0.28,638.7
Oil & Masala,Edible Oil & Ghee,Theni,South,1642,0.25,213.46
Snacks,Noodles,Chennai,South,2235,0.3,402.3
Beverages,Health Drinks,Karur,South,1722,0.31,154.98
Food Grains,Atta & Flour,Viluppuram,South,1918,0.35,326.06
Snacks,Noodles,Cumbum,South,619,0.22,259.98
Food Grains,Dals & Pulses,Namakkal,South,1769,0.24,778.36
Snacks,Noodles,Bodi,South,2453,0.28,883.08
"Eggs, Meat & Fish",Eggs,Ramanadhapuram,South,986,0.33,285.94
Snacks,Chocolates,Coimbatore,South,1553,0.26,543.55
Beverages,Health Drinks,Cumbum,South,1849,0.16,462.25
Bakery,Biscuits,Salem,South,2386,0.22,429.48
Food Grains,Dals & Pulses,Viluppuram,South,1764,0.33,546.84
Food Grains,Organic Staples,Ramanadhapuram,South,1913,0.12,153.04
Food Grains,Atta & Flour,Virudhunagar,South,2306,0.25,392.02
"Eggs, Meat & Fish",Eggs,Nagercoil,South,1939,0.21,814.38
Bakery,Cakes,Pudukottai,South,2137,0.19,854.8
Bakery,Biscuits,Pudukottai,South,521,0.15,218.82
Food Grains,Organic Staples,Kanyakumari,South,2044,0.19,735.84
Oil & Masala,Masalas,Krishnagiri,South,1104,0.31,309.12
Snacks,Chocolates,Chennai,South,612,0.16,153
Food Grains,Rice,Tenkasi,South,1549,0.25,480.19
Snacks,Cookies,Virudhunagar,South,1257,0.11,75.42
Oil & Masala,Masalas,Madurai,South,1976,0.29,197.6
"Eggs, Meat & Fish",Chicken,Madurai,South,1379,0.24,193.06
"Eggs, Meat & Fish",Mutton,Krishnagiri,South,2208,0.1,794.88
Food Grains,Atta & Flour,Vellore,South,1130,0.35,406.8
Food Grains,Organic Staples,Nagercoil,West,2332,0.33,559.68
"Eggs, Meat & Fish",Fish,Virudhunagar,West,795,0.29,302.1
Fruits & Veggies,Fresh Fruits,Tenkasi,West,2337,0.21,140.22
Fruits & Veggies,Organic Fruits,Tirunelveli,West,2125,0.32,595
Oil & Masala,Spices,Madurai,West,1045,0.35,83.6
Fruits & Veggies,Organic Vegetables,Kanyakumari,West,2480,0.23,694.4
Oil & Masala,Spices,Krishnagiri,West,1952,0.16,624.64
Fruits & Veggies,Organic Fruits,Vellore,West,1431,0.28,472.23
Fruits & Veggies,Organic Vegetables,Madurai,West,1438,0.35,186.94
Bakery,Cakes,Cumbum,West,1791,0.14,680.58
Fruits & Veggies,Organic Vegetables,Ramanadhapuram,West,1491,0.26,357.84
Bakery,Biscuits,Tenkasi,West,1624,0.26,617.12
"Eggs, Meat & Fish",Mutton,Madurai,West,1705,0.22,119.35
Food Grains,Organic Staples,Karur,West,1082,0.32,194.76
Fruits & Veggies,Fresh Fruits,Karur,West,919,0.13,330.84
Beverages,Health Drinks,Salem,West,582,0.18,197.88
Oil & Masala,Masalas,Dindigul,West,2064,0.15,123.84
Bakery,Cakes,Kanyakumari,West,1883,0.26,508.41
Fruits & Veggies,Fresh Fruits,Coimbatore,West,959,0.15,76.72
Oil & Masala,Spices,Virudhunagar,West,1085,0.32,97.65
Fruits & Veggies,Organic Fruits,Kanyakumari,West,839,0.31,318.82
"Eggs, Meat & Fish",Eggs,Bodi,West,1135,0.29,295.1
"Eggs, Meat & Fish",Chicken,Kanyakumari,West,2078,0.32,706.52
Bakery,Cakes,Dindigul,West,2239,0.13,470.19
Beverages,Health Drinks,Salem,West,1088,0.31,402.56
Fruits & Veggies,Fresh Vegetables,Nagercoil,West,2264,0.34,543.36
"Eggs, Meat & Fish",Fish,Ooty,West,1629,0.12,537.57
Beverages,Soft Drinks,Karur,West,648,0.31,77.76
Beverages,Health Drinks,Ramanadhapuram,West,990,0.2,445.5
Beverages,Soft Drinks,Dharmapuri,West,1354,0.2,541.6
Snacks,Chocolates,Trichy,West,1169,0.15,409.15
Food Grains,Atta & Flour,Vellore,West,1252,0.14,112.68
Snacks,Chocolates,Chennai,West,883,0.24,114.79
Bakery,Biscuits,Cumbum,West,1545,0.35,247.2
Bakery,Breads & Buns,Ramanadhapuram,West,1938,0.27,368.22
Oil & Masala,Spices,Kanyakumari,West,1455,0.32,276.45
Snacks,Noodles,Dharmapuri,West,2259,0.23,225.9
Snacks,Noodles,Dharmapuri,West,1485,0.25,668.25
Bakery,Cakes,Perambalur,West,1841,0.27,589.12
Food Grains,Rice,Trichy,West,1091,0.27,403.67
Snacks,Noodles,Kanyakumari,West,886,0.1,380.98
Bakery,Cakes,Dharmapuri,West,771,0.11,177.33
"Eggs, Meat & Fish",Fish,Ooty,West,1414,0.1,254.52
Food Grains,Rice,Namakkal,West,1825,0.29,237.25
Fruits & Veggies,Organic Fruits,Cumbum,West,2412,0.13,964.8
Oil & Masala,Edible Oil & Ghee,Virudhunagar,West,2367,0.27,284.04
Bakery,Cakes,Vellore,West,1576,0.3,677.68
Bakery,Breads & Buns,Nagercoil,West,1463,0.17,526.68
Fruits & Veggies,Fresh Fruits,Bodi,West,1460,0.27,481.8
Food Grains,Dals & Pulses,Madurai,West,1126,0.26,157.64
"Eggs, Meat & Fish",Fish,Tirunelveli,West,2159,0.21,194.31
"Eggs, Meat & Fish",Eggs,Krishnagiri,West,2306,0.18,784.04
"Eggs, Meat & Fish",Eggs,Coimbatore,West,1001,0.18,400.4
Snacks,Chocolates,Vellore,West,2378,0.11,428.04
Oil & Masala,Masalas,Viluppuram,West,1927,0.3,616.64
Oil & Masala,Spices,Cumbum,West,1927,0.11,501.02
Snacks,Cookies,Tenkasi,West,2196,0.12,241.56
Fruits & Veggies,Fresh Vegetables,Krishnagiri,West,1879,0.22,563.7
Snacks,Cookies,Ooty,West,767,0.15,168.74
Oil & Masala,Spices,Perambalur,West,2357,0.23,872.09
Oil & Masala,Spices,Chennai,West,1238,0.12,247.6
Beverages,Health Drinks,Tirunelveli,West,1307,0.29,287.54
Oil & Masala,Masalas,Namakkal,West,1863,0.29,577.53
Fruits & Veggies,Organic Fruits,Ramanadhapuram,West,800,0.2,88
"Eggs, Meat & Fish",Mutton,Madurai,West,1094,0.29,382.9
"Eggs, Meat & Fish",Chicken,Vellore,West,1378,0.1,537.42
Bakery,Breads & Buns,Coimbatore,West,2150,0.21,150.5
Snacks,Chocolates,Bodi,West,2432,0.1,608
Fruits & Veggies,Organic Vegetables,Bodi,West,2053,0.33,554.31
Beverages,Health Drinks,Viluppuram,West,1215,0.18,267.3
Fruits & Veggies,Fresh Fruits,Krishnagiri,West,1320,0.29,580.8
Fruits & Veggies,Organic Vegetables,Salem,West,1778,0.27,693.42
"Eggs, Meat & Fish",Fish,Tenkasi,West,1559,0.17,498.88
Oil & Masala,Edible Oil & Ghee,Coimbatore,West,1026,0.31,348.84
Food Grains,Organic Staples,Trichy,West,1759,0.31,422.16
"Eggs, Meat & Fish",Chicken,Vellore,West,2034,0.15,711.9
Bakery,Biscuits,Bodi,West,2084,0.27,166.72
Beverages,Health Drinks,Tirunelveli,West,1017,0.24,355.95
Beverages,Health Drinks,Ooty,West,1296,0.23,259.2
Bakery,Cakes,Perambalur,West,2295,0.11,780.3
"Eggs, Meat & Fish",Fish,Coimbatore,West,2318,0.14,301.34
Snacks,Chocolates,Chennai,West,513,0.35,87.21
Food Grains,Rice,Virudhunagar,West,2159,0.27,928.37
Bakery,Biscuits,Nagercoil,West,1919,0.23,95.95
Snacks,Chocolates,Cumbum,West,893,0.31,348.27
"Eggs, Meat & Fish",Mutton,Dindigul,West,522,0.18,182.7
Oil & Masala,Edible Oil & Ghee,Vellore,West,855,0.34,136.8
Fruits & Veggies,Organic Fruits,Dharmapuri,West,2311,0.28,323.54
Snacks,Noodles,Vellore,West,1206,0.17,144.72
Snacks,Cookies,Karur,West,1938,0.14,542.64
Food Grains,Organic Staples,Dharmapuri,West,2194,0.33,504.62
"Eggs, Meat & Fish",Fish,Tenkasi,West,1575,0.35,504
Food Grains,Organic Staples,Pudukottai,West,2021,0.32,727.56
Snacks,Noodles,Cumbum,West,1560,0.32,140.4
Snacks,Cookies,Tenkasi,West,2392,0.19,765.44
Bakery,Cakes,Namakkal,West,2398,0.24,407.66
Food Grains,Atta & Flour,Trichy,West,1063,0.34,457.09
Fruits & Veggies,Organic Fruits,Theni,West,2305,0.35,645.4
Food Grains,Organic Staples,Cumbum,West,1709,0.35,683.6
Snacks,Chocolates,Kanyakumari,West,2474,0.2,841.16
Beverages,Soft Drinks,Tenkasi,West,799,0.15,287.64
Fruits & Veggies,Fresh Vegetables,Ramanadhapuram,West,533,0.23,186.55
Fruits & Veggies,Fresh Fruits,Tenkasi,West,1236,0.34,395.52
Bakery,Breads & Buns,Madurai,West,1450,0.34,522
Fruits & Veggies,Organic Vegetables,Chennai,West,2274,0.24,159.18
"Eggs, Meat & Fish",Mutton,Krishnagiri,West,2316,0.12,764.28
Fruits & Veggies,Organic Vegetables,Tenkasi,West,2436,0.11,267.96
Beverages,Health Drinks,Ramanadhapuram,West,2095,0.31,167.6
Beverages,Soft Drinks,Trichy,West,2061,0.27,123.66
Oil & Masala,Spices,Krishnagiri,West,2337,0.32,747.84
Bakery,Biscuits,Trichy,West,979,0.12,323.07
Oil & Masala,Masalas,Nagercoil,West,706,0.26,42.36
Food Grains,Atta & Flour,Dharmapuri,West,1585,0.1,713.25
Beverages,Soft Drinks,Namakkal,West,1975,0.27,553
Oil & Masala,Edible Oil & Ghee,Nagercoil,West,976,0.28,283.04
Oil & Masala,Spices,Krishnagiri,West,2128,0.24,446.88
Bakery,Breads & Buns,Ooty,West,884,0.2,282.88
Snacks,Cookies,Viluppuram,West,2185,0.18,174.8
"Eggs, Meat & Fish",Eggs,Salem,West,570,0.14,119.7
Snacks,Cookies,Chennai,West,2482,0.12,992.8
Fruits & Veggies,Organic Vegetables,Madurai,West,868,0.26,78.12
Beverages,Soft Drinks,Theni,West,2208,0.1,794.88
Fruits & Veggies,Fresh Vegetables,Karur,West,1402,0.28,476.68
Fruits & Veggies,Fresh Vegetables,Theni,West,2411,0.29,675.08
"Eggs, Meat & Fish",Eggs,Tirunelveli,West,1151,0.22,253.22
Food Grains,Organic Staples,Madurai,West,1419,0.22,170.28
Bakery,Breads & Buns,Trichy,West,2248,0.32,112.4
Snacks,Chocolates,Dindigul,West,1241,0.27,322.66
Fruits & Veggies,Fresh Vegetables,Bodi,West,1594,0.18,318.8
Oil & Masala,Spices,Theni,West,1561,0.21,156.1
"Eggs, Meat & Fish",Chicken,Dindigul,West,2442,0.15,634.92
Fruits & Veggies,Fresh Fruits,Ramanadhapuram,West,770,0.12,53.9
Snacks,Cookies,Nagercoil,West,2340,0.21,468
"Eggs, Meat & Fish",Mutton,Cumbum,West,1944,0.27,388.8
"Eggs, Meat & Fish",Fish,Vellore,West,1353,0.19,202.95
Bakery,Cakes,Bodi,West,2333,0.13,839.88
Food Grains,Organic Staples,Ooty,West,1653,0.18,743.85
Beverages,Health Drinks,Madurai,West,2442,0.15,805.86
Beverages,Health Drinks,Dharmapuri,West,2334,0.15,816.9
Fruits & Veggies,Fresh Fruits,Theni,West,1140,0.32,478.8
Snacks,Chocolates,Dindigul,West,2369,0.17,829.15
Bakery,Biscuits,Kanyakumari,West,1599,0.27,431.73
Bakery,Breads & Buns,Theni,West,1042,0.11,166.72
Food Grains,Rice,Ooty,West,1120,0.19,67.2
Beverages,Soft Drinks,Ooty,West,1714,0.28,599.9
Fruits & Veggies,Fresh Vegetables,Nagercoil,West,1024,0.16,286.72
Food Grains,Rice,Cumbum,West,944,0.35,94.4
"Eggs, Meat & Fish",Eggs,Karur,West,1154,0.23,346.2
Food Grains,Atta & Flour,Ramanadhapuram,West,1084,0.13,314.36
Snacks,Chocolates,Kanyakumari,West,1417,0.27,510.12
Food Grains,Dals & Pulses,Viluppuram,West,2406,0.11,312.78
Bakery,Cakes,Namakkal,West,2286,0.19,342.9
Bakery,Cakes,Madurai,West,1187,0.13,189.92
Oil & Masala,Masalas,Vellore,West,1448,0.26,637.12
Snacks,Cookies,Tenkasi,West,1712,0.14,650.56
Beverages,Health Drinks,Vellore,West,1089,0.1,468.27
Food Grains,Dals & Pulses,Coimbatore,Central,1384,0.26,484.4
Bakery,Breads & Buns,Trichy,Central,643,0.28,186.47
Bakery,Biscuits,Perambalur,Central,624,0.24,149.76
Food Grains,Atta & Flour,Dindigul,Central,2416,0.27,1087.2
Food Grains,Organic Staples,Cumbum,Central,2472,0.13,494.4
Snacks,Noodles,Bodi,Central,659,0.3,171.34
Oil & Masala,Edible Oil & Ghee,Dharmapuri,Central,1747,0.35,262.05
Beverages,Soft Drinks,Ooty,Central,1786,0.18,303.62
Snacks,Noodles,Vellore,Central,1782,0.22,463.32
Snacks,Chocolates,Madurai,Central,2421,0.33,266.31
Bakery,Breads & Buns,Pudukottai,Central,2068,0.26,372.24
"Eggs, Meat & Fish",Mutton,Vellore,Central,1160,0.35,382.8
Fruits & Veggies,Fresh Vegetables,Chennai,Central,1863,0.19,428.49
Snacks,Noodles,Karur,Central,1512,0.16,453.6
Beverages,Health Drinks,Namakkal,Central,2190,0.27,262.8
Beverages,Soft Drinks,Viluppuram,East,1740,0.21,626.4
Snacks,Cookies,Vellore,East,1776,0.12,88.8
Beverages,Soft Drinks,Namakkal,East,1870,0.29,523.6
Snacks,Noodles,Perambalur,East,2231,0.13,133.86
Food Grains,Organic Staples,Theni,East,2079,0.26,914.76
Snacks,Chocolates,Ooty,East,1556,0.12,373.44
Food Grains,Dals & Pulses,Kanyakumari,East,1517,0.23,530.95
Oil & Masala,Masalas,Vellore,East,605,0.2,151.25
Food Grains,Rice,Kanyakumari,East,1459,0.1,218.85
"Eggs, Meat & Fish",Eggs,Coimbatore,East,856,0.26,171.2
Food Grains,Rice,Madurai,East,1888,0.34,283.2
Oil & Masala,Spices,Dindigul,East,1324,0.15,198.6
Bakery,Biscuits,Vellore,East,2234,0.28,357.44
Food Grains,Rice,Bodi,East,1672,0.22,167.2
Bakery,Breads & Buns,Cumbum,East,2368,0.17,1018.24
Food Grains,Rice,Ooty,East,2270,0.27,817.2
"Eggs, Meat & Fish",Eggs,Tirunelveli,East,1790,0.32,304.3
"Eggs, Meat & Fish",Eggs,Tirunelveli,East,1715,0.24,240.1
Snacks,Chocolates,Kanyakumari,East,1992,0.2,657.36
Bakery,Breads & Buns,Tirunelveli,East,1332,0.12,372.96
Snacks,Cookies,Tirunelveli,East,2101,0.14,525.25
"Eggs, Meat & Fish",Fish,Cumbum,East,1620,0.35,729
Bakery,Biscuits,Chennai,East,1302,0.27,429.66
Fruits & Veggies,Fresh Vegetables,Namakkal,East,1326,0.18,159.12
Fruits & Veggies,Fresh Vegetables,Tirunelveli,East,1258,0.17,515.78
Food Grains,Rice,Theni,East,1715,0.24,771.75
Bakery,Biscuits,Vellore,South,2416,0.23,241.6
Oil & Masala,Spices,Salem,South,2368,0.14,355.2
Beverages,Health Drinks,Perambalur,South,2427,0.25,946.53
Oil & Masala,Edible Oil & Ghee,Cumbum,South,1940,0.29,737.2
Food Grains,Rice,Ooty,South,528,0.2,232.32
Food Grains,Dals & Pulses,Pudukottai,South,2091,0.26,104.55
Bakery,Biscuits,Tirunelveli,South,2422,0.27,678.16
Food Grains,Rice,Cumbum,South,1311,0.35,157.32
Food Grains,Dals & Pulses,Ooty,South,568,0.2,62.48
Beverages,Soft Drinks,Nagercoil,South,1715,0.35,411.6
Bakery,Biscuits,Bodi,South,1106,0.21,210.14
Snacks,Chocolates,Tenkasi,South,1571,0.17,298.49
Fruits & Veggies,Fresh Vegetables,Karur,South,824,0.28,230.72
Beverages,Soft Drinks,Tenkasi,South,2306,0.14,553.44
Bakery,Biscuits,Virudhunagar,South,1589,0.11,444.92
Bakery,Biscuits,Chennai,South,1513,0.3,484.16
Beverages,Health Drinks,Dindigul,South,1447,0.35,202.58
"Eggs, Meat & Fish",Chicken,Chennai,South,2465,0.13,690.2
"Eggs, Meat & Fish",Chicken,Perambalur,South,1840,0.32,239.2
Fruits & Veggies,Fresh Vegetables,Dharmapuri,South,2139,0.2,556.14
Beverages,Soft Drinks,Nagercoil,West,666,0.22,259.74
Oil & Masala,Edible Oil & Ghee,Nagercoil,West,743,0.19,118.88
Bakery,Cakes,Tenkasi,West,567,0.26,249.48
Oil & Masala,Masalas,Cumbum,West,1901,0.12,684.36
Oil & Masala,Masalas,Bodi,West,680,0.22,292.4
Snacks,Noodles,Coimbatore,West,1298,0.25,272.58
Fruits & Veggies,Fresh Fruits,Karur,West,1762,0.24,176.2
Fruits & Veggies,Organic Vegetables,Dharmapuri,West,1375,0.23,261.25
Food Grains,Atta & Flour,Coimbatore,West,2398,0.23,167.86
Snacks,Noodles,Tenkasi,West,1714,0.26,548.48
"Eggs, Meat & Fish",Fish,Salem,West,933,0.25,121.29
Snacks,Cookies,Tirunelveli,West,1332,0.29,159.84
Bakery,Biscuits,Karur,West,563,0.29,180.16
Beverages,Health Drinks,Chennai,West,1615,0.16,581.4
"Eggs, Meat & Fish",Eggs,Virudhunagar,West,2397,0.19,934.83
Food Grains,Organic Staples,Theni,West,1441,0.13,389.07
Fruits & Veggies,Fresh Vegetables,Tirunelveli,West,1061,0.25,435.01
Bakery,Breads & Buns,Tenkasi,West,1981,0.21,435.82
Food Grains,Rice,Vellore,West,2016,0.12,262.08
"Eggs, Meat & Fish",Mutton,Perambalur,West,1341,0.3,362.07
"Eggs, Meat & Fish",Eggs,Chennai,West,1629,0.23,488.7
Food Grains,Rice,Cumbum,West,1424,0.14,185.12
"Eggs, Meat & Fish",Chicken,Virudhunagar,West,1844,0.3,147.52
Oil & Masala,Masalas,Cumbum,West,701,0.14,35.05
Bakery,Cakes,Bodi,West,2229,0.18,222.9
Bakery,Biscuits,Vellore,West,1322,0.19,462.7
Snacks,Chocolates,Namakkal,West,2154,0.31,172.32
Food Grains,Atta & Flour,Chennai,West,663,0.25,212.16
Beverages,Soft Drinks,Trichy,West,2191,0.29,525.84
Snacks,Noodles,Kanyakumari,West,2215,0.23,575.9
"Eggs, Meat & Fish",Fish,Nagercoil,West,1784,0.35,410.32
"Eggs, Meat & Fish",Fish,Dharmapuri,West,2072,0.24,890.96
"Eggs, Meat & Fish",Fish,Chennai,West,2351,0.16,1057.95
Fruits & Veggies,Fresh Fruits,Krishnagiri,West,1466,0.13,234.56
Food Grains,Rice,Trichy,West,1600,0.13,288
Fruits & Veggies,Fresh Vegetables,Pudukottai,Central,2496,0.29,299.52
Oil & Masala,Masalas,Kanyakumari,East,1451,0.33,101.57
Fruits & Veggies,Organic Fruits,Tenkasi,East,960,0.26,297.6
Snacks,Chocolates,Cumbum,East,759,0.16,68.31
Bakery,Cakes,Nagercoil,East,2140,0.3,963
"Eggs, Meat & Fish",Fish,Tirunelveli,East,1746,0.2,87.3
"Eggs, Meat & Fish",Chicken,Coimbatore,East,2172,0.18,152.04
Beverages,Health Drinks,Viluppuram,East,2328,0.33,954.48
"Eggs, Meat & Fish",Mutton,Nagercoil,East,771,0.26,107.94
Oil & Masala,Edible Oil & Ghee,Coimbatore,East,1358,0.23,543.2
Oil & Masala,Spices,Cumbum,East,1122,0.18,269.28
Bakery,Biscuits,Viluppuram,East,1200,0.15,180
Oil & Masala,Masalas,Cumbum,South,1317,0.31,263.4
Fruits & Veggies,Organic Vegetables,Dindigul,South,2201,0.1,748.34
"Eggs, Meat & Fish",Fish,Ooty,South,2293,0.25,710.83
Oil & Masala,Spices,Chennai,West,2091,0.3,460.02
Bakery,Breads & Buns,Dindigul,West,1546,0.25,386.5
Snacks,Noodles,Tenkasi,West,540,0.14,124.2
Food Grains,Atta & Flour,Nagercoil,West,1141,0.26,102.69
Food Grains,Organic Staples,Vellore,West,2108,0.32,927.52
"Eggs, Meat & Fish",Eggs,Nagercoil,West,1659,0.16,663.6
Snacks,Noodles,Cumbum,West,1602,0.22,416.52
Fruits & Veggies,Fresh Vegetables,Theni,West,1483,0.35,652.52
"Eggs, Meat & Fish",Eggs,Dharmapuri,West,511,0.12,25.55
Beverages,Health Drinks,Dharmapuri,West,1792,0.2,645.12
Oil & Masala,Edible Oil & Ghee,Salem,West,2229,0.29,958.47
Beverages,Health Drinks,Tenkasi,Central,685,0.14,47.95
Oil & Masala,Masalas,Kanyakumari,Central,2120,0.25,169.6
Fruits & Veggies,Fresh Fruits,Dharmapuri,Central,1581,0.19,110.67
Fruits & Veggies,Fresh Vegetables,Chennai,Central,711,0.13,298.62
"Eggs, Meat & Fish",Mutton,Vellore,Central,1997,0.2,219.67
Snacks,Noodles,Trichy,Central,2324,0.19,836.64
Oil & Masala,Masalas,Pudukottai,Central,695,0.29,125.1
Snacks,Chocolates,Namakkal,Central,1842,0.32,626.28
Food Grains,Dals & Pulses,Trichy,Central,679,0.29,40.74
Bakery,Cakes,Coimbatore,Central,1207,0.22,434.52
Beverages,Soft Drinks,Karur,Central,584,0.26,35.04
"Eggs, Meat & Fish",Chicken,Theni,Central,814,0.18,350.02
Beverages,Health Drinks,Viluppuram,Central,1866,0.23,223.92
Bakery,Cakes,Chennai,Central,2395,0.15,670.6
Oil & Masala,Edible Oil & Ghee,Pudukottai,Central,1254,0.15,238.26
Oil & Masala,Edible Oil & Ghee,Salem,Central,2178,0.2,348.48
Snacks,Noodles,Nagercoil,Central,1343,0.11,470.05
Beverages,Soft Drinks,Vellore,Central,2016,0.29,665.28
Snacks,Chocolates,Ramanadhapuram,Central,1925,0.29,231
"Eggs, Meat & Fish",Mutton,Kanyakumari,Central,1518,0.24,607.2
Snacks,Noodles,Ooty,Central,729,0.19,167.67
Fruits & Veggies,Organic Fruits,Viluppuram,Central,608,0.21,42.56
Food Grains,Dals & Pulses,Pudukottai,East,1102,0.17,352.64
Food Grains,Organic Staples,Viluppuram,East,2409,0.1,794.97
Oil & Masala,Spices,Ramanadhapuram,East,2451,0.27,539.22
Bakery,Biscuits,Trichy,East,1562,0.21,609.18
Food Grains,Organic Staples,Viluppuram,East,1981,0.31,277.34
Beverages,Soft Drinks,Salem,East,1428,0.17,128.52
Food Grains,Atta & Flour,Theni,East,2384,0.2,309.92
Snacks,Noodles,Madurai,East,557,0.25,178.24
Beverages,Health Drinks,Viluppuram,East,1799,0.32,683.62
"Eggs, Meat & Fish",Fish,Tirunelveli,East,2374,0.13,379.84
"Eggs, Meat & Fish",Eggs,Dindigul,East,1438,0.19,143.8
Beverages,Soft Drinks,Vellore,East,2176,0.21,413.44
Snacks,Cookies,Virudhunagar,East,841,0.12,201.84
Snacks,Cookies,Kanyakumari,East,619,0.15,210.46
Bakery,Biscuits,Krishnagiri,East,1657,0.27,579.95
Food Grains,Organic Staples,Viluppuram,East,568,0.25,232.88
Snacks,Cookies,Nagercoil,East,1206,0.21,518.58
Bakery,Biscuits,Namakkal,East,2171,0.27,868.4
Food Grains,Dals & Pulses,Tenkasi,East,1853,0.11,111.18
Fruits & Veggies,Organic Vegetables,Karur,East,1946,0.11,603.26
"Eggs, Meat & Fish",Mutton,Nagercoil,East,1046,0.31,62.76
Food Grains,Rice,Bodi,East,1240,0.31,446.4
Beverages,Soft Drinks,Chennai,East,2498,0.34,299.76
Fruits & Veggies,Fresh Fruits,Salem,East,1447,0.2,159.17
Fruits & Veggies,Organic Fruits,Bodi,East,1114,0.29,89.12
"Eggs, Meat & Fish",Mutton,Krishnagiri,East,1280,0.25,371.2
Bakery,Cakes,Ramanadhapuram,East,1977,0.22,177.93
Snacks,Noodles,Nagercoil,East,2475,0.14,470.25
Snacks,Cookies,Ooty,East,1254,0.31,250.8
Snacks,Chocolates,Chennai,East,1340,0.15,522.6
Beverages,Soft Drinks,Tirunelveli,East,1479,0.33,562.02
Snacks,Chocolates,Trichy,East,2052,0.16,410.4
Fruits & Veggies,Fresh Vegetables,Namakkal,East,2091,0.27,752.76
Snacks,Cookies,Tirunelveli,East,2383,0.12,881.71
Fruits & Veggies,Fresh Fruits,Dindigul,East,1331,0.12,439.23
Bakery,Breads & Buns,Ramanadhapuram,East,1913,0.34,707.81
Snacks,Cookies,Chennai,South,2458,0.26,467.02
Beverages,Soft Drinks,Cumbum,South,1333,0.34,239.94
Beverages,Soft Drinks,Nagercoil,South,1979,0.18,435.38
Fruits & Veggies,Fresh Fruits,Vellore,South,2271,0.11,817.56
Fruits & Veggies,Fresh Vegetables,Bodi,South,1254,0.35,539.22
Food Grains,Organic Staples,Coimbatore,South,2067,0.25,826.8
Oil & Masala,Masalas,Tirunelveli,South,665,0.24,146.3
Food Grains,Organic Staples,Viluppuram,South,1900,0.28,475
Food Grains,Dals & Pulses,Kanyakumari,South,1100,0.21,209
Oil & Masala,Spices,Ooty,South,2407,0.22,481.4
Fruits & Veggies,Fresh Fruits,Virudhunagar,South,1517,0.22,166.87
Bakery,Cakes,Perambalur,South,1944,0.28,311.04
Food Grains,Rice,Krishnagiri,South,1328,0.12,544.48
Snacks,Chocolates,Perambalur,South,1842,0.19,313.14
Oil & Masala,Edible Oil & Ghee,Ramanadhapuram,South,1430,0.31,214.5
Bakery,Breads & Buns,Krishnagiri,West,2076,0.33,539.76
Beverages,Health Drinks,Viluppuram,West,1646,0.22,197.52
"Eggs, Meat & Fish",Mutton,Pudukottai,West,1418,0.31,255.24
Food Grains,Dals & Pulses,Pudukottai,West,573,0.25,126.06
Bakery,Biscuits,Chennai,West,726,0.27,196.02
Snacks,Noodles,Coimbatore,West,1603,0.25,112.21
Bakery,Cakes,Salem,West,1958,0.12,313.28
Food Grains,Atta & Flour,Salem,West,1968,0.16,806.88
Fruits & Veggies,Fresh Vegetables,Viluppuram,West,588,0.26,170.52
Beverages,Soft Drinks,Nagercoil,West,2018,0.32,565.04
Beverages,Health Drinks,Krishnagiri,West,1364,0.26,422.84
"Eggs, Meat & Fish",Fish,Tirunelveli,West,1212,0.35,278.76
Oil & Masala,Masalas,Karur,West,976,0.33,97.6
Fruits & Veggies,Organic Fruits,Ooty,West,1223,0.13,61.15
Oil & Masala,Spices,Virudhunagar,West,1053,0.25,294.84
Beverages,Soft Drinks,Viluppuram,West,2039,0.34,570.92
Bakery,Biscuits,Pudukottai,West,853,0.25,93.83
Snacks,Noodles,Viluppuram,West,2450,0.14,1053.5
Beverages,Soft Drinks,Tirunelveli,West,1397,0.13,363.22
"Eggs, Meat & Fish",Mutton,Ooty,West,814,0.35,260.48
Beverages,Soft Drinks,Ooty,West,787,0.33,165.27
Oil & Masala,Masalas,Ooty,West,530,0.3,153.7
Beverages,Soft Drinks,Perambalur,West,1489,0.11,253.13
Fruits & Veggies,Fresh Fruits,Chennai,West,822,0.21,271.26
"Eggs, Meat & Fish",Chicken,Coimbatore,West,1512,0.21,105.84
Fruits & Veggies,Fresh Fruits,Trichy,West,797,0.11,47.82
Beverages,Health Drinks,Perambalur,West,717,0.33,78.87
Beverages,Health Drinks,Tirunelveli,West,1501,0.16,570.38
Beverages,Soft Drinks,Perambalur,West,1070,0.18,278.2
Food Grains,Dals & Pulses,Bodi,West,2426,0.2,291.12
Beverages,Health Drinks,Ooty,West,930,0.2,158.1
Beverages,Health Drinks,Namakkal,West,1278,0.23,383.4
Oil & Masala,Spices,Nagercoil,West,2174,0.25,956.56
Oil & Masala,Edible Oil & Ghee,Dharmapuri,Central,619,0.19,80.47
Food Grains,Organic Staples,Dindigul,Central,2302,0.16,161.14
"Eggs, Meat & Fish",Fish,Pudukottai,Central,1232,0.23,492.8
Fruits & Veggies,Fresh Vegetables,Namakkal,Central,1392,0.23,417.6
Bakery,Biscuits,Theni,Central,1003,0.16,120.36
Food Grains,Atta & Flour,Virudhunagar,Central,1899,0.12,341.82
Beverages,Soft Drinks,Vellore,Central,2084,0.19,521
"Eggs, Meat & Fish",Mutton,Krishnagiri,Central,2317,0.22,417.06
Fruits & Veggies,Organic Fruits,Cumbum,Central,696,0.31,180.96
Oil & Masala,Edible Oil & Ghee,Cumbum,Central,1956,0.32,215.16
Beverages,Soft Drinks,Vellore,Central,1747,0.32,331.93
Oil & Masala,Edible Oil & Ghee,Pudukottai,Central,1618,0.11,436.86
Food Grains,Organic Staples,Namakkal,Central,890,0.2,284.8
Fruits & Veggies,Fresh Fruits,Dindigul,Central,1856,0.16,686.72
Oil & Masala,Masalas,Theni,Central,1800,0.17,270
Beverages,Soft Drinks,Ramanadhapuram,Central,1986,0.18,575.94
Oil & Masala,Spices,Coimbatore,Central,1364,0.15,231.88
Snacks,Noodles,Madurai,Central,2343,0.25,374.88
Food Grains,Rice,Krishnagiri,Central,717,0.35,107.55
Food Grains,Dals & Pulses,Chennai,Central,2317,0.11,718.27
Fruits & Veggies,Fresh Vegetables,Nagercoil,Central,2265,0.33,543.6
"Eggs, Meat & Fish",Eggs,Bodi,Central,523,0.33,146.44
Beverages,Soft Drinks,Madurai,Central,2267,0.28,566.75
Beverages,Health Drinks,Perambalur,Central,602,0.18,108.36
Oil & Masala,Spices,Viluppuram,Central,511,0.22,178.85
Bakery,Breads & Buns,Trichy,Central,1083,0.35,357.39
"Eggs, Meat & Fish",Fish,Vellore,Central,1505,0.32,90.3
Snacks,Chocolates,Vellore,Central,1490,0.18,521.5
Snacks,Cookies,Bodi,Central,2291,0.32,939.31
Snacks,Cookies,Ooty,Central,1912,0.26,133.84
Oil & Masala,Edible Oil & Ghee,Viluppuram,Central,2130,0.27,532.5
Fruits & Veggies,Organic Fruits,Namakkal,Central,1608,0.22,369.84
Food Grains,Organic Staples,Virudhunagar,Central,1763,0.12,423.12
Fruits & Veggies,Organic Fruits,Theni,Central,563,0.31,101.34
"Eggs, Meat & Fish",Fish,Coimbatore,Central,988,0.23,256.88
Oil & Masala,Masalas,Chennai,Central,784,0.34,305.76
Oil & Masala,Spices,Namakkal,Central,1900,0.24,133
Food Grains,Organic Staples,Chennai,Central,2394,0.3,335.16
Fruits & Veggies,Fresh Vegetables,Namakkal,Central,1802,0.12,630.7
Snacks,Cookies,Nagercoil,Central,978,0.11,440.1
Oil & Masala,Edible Oil & Ghee,Karur,Central,1430,0.14,643.5
Food Grains,Rice,Cumbum,Central,1136,0.35,193.12
Snacks,Chocolates,Ramanadhapuram,Central,2448,0.21,905.76
Fruits & Veggies,Fresh Vegetables,Dindigul,Central,1427,0.15,499.45
Food Grains,Rice,Krishnagiri,Central,1334,0.24,466.9
Snacks,Cookies,Nagercoil,Central,1341,0.23,187.74
Fruits & Veggies,Fresh Vegetables,Dharmapuri,Central,703,0.21,189.81
Snacks,Cookies,Vellore,Central,1433,0.21,515.88
Beverages,Soft Drinks,Chennai,Central,1863,0.32,652.05
Bakery,Cakes,Tirunelveli,Central,859,0.22,154.62
Oil & Masala,Spices,Salem,Central,1230,0.11,467.4
Fruits & Veggies,Organic Vegetables,Viluppuram,Central,1903,0.29,114.18
Fruits & Veggies,Fresh Fruits,Salem,Central,973,0.2,214.06
Beverages,Soft Drinks,Dindigul,Central,1742,0.34,191.62
Food Grains,Rice,Vellore,Central,945,0.19,349.65
"Eggs, Meat & Fish",Chicken,Krishnagiri,Central,557,0.24,144.82
Fruits & Veggies,Organic Vegetables,Tirunelveli,Central,549,0.31,170.19
Fruits & Veggies,Fresh Vegetables,Tenkasi,Central,1503,0.15,240.48
"Eggs, Meat & Fish",Fish,Namakkal,Central,1987,0.28,178.83
"Eggs, Meat & Fish",Chicken,Krishnagiri,Central,560,0.21,190.4
Snacks,Cookies,Madurai,Central,1548,0.28,170.28
Snacks,Noodles,Bodi,Central,1861,0.12,576.91
Beverages,Health Drinks,Ramanadhapuram,Central,2246,0.33,449.2
Snacks,Cookies,Dharmapuri,Central,2252,0.12,360.32
Food Grains,Rice,Theni,Central,633,0.22,69.63
Fruits & Veggies,Organic Vegetables,Coimbatore,Central,912,0.16,355.68
"Eggs, Meat & Fish",Fish,Theni,Central,1464,0.27,614.88
Oil & Masala,Edible Oil & Ghee,Viluppuram,Central,1844,0.35,737.6
Oil & Masala,Edible Oil & Ghee,Cumbum,Central,2149,0.31,107.45
Snacks,Noodles,Pudukottai,Central,1158,0.2,405.3
Fruits & Veggies,Fresh Fruits,Chennai,Central,900,0.3,252
Fruits & Veggies,Organic Fruits,Ramanadhapuram,Central,1466,0.28,498.44
Food Grains,Atta & Flour,Theni,Central,650,0.34,286
Fruits & Veggies,Organic Fruits,Namakkal,Central,1546,0.33,92.76
Snacks,Noodles,Dindigul,Central,1744,0.34,540.64
Fruits & Veggies,Fresh Vegetables,Pudukottai,Central,1006,0.11,181.08
Snacks,Noodles,Virudhunagar,Central,551,0.2,209.38
Beverages,Health Drinks,Pudukottai,Central,1340,0.22,227.8
Beverages,Soft Drinks,Dharmapuri,Central,2278,0.24,432.82
Bakery,Breads & Buns,Coimbatore,Central,1456,0.14,72.8
Fruits & Veggies,Fresh Vegetables,Virudhunagar,Central,861,0.34,301.35
Snacks,Cookies,Trichy,Central,1698,0.16,237.72
"Eggs, Meat & Fish",Chicken,Ramanadhapuram,Central,677,0.23,33.85
Fruits & Veggies,Fresh Vegetables,Kanyakumari,Central,842,0.11,227.34
"Eggs, Meat & Fish",Chicken,Cumbum,East,604,0.29,181.2
Oil & Masala,Edible Oil & Ghee,Kanyakumari,East,2234,0.28,938.28
Beverages,Soft Drinks,Dharmapuri,East,2425,0.13,266.75
Food Grains,Atta & Flour,Vellore,East,915,0.19,411.75
"Eggs, Meat & Fish",Mutton,Viluppuram,East,1449,0.27,478.17
"Eggs, Meat & Fish",Fish,Ooty,East,1569,0.16,423.63
Beverages,Health Drinks,Perambalur,East,1690,0.26,253.5
Beverages,Health Drinks,Cumbum,East,2074,0.13,871.08
Food Grains,Organic Staples,Perambalur,East,1886,0.28,339.48
Food Grains,Atta & Flour,Karur,East,1090,0.34,65.4
"Eggs, Meat & Fish",Mutton,Nagercoil,East,1918,0.1,671.3
Bakery,Biscuits,Salem,East,1762,0.24,193.82
"Eggs, Meat & Fish",Chicken,Dindigul,East,1575,0.26,267.75
"Eggs, Meat & Fish",Mutton,Ramanadhapuram,East,743,0.22,156.03
Snacks,Cookies,Bodi,East,1371,0.3,575.82
Oil & Masala,Masalas,Namakkal,East,625,0.24,37.5
"Eggs, Meat & Fish",Fish,Trichy,East,1599,0.29,271.83
"Eggs, Meat & Fish",Fish,Cumbum,East,1848,0.24,535.92
Oil & Masala,Spices,Virudhunagar,East,1021,0.18,61.26
Bakery,Breads & Buns,Salem,East,898,0.13,53.88
Fruits & Veggies,Organic Vegetables,Cumbum,East,1523,0.2,167.53
Beverages,Health Drinks,Pudukottai,East,2304,0.14,184.32
Fruits & Veggies,Organic Vegetables,Tenkasi,East,952,0.33,409.36
"Eggs, Meat & Fish",Fish,Ramanadhapuram,East,1174,0.11,129.14
Beverages,Health Drinks,Chennai,East,1035,0.24,124.2
Fruits & Veggies,Fresh Fruits,Vellore,East,1658,0.31,381.34
"Eggs, Meat & Fish",Eggs,Kanyakumari,East,1833,0.31,109.98
Snacks,Cookies,Vellore,East,1693,0.13,220.09
"Eggs, Meat & Fish",Fish,Tirunelveli,East,2349,0.22,305.37
Fruits & Veggies,Fresh Vegetables,Krishnagiri,East,1256,0.34,314
Bakery,Breads & Buns,Ramanadhapuram,East,2165,0.16,411.35
Snacks,Noodles,Karur,East,1442,0.25,115.36
Snacks,Chocolates,Tirunelveli,East,1431,0.25,143.1
Beverages,Health Drinks,Krishnagiri,East,2170,0.18,651
Food Grains,Atta & Flour,Karur,East,2251,0.26,810.36
Fruits & Veggies,Organic Vegetables,Trichy,East,968,0.2,367.84
Beverages,Soft Drinks,Dindigul,East,515,0.14,190.55
"Eggs, Meat & Fish",Chicken,Trichy,East,1477,0.15,236.32
Beverages,Soft Drinks,Perambalur,East,1840,0.34,644
Bakery,Biscuits,Bodi,East,2344,0.12,421.92
Bakery,Breads & Buns,Salem,East,1484,0.21,608.44
Fruits & Veggies,Organic Vegetables,Krishnagiri,East,1379,0.27,482.65
Oil & Masala,Masalas,Cumbum,East,1632,0.11,603.84
Bakery,Breads & Buns,Bodi,East,2112,0.21,612.48
Beverages,Health Drinks,Tenkasi,East,2332,0.1,139.92
Oil & Masala,Edible Oil & Ghee,Dharmapuri,East,2209,0.32,861.51
Snacks,Noodles,Tirunelveli,East,1580,0.24,442.4
Oil & Masala,Edible Oil & Ghee,Krishnagiri,East,2127,0.31,191.43
Beverages,Health Drinks,Virudhunagar,East,1110,0.15,377.4
Fruits & Veggies,Fresh Vegetables,Tirunelveli,East,1297,0.27,129.7
Food Grains,Dals & Pulses,Tenkasi,East,754,0.29,294.06
Bakery,Cakes,Coimbatore,East,2148,0.34,300.72
Bakery,Cakes,Karur,East,1536,0.28,675.84
Food Grains,Organic Staples,Karur,East,1045,0.3,94.05
Oil & Masala,Edible Oil & Ghee,Viluppuram,East,1009,0.19,312.79
Oil & Masala,Masalas,Madurai,East,1617,0.33,549.78
Food Grains,Organic Staples,Dindigul,East,1620,0.15,534.6
Food Grains,Organic Staples,Pudukottai,East,1135,0.11,454
Bakery,Breads & Buns,Salem,East,2086,0.29,667.52
Beverages,Soft Drinks,Salem,East,1319,0.31,342.94
Oil & Masala,Masalas,Perambalur,East,806,0.24,314.34
Beverages,Soft Drinks,Cumbum,East,729,0.32,138.51
Bakery,Breads & Buns,Ooty,East,1230,0.3,356.7
"Eggs, Meat & Fish",Chicken,Bodi,East,1416,0.19,84.96
Beverages,Soft Drinks,Pudukottai,East,871,0.1,200.33
Bakery,Breads & Buns,Namakkal,East,1537,0.33,676.28
Fruits & Veggies,Fresh Vegetables,Ramanadhapuram,East,1140,0.26,330.6
Fruits & Veggies,Organic Fruits,Bodi,East,2176,0.22,544
Beverages,Soft Drinks,Madurai,East,2469,0.31,197.52
Bakery,Breads & Buns,Coimbatore,East,1485,0.33,608.85
Snacks,Cookies,Madurai,East,2488,0.15,945.44
Bakery,Breads & Buns,Kanyakumari,East,902,0.13,279.62
Snacks,Noodles,Viluppuram,East,1557,0.23,669.51
"Eggs, Meat & Fish",Mutton,Karur,East,2038,0.3,305.7
"Eggs, Meat & Fish",Chicken,Theni,East,1398,0.24,629.1
Oil & Masala,Masalas,Salem,East,2101,0.11,609.29
Beverages,Soft Drinks,Perambalur,East,1553,0.34,481.43
Oil & Masala,Masalas,Dharmapuri,East,1178,0.35,141.36
Fruits & Veggies,Organic Fruits,Kanyakumari,East,561,0.14,235.62
Oil & Masala,Spices,Ramanadhapuram,East,664,0.1,225.76
Oil & Masala,Spices,Tenkasi,East,2143,0.3,578.61
Food Grains,Dals & Pulses,Kanyakumari,East,1915,0.24,689.4
Snacks,Noodles,Virudhunagar,East,541,0.2,43.28
Oil & Masala,Masalas,Perambalur,East,1029,0.19,463.05
Food Grains,Organic Staples,Dharmapuri,East,951,0.34,389.91
"Eggs, Meat & Fish",Chicken,Tenkasi,East,1416,0.15,311.52
Bakery,Breads & Buns,Ooty,East,1504,0.17,391.04
Fruits & Veggies,Organic Fruits,Pudukottai,East,606,0.27,212.1
Bakery,Cakes,Cumbum,East,633,0.1,151.92
Beverages,Soft Drinks,Cumbum,East,1822,0.25,583.04
Beverages,Health Drinks,Chennai,East,636,0.31,38.16
"Eggs, Meat & Fish",Mutton,Viluppuram,East,957,0.35,86.13
"Eggs, Meat & Fish",Mutton,Virudhunagar,East,1738,0.32,208.56
Food Grains,Organic Staples,Ooty,East,2448,0.31,783.36
Food Grains,Rice,Nagercoil,East,673,0.19,114.41
Snacks,Cookies,Tenkasi,East,1727,0.14,276.32
Snacks,Noodles,Trichy,East,657,0.28,98.55
Oil & Masala,Masalas,Dindigul,East,640,0.34,288
"Eggs, Meat & Fish",Mutton,Cumbum,East,2307,0.28,553.68
Oil & Masala,Masalas,Kanyakumari,East,2009,0.22,241.08
"Eggs, Meat & Fish",Eggs,Dharmapuri,East,1395,0.28,558
Oil & Masala,Spices,Salem,East,1375,0.23,288.75
Oil & Masala,Masalas,Vellore,East,1519,0.14,288.61
Fruits & Veggies,Fresh Vegetables,Cumbum,East,2257,0.21,248.27
Fruits & Veggies,Organic Fruits,Krishnagiri,East,2023,0.13,890.12
Food Grains,Rice,Ooty,East,1158,0.19,497.94
Fruits & Veggies,Fresh Vegetables,Tirunelveli,East,1393,0.13,181.09
Food Grains,Dals & Pulses,Tirunelveli,South,1943,0.19,174.87
Bakery,Cakes,Tenkasi,South,1846,0.11,516.88
Snacks,Chocolates,Chennai,South,871,0.18,330.98
Beverages,Health Drinks,Coimbatore,South,1384,0.32,346
Oil & Masala,Masalas,Ramanadhapuram,South,1664,0.35,682.24
Snacks,Cookies,Virudhunagar,South,1058,0.33,190.44
"Eggs, Meat & Fish",Chicken,Cumbum,South,2038,0.2,591.02
Food Grains,Dals & Pulses,Virudhunagar,South,1697,0.3,305.46
Snacks,Cookies,Kanyakumari,South,1464,0.24,409.92
Snacks,Cookies,Tirunelveli,South,2299,0.21,137.94
Oil & Masala,Spices,Bodi,South,615,0.21,147.6
Bakery,Biscuits,Dharmapuri,South,1852,0.23,203.72
Snacks,Noodles,Ramanadhapuram,South,2448,0.21,709.92
Fruits & Veggies,Organic Fruits,Tenkasi,South,832,0.15,41.6
Fruits & Veggies,Organic Fruits,Tirunelveli,South,890,0.29,356
Bakery,Cakes,Kanyakumari,South,1954,0.2,449.42
Snacks,Chocolates,Chennai,South,1355,0.26,298.1
Beverages,Health Drinks,Bodi,South,1955,0.2,97.75
Snacks,Chocolates,Virudhunagar,South,2355,0.26,235.5
Fruits & Veggies,Organic Fruits,Salem,South,1729,0.32,622.44
Snacks,Chocolates,Virudhunagar,South,1082,0.27,238.04
Food Grains,Rice,Dharmapuri,South,2435,0.15,146.1
Fruits & Veggies,Organic Fruits,Pudukottai,South,2492,0.15,822.36
Food Grains,Rice,Tirunelveli,South,1406,0.17,435.86
Snacks,Noodles,Krishnagiri,South,1626,0.32,715.44
Fruits & Veggies,Organic Fruits,Dindigul,South,630,0.35,176.4
Food Grains,Rice,Namakkal,South,570,0.35,125.4
Bakery,Cakes,Vellore,South,2127,0.22,914.61
Food Grains,Atta & Flour,Theni,South,2410,0.28,915.8
Fruits & Veggies,Organic Fruits,Coimbatore,South,1831,0.24,530.99
Food Grains,Atta & Flour,Virudhunagar,South,1870,0.17,598.4
Fruits & Veggies,Organic Fruits,Chennai,South,930,0.11,269.7
Oil & Masala,Masalas,Chennai,South,1599,0.19,271.83
"Eggs, Meat & Fish",Mutton,Coimbatore,South,867,0.28,60.69
Beverages,Soft Drinks,Bodi,South,537,0.17,182.58
Beverages,Soft Drinks,Karur,South,519,0.19,155.7
Beverages,Health Drinks,Madurai,South,1644,0.29,657.6
Bakery,Cakes,Viluppuram,South,816,0.19,367.2
Fruits & Veggies,Fresh Vegetables,Virudhunagar,South,1983,0.14,634.56
Fruits & Veggies,Fresh Fruits,Bodi,South,1443,0.26,187.59
Food Grains,Dals & Pulses,Virudhunagar,South,1080,0.16,118.8
Oil & Masala,Masalas,Perambalur,South,2003,0.3,781.17
Bakery,Breads & Buns,Kanyakumari,South,833,0.11,116.62
Fruits & Veggies,Fresh Fruits,Namakkal,South,2189,0.33,525.36
Food Grains,Rice,Nagercoil,South,1842,0.26,478.92
"Eggs, Meat & Fish",Eggs,Madurai,South,808,0.1,177.76
Bakery,Biscuits,Nagercoil,South,569,0.22,119.49
Oil & Masala,Masalas,Krishnagiri,South,2098,0.25,860.18
Bakery,Cakes,Krishnagiri,South,1609,0.33,273.53
Snacks,Cookies,Vellore,South,1071,0.11,74.97
Food Grains,Organic Staples,Tirunelveli,South,1472,0.1,73.6
Snacks,Noodles,Perambalur,South,1224,0.12,489.6
Snacks,Cookies,Cumbum,South,2219,0.3,110.95
Fruits & Veggies,Organic Fruits,Nagercoil,South,1344,0.21,362.88
Food Grains,Rice,Viluppuram,South,1468,0.16,528.48
"Eggs, Meat & Fish",Fish,Tenkasi,South,725,0.35,253.75
Bakery,Breads & Buns,Dindigul,South,1660,0.2,348.6
"Eggs, Meat & Fish",Mutton,Trichy,West,1828,0.15,712.92
Oil & Masala,Masalas,Dharmapuri,West,2163,0.25,800.31
Oil & Masala,Spices,Dharmapuri,West,1568,0.35,266.56
Oil & Masala,Masalas,Salem,West,1093,0.27,109.3
Fruits & Veggies,Fresh Fruits,Dharmapuri,West,1146,0.3,252.12
Fruits & Veggies,Fresh Fruits,Bodi,West,1666,0.28,299.88
Fruits & Veggies,Fresh Vegetables,Perambalur,West,1188,0.35,534.6
Fruits & Veggies,Organic Fruits,Theni,West,2091,0.11,334.56
Food Grains,Organic Staples,Salem,West,1003,0.12,451.35
Oil & Masala,Spices,Theni,West,517,0.29,67.21
Fruits & Veggies,Fresh Vegetables,Virudhunagar,West,1804,0.23,306.68
Oil & Masala,Masalas,Krishnagiri,West,1934,0.1,464.16
Bakery,Biscuits,Krishnagiri,West,1496,0.27,149.6
Bakery,Breads & Buns,Viluppuram,West,632,0.33,56.88
Beverages,Health Drinks,Kanyakumari,West,943,0.24,66.01
Oil & Masala,Spices,Bodi,West,937,0.25,168.66
Food Grains,Rice,Karur,West,2444,0.23,342.16
Food Grains,Dals & Pulses,Tenkasi,West,1958,0.2,665.72
Food Grains,Atta & Flour,Dindigul,West,2212,0.35,995.4
Bakery,Cakes,Virudhunagar,West,636,0.29,63.6
"Eggs, Meat & Fish",Mutton,Coimbatore,West,1491,0.2,178.92
"Eggs, Meat & Fish",Fish,Tirunelveli,West,825,0.14,49.5
Oil & Masala,Edible Oil & Ghee,Virudhunagar,West,529,0.1,111.09
Fruits & Veggies,Organic Vegetables,Perambalur,West,1011,0.27,333.63
Beverages,Soft Drinks,Dindigul,West,1024,0.31,378.88
Fruits & Veggies,Organic Vegetables,Tirunelveli,West,1226,0.28,392.32
Snacks,Chocolates,Cumbum,West,1515,0.32,212.1
Beverages,Soft Drinks,Tirunelveli,West,869,0.35,199.87
Beverages,Health Drinks,Tenkasi,West,1483,0.31,533.88
Snacks,Noodles,Virudhunagar,West,2112,0.31,232.32
Food Grains,Atta & Flour,Tirunelveli,West,1001,0.34,340.34
Fruits & Veggies,Organic Vegetables,Dharmapuri,West,1083,0.19,292.41
Fruits & Veggies,Fresh Vegetables,Krishnagiri,West,1093,0.21,295.11
Snacks,Cookies,Tirunelveli,West,1000,0.26,160
Food Grains,Atta & Flour,Tirunelveli,West,1414,0.1,565.6
Snacks,Cookies,Ramanadhapuram,West,1275,0.3,63.75
"Eggs, Meat & Fish",Fish,Tirunelveli,West,1805,0.16,794.2
Oil & Masala,Spices,Virudhunagar,West,945,0.16,425.25
"Eggs, Meat & Fish",Eggs,Ooty,West,1852,0.3,629.68
Bakery,Cakes,Virudhunagar,West,1527,0.31,335.94
Bakery,Breads & Buns,Nagercoil,West,1250,0.32,187.5
Snacks,Cookies,Coimbatore,West,720,0.19,64.8
Food Grains,Dals & Pulses,Ramanadhapuram,West,1808,0.16,379.68
Fruits & Veggies,Organic Vegetables,Virudhunagar,West,1890,0.18,680.4
Beverages,Health Drinks,Ramanadhapuram,West,659,0.16,250.42
Oil & Masala,Masalas,Cumbum,West,777,0.2,108.78
Beverages,Soft Drinks,Coimbatore,West,1465,0.22,205.1
"Eggs, Meat & Fish",Eggs,Ramanadhapuram,West,1154,0.22,323.12
Bakery,Breads & Buns,Kanyakumari,West,1060,0.22,434.6
Beverages,Health Drinks,Salem,West,1237,0.22,556.65
Snacks,Cookies,Chennai,West,2165,0.19,692.8
Beverages,Soft Drinks,Karur,West,808,0.34,266.64
"Eggs, Meat & Fish",Eggs,Karur,West,1685,0.12,235.9
Fruits & Veggies,Organic Vegetables,Perambalur,West,1602,0.26,224.28
Beverages,Health Drinks,Pudukottai,West,703,0.21,231.99
"Eggs, Meat & Fish",Eggs,Ramanadhapuram,West,823,0.34,370.35
Food Grains,Atta & Flour,Nagercoil,West,1841,0.2,128.87
Fruits & Veggies,Fresh Vegetables,Trichy,West,668,0.31,86.84
Oil & Masala,Spices,Tirunelveli,West,1701,0.29,680.4
Bakery,Biscuits,Bodi,West,1345,0.15,497.65
Fruits & Veggies,Fresh Fruits,Krishnagiri,West,1755,0.16,403.65
"Eggs, Meat & Fish",Fish,Salem,West,721,0.31,281.19
Food Grains,Organic Staples,Madurai,West,828,0.24,66.24
Bakery,Biscuits,Dharmapuri,West,2142,0.13,771.12
Bakery,Cakes,Tenkasi,West,602,0.34,90.3
Bakery,Biscuits,Dharmapuri,West,2207,0.17,617.96
Snacks,Chocolates,Tenkasi,West,836,0.26,259.16
Food Grains,Dals & Pulses,Dindigul,West,2353,0.11,188.24
Oil & Masala,Edible Oil & Ghee,Dindigul,West,2384,0.32,596
Bakery,Biscuits,Bodi,West,1563,0.25,296.97
Oil & Masala,Edible Oil & Ghee,Salem,West,1852,0.11,111.12
Food Grains,Dals & Pulses,Perambalur,West,1719,0.24,618.84
Oil & Masala,Spices,Theni,West,916,0.25,219.84
Oil & Masala,Masalas,Bodi,West,2231,0.13,624.68
Snacks,Chocolates,Vellore,West,2416,0.31,507.36
Bakery,Breads & Buns,Tenkasi,West,1700,0.23,629
"Eggs, Meat & Fish",Chicken,Namakkal,West,1681,0.28,420.25
Bakery,Cakes,Ramanadhapuram,West,1544,0.2,602.16
Oil & Masala,Edible Oil & Ghee,Cumbum,West,947,0.11,255.69
"Eggs, Meat & Fish",Mutton,Pudukottai,West,1350,0.17,486
"Eggs, Meat & Fish",Chicken,Virudhunagar,West,504,0.18,171.36
Snacks,Chocolates,Tenkasi,West,2198,0.13,945.14
Oil & Masala,Masalas,Nagercoil,West,1902,0.19,798.84
Fruits & Veggies,Organic Fruits,Ooty,West,1138,0.11,386.92
Snacks,Chocolates,Tenkasi,West,1943,0.24,408.03
Beverages,Soft Drinks,Madurai,West,801,0.12,184.23
Beverages,Health Drinks,Tirunelveli,West,734,0.32,58.72
Snacks,Cookies,Namakkal,West,2168,0.21,498.64
Fruits & Veggies,Organic Vegetables,Tenkasi,West,880,0.35,308
Bakery,Biscuits,Perambalur,West,2259,0.32,451.8
Fruits & Veggies,Fresh Fruits,Theni,West,1802,0.16,90.1
Food Grains,Organic Staples,Theni,West,1074,0.16,375.9
Snacks,Chocolates,Theni,West,1405,0.25,477.7
"Eggs, Meat & Fish",Mutton,Cumbum,West,1568,0.15,329.28
Bakery,Breads & Buns,Bodi,West,1759,0.24,545.29
Bakery,Cakes,Dharmapuri,West,2387,0.22,644.49
Beverages,Health Drinks,Bodi,West,2290,0.14,801.5
Snacks,Cookies,Bodi,West,786,0.1,86.46
"Eggs, Meat & Fish",Fish,Salem,West,1225,0.1,196
"Eggs, Meat & Fish",Mutton,Madurai,West,1918,0.19,863.1
Food Grains,Dals & Pulses,Kanyakumari,West,2490,0.14,697.2
Snacks,Cookies,Namakkal,West,1754,0.22,157.86
Snacks,Chocolates,Virudhunagar,West,1518,0.17,667.92
Food Grains,Dals & Pulses,Krishnagiri,West,2036,0.15,875.48
Snacks,Cookies,Tenkasi,West,2424,0.11,848.4
Snacks,Noodles,Tirunelveli,West,2439,0.32,999.99
Food Grains,Organic Staples,Dharmapuri,West,1937,0.34,464.88
Oil & Masala,Spices,Kanyakumari,West,888,0.1,257.52
Bakery,Cakes,Viluppuram,West,1476,0.22,501.84
Oil & Masala,Spices,Theni,West,2099,0.12,146.93
Bakery,Breads & Buns,Madurai,West,1245,0.27,311.25
Food Grains,Rice,Kanyakumari,West,795,0.15,87.45
Oil & Masala,Masalas,Cumbum,West,2396,0.21,622.96
"Eggs, Meat & Fish",Eggs,Tenkasi,West,2266,0.15,929.06
Oil & Masala,Spices,Chennai,Central,574,0.1,109.06
Beverages,Soft Drinks,Viluppuram,Central,830,0.24,149.4
Food Grains,Dals & Pulses,Dindigul,Central,2328,0.31,628.56
Beverages,Soft Drinks,Madurai,Central,666,0.29,133.2
Snacks,Noodles,Coimbatore,Central,713,0.24,292.33
Fruits & Veggies,Organic Vegetables,Krishnagiri,Central,1708,0.25,427
Bakery,Biscuits,Dharmapuri,Central,593,0.29,207.55
Beverages,Health Drinks,Madurai,Central,1487,0.22,282.53
Snacks,Cookies,Bodi,Central,841,0.1,201.84
Fruits & Veggies,Fresh Fruits,Namakkal,Central,1874,0.2,468.5
Oil & Masala,Spices,Perambalur,Central,577,0.33,57.7
Beverages,Health Drinks,Chennai,Central,1046,0.23,83.68
Fruits & Veggies,Fresh Vegetables,Chennai,Central,1328,0.35,517.92
Food Grains,Organic Staples,Chennai,Central,1399,0.13,251.82
Beverages,Soft Drinks,Kanyakumari,Central,2351,0.22,423.18
Bakery,Cakes,Cumbum,Central,2298,0.15,1034.1
Fruits & Veggies,Fresh Vegetables,Krishnagiri,Central,976,0.28,146.4
Fruits & Veggies,Organic Vegetables,Tirunelveli,Central,795,0.28,286.2
Beverages,Soft Drinks,Vellore,Central,1565,0.19,203.45
Food Grains,Atta & Flour,Karur,Central,1371,0.33,233.07
Food Grains,Rice,Kanyakumari,Central,2152,0.17,451.92
Beverages,Health Drinks,Salem,Central,1480,0.35,370
Fruits & Veggies,Organic Vegetables,Nagercoil,Central,944,0.19,84.96
"Eggs, Meat & Fish",Eggs,Tirunelveli,Central,1976,0.2,592.8
Food Grains,Dals & Pulses,Viluppuram,Central,1576,0.26,189.12
Snacks,Noodles,Ooty,Central,1811,0.22,235.43
Food Grains,Rice,Cumbum,Central,1721,0.3,86.05
Oil & Masala,Spices,Salem,Central,796,0.22,71.64
Food Grains,Atta & Flour,Vellore,Central,771,0.32,107.94
Snacks,Chocolates,Nagercoil,Central,2349,0.32,234.9
Fruits & Veggies,Organic Vegetables,Vellore,Central,565,0.35,113
Fruits & Veggies,Fresh Fruits,Bodi,Central,1411,0.28,352.75
"Eggs, Meat & Fish",Mutton,Dharmapuri,Central,1879,0.2,206.69
Bakery,Biscuits,Vellore,Central,2427,0.25,995.07
Snacks,Noodles,Virudhunagar,Central,761,0.21,114.15
Food Grains,Organic Staples,Virudhunagar,Central,2012,0.19,442.64
Oil & Masala,Masalas,Chennai,Central,2422,0.35,484.4
Bakery,Biscuits,Kanyakumari,Central,1937,0.24,406.77
Oil & Masala,Masalas,Salem,Central,2426,0.21,703.54
Fruits & Veggies,Organic Vegetables,Chennai,Central,671,0.23,187.88
"Eggs, Meat & Fish",Fish,Salem,Central,2045,0.35,797.55
Fruits & Veggies,Fresh Vegetables,Krishnagiri,Central,1358,0.25,298.76
Fruits & Veggies,Fresh Vegetables,Virudhunagar,Central,2378,0.3,570.72
"Eggs, Meat & Fish",Fish,Tenkasi,Central,1120,0.17,291.2
Snacks,Chocolates,Theni,Central,1141,0.34,68.46
Oil & Masala,Masalas,Nagercoil,Central,2143,0.33,385.74
Snacks,Chocolates,Virudhunagar,Central,2080,0.35,540.8
Fruits & Veggies,Organic Fruits,Theni,Central,2063,0.18,433.23
"Eggs, Meat & Fish",Mutton,Perambalur,Central,1605,0.17,593.85
"Eggs, Meat & Fish",Chicken,Dindigul,Central,1563,0.21,406.38
Beverages,Soft Drinks,Cumbum,Central,694,0.19,76.34
Oil & Masala,Edible Oil & Ghee,Vellore,Central,2156,0.32,776.16
Oil & Masala,Edible Oil & Ghee,Trichy,Central,1382,0.27,538.98
Oil & Masala,Masalas,Bodi,Central,1700,0.11,204
"Eggs, Meat & Fish",Mutton,Salem,East,1104,0.28,132.48
"Eggs, Meat & Fish",Mutton,Tenkasi,East,793,0.34,142.74
"Eggs, Meat & Fish",Eggs,Namakkal,East,2400,0.32,360
Oil & Masala,Masalas,Cumbum,East,1683,0.25,319.77
Snacks,Cookies,Perambalur,East,1692,0.26,541.44
Oil & Masala,Masalas,Kanyakumari,East,1726,0.22,189.86
Oil & Masala,Masalas,Kanyakumari,East,604,0.1,72.48
Oil & Masala,Spices,Nagercoil,East,1036,0.11,383.32
Oil & Masala,Spices,Coimbatore,East,2061,0.15,927.45
"Eggs, Meat & Fish",Fish,Nagercoil,East,1028,0.21,452.32
Beverages,Soft Drinks,Viluppuram,East,1101,0.26,495.45
Beverages,Soft Drinks,Trichy,East,998,0.12,349.3
Fruits & Veggies,Fresh Fruits,Dharmapuri,East,1862,0.26,614.46
Oil & Masala,Spices,Viluppuram,East,1552,0.34,294.88
Beverages,Soft Drinks,Madurai,East,1354,0.22,270.8
Beverages,Health Drinks,Trichy,East,566,0.19,33.96
Fruits & Veggies,Organic Vegetables,Tenkasi,East,1944,0.11,330.48
Snacks,Cookies,Salem,East,1957,0.16,273.98
Snacks,Chocolates,Karur,East,1561,0.27,702.45
Fruits & Veggies,Organic Vegetables,Bodi,East,1112,0.35,278
Oil & Masala,Masalas,Ooty,East,2401,0.11,600.25
Bakery,Breads & Buns,Coimbatore,East,1186,0.26,59.3
"Eggs, Meat & Fish",Mutton,Pudukottai,East,1853,0.15,129.71
Beverages,Soft Drinks,Bodi,East,624,0.34,168.48
"Eggs, Meat & Fish",Chicken,Ooty,East,2179,0.3,501.17
Oil & Masala,Edible Oil & Ghee,Tenkasi,East,1979,0.18,376.01
Beverages,Health Drinks,Madurai,East,1371,0.28,575.82
Snacks,Noodles,Perambalur,East,1055,0.33,295.4
"Eggs, Meat & Fish",Chicken,Theni,East,661,0.18,79.32
Beverages,Soft Drinks,Namakkal,East,763,0.22,289.94
Bakery,Cakes,Tirunelveli,East,986,0.14,433.84
Fruits & Veggies,Fresh Fruits,Pudukottai,East,1693,0.11,474.04
Bakery,Biscuits,Perambalur,East,2462,0.24,984.8
Fruits & Veggies,Fresh Vegetables,Karur,East,2354,0.12,635.58
Fruits & Veggies,Fresh Vegetables,Kanyakumari,East,1706,0.22,136.48
Snacks,Chocolates,Viluppuram,East,2452,0.18,465.88
Bakery,Cakes,Kanyakumari,East,2066,0.11,123.96
Oil & Masala,Masalas,Cumbum,East,833,0.35,174.93
Fruits & Veggies,Organic Vegetables,Salem,East,1550,0.2,186
Snacks,Noodles,Kanyakumari,East,1447,0.27,332.81
Beverages,Soft Drinks,Nagercoil,East,1795,0.31,574.4
Beverages,Health Drinks,Nagercoil,East,972,0.16,427.68
Beverages,Soft Drinks,Bodi,East,2325,0.13,395.25
Snacks,Cookies,Ramanadhapuram,East,2207,0.35,220.7
Beverages,Soft Drinks,Krishnagiri,East,1665,0.32,466.2
Fruits & Veggies,Organic Vegetables,Cumbum,East,869,0.32,382.36
Beverages,Health Drinks,Trichy,East,1022,0.29,388.36
Bakery,Breads & Buns,Bodi,East,792,0.24,348.48
Oil & Masala,Spices,Trichy,East,1259,0.35,88.13
Snacks,Cookies,Virudhunagar,East,1958,0.21,724.46
Snacks,Cookies,Bodi,East,627,0.33,150.48
Snacks,Noodles,Perambalur,East,1310,0.25,510.9
Food Grains,Atta & Flour,Vellore,East,827,0.27,181.94
Bakery,Breads & Buns,Perambalur,East,1204,0.19,216.72
"Eggs, Meat & Fish",Chicken,Kanyakumari,East,1402,0.1,588.84
Fruits & Veggies,Fresh Fruits,Perambalur,East,2395,0.29,431.1
Beverages,Soft Drinks,Krishnagiri,East,1355,0.31,420.05
Food Grains,Organic Staples,Viluppuram,East,2425,0.22,703.25
Fruits & Veggies,Fresh Vegetables,Perambalur,East,1478,0.23,295.6
Food Grains,Dals & Pulses,Salem,East,2377,0.14,665.56
Food Grains,Rice,Virudhunagar,East,693,0.1,207.9
Food Grains,Rice,Madurai,East,2049,0.14,266.37
"Eggs, Meat & Fish",Mutton,Chennai,East,2014,0.28,725.04
"Eggs, Meat & Fish",Eggs,Krishnagiri,East,2003,0.28,741.11
Oil & Masala,Edible Oil & Ghee,Dharmapuri,East,1470,0.19,426.3
Oil & Masala,Edible Oil & Ghee,Chennai,East,1584,0.31,681.12
Food Grains,Dals & Pulses,Virudhunagar,East,937,0.18,93.7
Oil & Masala,Spices,Salem,East,2181,0.21,174.48
Oil & Masala,Spices,Dindigul,East,2098,0.22,293.72
"Eggs, Meat & Fish",Fish,Dindigul,East,1247,0.19,374.1
Oil & Masala,Masalas,Dharmapuri,East,611,0.16,42.77
Fruits & Veggies,Fresh Fruits,Trichy,East,2158,0.31,366.86
Fruits & Veggies,Fresh Fruits,Tirunelveli,South,1094,0.13,76.58
Beverages,Soft Drinks,Ramanadhapuram,South,597,0.11,185.07
"Eggs, Meat & Fish",Fish,Dindigul,South,1173,0.32,527.85
Bakery,Cakes,Bodi,South,1928,0.24,327.76
Oil & Masala,Masalas,Ooty,South,2045,0.25,633.95
Oil & Masala,Edible Oil & Ghee,Krishnagiri,South,660,0.24,118.8
Beverages,Health Drinks,Ramanadhapuram,South,1925,0.35,269.5
Oil & Masala,Edible Oil & Ghee,Salem,South,1239,0.1,446.04
"Eggs, Meat & Fish",Chicken,Ramanadhapuram,South,586,0.25,134.78
Beverages,Soft Drinks,Cumbum,South,829,0.34,223.83
"Eggs, Meat & Fish",Chicken,Nagercoil,South,1858,0.32,798.94
Snacks,Chocolates,Dindigul,South,650,0.18,234
Food Grains,Atta & Flour,Tirunelveli,South,1243,0.31,385.33
Bakery,Breads & Buns,Nagercoil,South,2481,0.32,471.39
Fruits & Veggies,Organic Vegetables,Pudukottai,South,1725,0.24,483
"Eggs, Meat & Fish",Chicken,Vellore,South,2477,0.34,123.85
"Eggs, Meat & Fish",Mutton,Viluppuram,South,807,0.34,153.33
"Eggs, Meat & Fish",Chicken,Chennai,South,568,0.28,96.56
"Eggs, Meat & Fish",Chicken,Krishnagiri,South,1972,0.16,414.12
Beverages,Soft Drinks,Madurai,South,1355,0.14,135.5
Oil & Masala,Edible Oil & Ghee,Dindigul,South,1677,0.21,620.49
Oil & Masala,Edible Oil & Ghee,Theni,South,1333,0.11,466.55
Snacks,Chocolates,Dindigul,South,927,0.21,46.35
Food Grains,Dals & Pulses,Theni,South,932,0.24,46.6
Beverages,Health Drinks,Trichy,South,1838,0.34,514.64
Fruits & Veggies,Organic Fruits,Karur,South,1377,0.22,165.24
Bakery,Biscuits,Viluppuram,South,1943,0.13,835.49
Fruits & Veggies,Organic Fruits,Viluppuram,South,1460,0.11,146
"Eggs, Meat & Fish",Fish,Krishnagiri,South,722,0.2,64.98
Beverages,Health Drinks,Ooty,South,1284,0.35,256.8
Oil & Masala,Spices,Kanyakumari,South,986,0.13,197.2
Beverages,Health Drinks,Vellore,South,609,0.12,36.54
"Eggs, Meat & Fish",Eggs,Chennai,South,2354,0.34,329.56
Fruits & Veggies,Fresh Vegetables,Tirunelveli,South,1411,0.35,253.98
Bakery,Biscuits,Trichy,South,531,0.22,217.71
Bakery,Cakes,Vellore,South,1905,0.18,685.8
Beverages,Health Drinks,Karur,South,1035,0.17,414
Bakery,Cakes,Theni,South,1818,0.14,472.68
Food Grains,Atta & Flour,Karur,South,1769,0.18,760.67
"Eggs, Meat & Fish",Fish,Theni,South,1113,0.3,434.07
Oil & Masala,Masalas,Kanyakumari,South,2213,0.25,287.69
Bakery,Biscuits,Namakkal,South,2273,0.24,386.41
Fruits & Veggies,Fresh Fruits,Krishnagiri,South,1524,0.31,350.52
Beverages,Health Drinks,Salem,South,995,0.17,129.35
Beverages,Health Drinks,Dharmapuri,South,763,0.35,289.94
Food Grains,Atta & Flour,Tenkasi,South,1056,0.16,232.32
"Eggs, Meat & Fish",Eggs,Tenkasi,South,2221,0.29,932.82
Bakery,Breads & Buns,Dharmapuri,South,949,0.12,180.31
Beverages,Soft Drinks,Viluppuram,South,503,0.1,100.6
Snacks,Chocolates,Coimbatore,South,2081,0.15,749.16
Food Grains,Atta & Flour,Tenkasi,West,582,0.11,128.04
Food Grains,Atta & Flour,Karur,West,1319,0.19,527.6
Food Grains,Atta & Flour,Pudukottai,West,1071,0.17,278.46
"Eggs, Meat & Fish",Fish,Bodi,West,1189,0.25,487.49
Bakery,Biscuits,Dindigul,West,1914,0.12,133.98
Food Grains,Dals & Pulses,Dharmapuri,West,1279,0.26,511.6
Food Grains,Atta & Flour,Perambalur,West,1398,0.25,139.8
Food Grains,Atta & Flour,Salem,West,1389,0.24,416.7
Bakery,Breads & Buns,Karur,West,2445,0.12,978
Snacks,Noodles,Chennai,West,1646,0.31,576.1
Fruits & Veggies,Organic Fruits,Coimbatore,West,519,0.11,36.33
"Eggs, Meat & Fish",Fish,Trichy,West,1104,0.25,331.2
Fruits & Veggies,Organic Fruits,Theni,West,1656,0.16,513.36
Oil & Masala,Edible Oil & Ghee,Perambalur,West,1834,0.1,623.56
"Eggs, Meat & Fish",Mutton,Nagercoil,West,1968,0.23,846.24
Snacks,Cookies,Virudhunagar,West,2010,0.21,402
Food Grains,Dals & Pulses,Vellore,West,2069,0.34,724.15
Oil & Masala,Masalas,Madurai,West,2220,0.3,999
Oil & Masala,Edible Oil & Ghee,Tirunelveli,West,2370,0.19,663.6
Fruits & Veggies,Fresh Fruits,Salem,West,1396,0.32,307.12
Oil & Masala,Edible Oil & Ghee,Tirunelveli,West,1826,0.27,456.5
Bakery,Cakes,Trichy,West,2246,0.35,247.06
Fruits & Veggies,Organic Vegetables,Namakkal,West,2361,0.11,708.3
Fruits & Veggies,Organic Vegetables,Perambalur,West,703,0.35,274.17
Fruits & Veggies,Organic Fruits,Ramanadhapuram,West,1909,0.32,267.26
Bakery,Biscuits,Bodi,West,1339,0.12,307.97
Snacks,Chocolates,Namakkal,West,1244,0.35,223.92
Snacks,Cookies,Dharmapuri,West,2001,0.34,100.05
Fruits & Veggies,Fresh Fruits,Virudhunagar,West,2457,0.1,515.97
Oil & Masala,Masalas,Karur,West,590,0.11,35.4
Snacks,Cookies,Salem,West,1790,0.33,161.1
Bakery,Cakes,Ramanadhapuram,West,684,0.1,75.24
Oil & Masala,Spices,Vellore,West,1802,0.16,108.12
"Eggs, Meat & Fish",Mutton,Ooty,West,2190,0.13,788.4
Fruits & Veggies,Organic Fruits,Coimbatore,West,1919,0.34,211.09
Beverages,Health Drinks,Perambalur,West,920,0.17,349.6
Snacks,Chocolates,Perambalur,West,503,0.33,115.69
Oil & Masala,Edible Oil & Ghee,Pudukottai,West,1073,0.23,375.55
Fruits & Veggies,Fresh Fruits,Virudhunagar,West,941,0.12,329.35
"Eggs, Meat & Fish",Chicken,Tenkasi,West,1361,0.24,231.37
Bakery,Biscuits,Krishnagiri,West,1531,0.16,382.75
Bakery,Biscuits,Vellore,West,791,0.33,324.31
Fruits & Veggies,Organic Vegetables,Perambalur,West,685,0.35,68.5
"Eggs, Meat & Fish",Eggs,Tenkasi,West,672,0.28,302.4
Fruits & Veggies,Organic Vegetables,Pudukottai,West,2070,0.18,248.4
Oil & Masala,Masalas,Trichy,West,1756,0.17,280.96
Oil & Masala,Edible Oil & Ghee,Tirunelveli,West,1987,0.31,258.31
Fruits & Veggies,Fresh Vegetables,Kanyakumari,West,1115,0.33,89.2
Beverages,Soft Drinks,Salem,West,557,0.22,194.95
Fruits & Veggies,Fresh Fruits,Krishnagiri,West,752,0.19,90.24
Food Grains,Organic Staples,Dindigul,West,854,0.18,384.3
Bakery,Breads & Buns,Krishnagiri,West,2011,0.2,784.29
Oil & Masala,Spices,Karur,West,1929,0.1,810.18
Snacks,Cookies,Tirunelveli,West,1613,0.29,661.33
"Eggs, Meat & Fish",Fish,Tirunelveli,West,1640,0.35,639.6
"Eggs, Meat & Fish",Eggs,Pudukottai,West,1476,0.27,546.12
Snacks,Noodles,Tirunelveli,West,2468,0.12,394.88
Snacks,Chocolates,Trichy,West,1581,0.28,300.39
"Eggs, Meat & Fish",Mutton,Vellore,West,2248,0.16,179.84
Oil & Masala,Spices,Chennai,West,1561,0.32,577.57
Oil & Masala,Edible Oil & Ghee,Namakkal,West,546,0.22,212.94
Oil & Masala,Spices,Kanyakumari,West,1355,0.25,596.2
Oil & Masala,Masalas,Tirunelveli,West,1170,0.27,269.1
Bakery,Breads & Buns,Vellore,West,2198,0.29,571.48
Snacks,Noodles,Kanyakumari,West,1916,0.13,574.8
Beverages,Health Drinks,Nagercoil,West,565,0.21,163.85
Beverages,Health Drinks,Theni,West,1643,0.26,394.32
"Eggs, Meat & Fish",Eggs,Salem,West,1020,0.16,204
Food Grains,Rice,Namakkal,West,665,0.25,199.5
Fruits & Veggies,Fresh Fruits,Bodi,West,1000,0.29,420
Beverages,Health Drinks,Coimbatore,West,632,0.35,284.4
Oil & Masala,Spices,Viluppuram,West,2260,0.15,339
Oil & Masala,Edible Oil & Ghee,Coimbatore,West,1929,0.18,327.93
Beverages,Soft Drinks,Perambalur,West,2313,0.25,138.78
Snacks,Cookies,Perambalur,West,2078,0.33,914.32
Beverages,Soft Drinks,Coimbatore,West,2444,0.31,708.76
Oil & Masala,Masalas,Nagercoil,West,2388,0.14,692.52
Snacks,Noodles,Pudukottai,West,979,0.17,146.85
Beverages,Soft Drinks,Dindigul,West,787,0.19,165.27
Bakery,Biscuits,Vellore,Central,765,0.28,344.25
Food Grains,Organic Staples,Dindigul,Central,1020,0.29,51
Oil & Masala,Edible Oil & Ghee,Salem,Central,1045,0.31,125.4
Bakery,Cakes,Viluppuram,Central,1251,0.18,525.42
Fruits & Veggies,Organic Vegetables,Chennai,Central,741,0.16,244.53
Oil & Masala,Masalas,Vellore,Central,1280,0.25,204.8
Food Grains,Rice,Cumbum,Central,782,0.19,156.4
Beverages,Soft Drinks,Pudukottai,Central,633,0.29,234.21
Fruits & Veggies,Organic Fruits,Pudukottai,Central,1765,0.29,547.15
Beverages,Health Drinks,Namakkal,Central,1641,0.29,213.33
Food Grains,Atta & Flour,Trichy,Central,765,0.21,198.9
Fruits & Veggies,Fresh Fruits,Vellore,Central,1349,0.34,364.23
Beverages,Health Drinks,Karur,East,857,0.19,171.4
Oil & Masala,Spices,Cumbum,East,1933,0.23,715.21
Bakery,Biscuits,Nagercoil,East,1010,0.22,50.5
"Eggs, Meat & Fish",Chicken,Nagercoil,East,2292,0.17,320.88
Beverages,Health Drinks,Ooty,East,1675,0.34,268
Bakery,Biscuits,Vellore,East,1712,0.19,633.44
"Eggs, Meat & Fish",Fish,Chennai,East,1835,0.32,128.45
Oil & Masala,Spices,Chennai,East,1286,0.12,501.54
Beverages,Health Drinks,Kanyakumari,East,674,0.3,155.02
Fruits & Veggies,Fresh Vegetables,Krishnagiri,East,2301,0.21,759.33
Oil & Masala,Edible Oil & Ghee,Cumbum,East,1526,0.13,427.28
Snacks,Cookies,Viluppuram,East,770,0.31,161.7
Food Grains,Dals & Pulses,Trichy,East,1342,0.24,67.1
Food Grains,Rice,Salem,East,1091,0.35,294.57
Oil & Masala,Masalas,Dindigul,East,2071,0.26,207.1
Snacks,Chocolates,Bodi,East,1047,0.33,125.64
Snacks,Noodles,Namakkal,East,1009,0.31,161.44
Snacks,Noodles,Salem,East,2099,0.1,818.61
Food Grains,Rice,Krishnagiri,East,2272,0.27,1022.4
Bakery,Cakes,Coimbatore,South,1791,0.28,501.48
Bakery,Breads & Buns,Ooty,South,1904,0.19,171.36
Fruits & Veggies,Organic Vegetables,Coimbatore,South,968,0.29,280.72
Snacks,Chocolates,Tirunelveli,South,1069,0.34,235.18
Oil & Masala,Spices,Theni,South,2357,0.3,707.1
Bakery,Cakes,Namakkal,South,2400,0.23,216
"Eggs, Meat & Fish",Fish,Krishnagiri,South,1343,0.19,120.87
"Eggs, Meat & Fish",Fish,Kanyakumari,South,2216,0.34,997.2
Bakery,Biscuits,Karur,South,1270,0.19,292.1
"Eggs, Meat & Fish",Chicken,Virudhunagar,West,1723,0.19,379.06
Oil & Masala,Edible Oil & Ghee,Madurai,West,1431,0.1,558.09
"Eggs, Meat & Fish",Chicken,Namakkal,West,1314,0.15,118.26
"Eggs, Meat & Fish",Eggs,Chennai,West,740,0.14,148
Fruits & Veggies,Fresh Fruits,Dindigul,West,621,0.2,130.41
Snacks,Cookies,Ramanadhapuram,West,2439,0.34,634.14
Food Grains,Organic Staples,Ramanadhapuram,West,1620,0.11,712.8
Beverages,Soft Drinks,Perambalur,West,1032,0.23,464.4
Snacks,Noodles,Krishnagiri,West,1192,0.28,441.04
Beverages,Health Drinks,Karur,West,1643,0.35,476.47
Fruits & Veggies,Organic Fruits,Tirunelveli,West,525,0.33,220.5
Snacks,Noodles,Dindigul,West,2241,0.27,963.63
Snacks,Cookies,Tirunelveli,West,1522,0.23,487.04
"Eggs, Meat & Fish",Chicken,Madurai,West,1249,0.1,449.64
Bakery,Biscuits,Nagercoil,West,960,0.1,230.4
"Eggs, Meat & Fish",Mutton,Karur,West,2399,0.27,839.65
Snacks,Cookies,Tenkasi,West,1579,0.32,142.11
Bakery,Cakes,Nagercoil,West,1900,0.1,722
Beverages,Health Drinks,Ooty,West,2266,0.17,317.24
Beverages,Soft Drinks,Vellore,West,713,0.1,57.04
Beverages,Health Drinks,Kanyakumari,West,1450,0.16,275.5
Bakery,Cakes,Dindigul,West,2371,0.18,331.94
"Eggs, Meat & Fish",Mutton,Theni,West,993,0.16,307.83
Snacks,Noodles,Karur,West,794,0.31,63.52
Oil & Masala,Edible Oil & Ghee,Krishnagiri,Central,714,0.15,71.4
Snacks,Noodles,Karur,Central,660,0.35,118.8
Oil & Masala,Edible Oil & Ghee,Virudhunagar,Central,644,0.14,154.56
Food Grains,Atta & Flour,Coimbatore,Central,1762,0.12,546.22
Fruits & Veggies,Fresh Vegetables,Tirunelveli,Central,694,0.34,117.98
Food Grains,Rice,Perambalur,Central,2497,0.34,774.07
Fruits & Veggies,Organic Vegetables,Madurai,Central,1437,0.12,316.14
Fruits & Veggies,Fresh Vegetables,Nagercoil,Central,2338,0.32,350.7
Bakery,Breads & Buns,Dindigul,Central,1743,0.27,418.32
Oil & Masala,Edible Oil & Ghee,Perambalur,Central,2065,0.27,826
Beverages,Health Drinks,Dindigul,Central,728,0.24,152.88
Fruits & Veggies,Fresh Fruits,Vellore,Central,1129,0.13,158.06
Fruits & Veggies,Organic Fruits,Dindigul,Central,2491,0.16,622.75
Oil & Masala,Spices,Cumbum,Central,2060,0.11,309
Beverages,Soft Drinks,Cumbum,Central,1444,0.29,202.16
"Eggs, Meat & Fish",Mutton,Krishnagiri,Central,643,0.18,122.17
Food Grains,Rice,Viluppuram,Central,829,0.22,157.51
Fruits & Veggies,Organic Vegetables,Virudhunagar,Central,1284,0.11,205.44
Food Grains,Organic Staples,Perambalur,Central,824,0.3,321.36
Bakery,Cakes,Krishnagiri,Central,1587,0.15,491.97
Oil & Masala,Edible Oil & Ghee,Chennai,Central,754,0.31,196.04
Fruits & Veggies,Organic Vegetables,Tenkasi,Central,1545,0.24,401.7
Beverages,Soft Drinks,Viluppuram,Central,2237,0.32,603.99
Food Grains,Rice,Virudhunagar,Central,1440,0.11,115.2
Food Grains,Organic Staples,Dharmapuri,Central,789,0.27,63.12
Food Grains,Rice,Krishnagiri,Central,1293,0.14,387.9
Beverages,Health Drinks,Bodi,Central,557,0.16,55.7
Snacks,Cookies,Salem,Central,2157,0.26,474.54
Snacks,Cookies,Ramanadhapuram,Central,2004,0.19,801.6
Beverages,Soft Drinks,Salem,Central,1179,0.3,448.02
Oil & Masala,Masalas,Bodi,Central,1684,0.11,336.8
Bakery,Breads & Buns,Dharmapuri,Central,2351,0.32,658.28
"Eggs, Meat & Fish",Eggs,Coimbatore,Central,1874,0.24,262.36
"Eggs, Meat & Fish",Eggs,Ramanadhapuram,Central,2446,0.34,1027.32
Snacks,Chocolates,Kanyakumari,Central,1114,0.28,200.52
"Eggs, Meat & Fish",Chicken,Nagercoil,Central,1181,0.27,401.54
Food Grains,Rice,Trichy,Central,1254,0.33,551.76
Snacks,Noodles,Dharmapuri,Central,656,0.33,255.84
Oil & Masala,Masalas,Krishnagiri,Central,1892,0.2,832.48
Oil & Masala,Edible Oil & Ghee,Ramanadhapuram,Central,2155,0.21,926.65
Snacks,Noodles,Nagercoil,Central,2306,0.35,899.34
Snacks,Chocolates,Chennai,Central,1692,0.24,355.32
Beverages,Soft Drinks,Dindigul,Central,797,0.2,231.13
Snacks,Cookies,Krishnagiri,Central,2320,0.15,371.2
Beverages,Health Drinks,Ooty,Central,1070,0.18,385.2
Oil & Masala,Edible Oil & Ghee,Dharmapuri,Central,1957,0.29,332.69
Snacks,Chocolates,Krishnagiri,Central,1176,0.11,364.56
Oil & Masala,Edible Oil & Ghee,Tirunelveli,Central,1945,0.35,291.75
Snacks,Chocolates,Krishnagiri,Central,2387,0.1,811.58
Beverages,Health Drinks,Ramanadhapuram,Central,599,0.12,113.81
Oil & Masala,Spices,Pudukottai,Central,2183,0.28,327.45
Snacks,Chocolates,Namakkal,Central,1491,0.16,223.65
Beverages,Health Drinks,Dindigul,Central,1202,0.19,504.84
Beverages,Soft Drinks,Tirunelveli,Central,1499,0.18,584.61
Oil & Masala,Edible Oil & Ghee,Kanyakumari,Central,1126,0.11,484.18
Bakery,Cakes,Coimbatore,Central,922,0.21,202.84
Oil & Masala,Spices,Ramanadhapuram,Central,640,0.3,211.2
Snacks,Cookies,Trichy,Central,589,0.22,170.81
"Eggs, Meat & Fish",Chicken,Kanyakumari,Central,1010,0.34,101
Snacks,Noodles,Salem,Central,1220,0.26,366
Snacks,Cookies,Perambalur,Central,1885,0.1,490.1
Oil & Masala,Spices,Ramanadhapuram,Central,2301,0.19,575.25
Oil & Masala,Edible Oil & Ghee,Perambalur,Central,1819,0.3,272.85
Oil & Masala,Edible Oil & Ghee,Coimbatore,Central,1242,0.17,397.44
"Eggs, Meat & Fish",Fish,Ooty,Central,1319,0.29,567.17
Oil & Masala,Edible Oil & Ghee,Cumbum,Central,1750,0.3,140
Food Grains,Dals & Pulses,Vellore,Central,1099,0.19,98.91
"Eggs, Meat & Fish",Mutton,Madurai,Central,614,0.25,208.76
Snacks,Chocolates,Virudhunagar,Central,793,0.12,301.34
Food Grains,Organic Staples,Cumbum,Central,1500,0.32,450
Beverages,Soft Drinks,Cumbum,Central,964,0.29,115.68
Bakery,Biscuits,Krishnagiri,Central,899,0.12,287.68
Beverages,Health Drinks,Perambalur,Central,2386,0.34,835.1
Bakery,Breads & Buns,Nagercoil,Central,1382,0.25,345.5
"Eggs, Meat & Fish",Fish,Chennai,Central,523,0.12,94.14
Beverages,Health Drinks,Tirunelveli,Central,2439,0.25,292.68
Food Grains,Rice,Karur,Central,1569,0.15,674.67
"Eggs, Meat & Fish",Eggs,Kanyakumari,East,2317,0.25,139.02
Snacks,Noodles,Kanyakumari,East,1576,0.23,425.52
Snacks,Noodles,Madurai,East,1736,0.23,156.24
Bakery,Cakes,Viluppuram,East,2097,0.1,712.98
Food Grains,Dals & Pulses,Perambalur,East,2222,0.34,244.42
Beverages,Health Drinks,Pudukottai,East,1588,0.35,666.96
"Eggs, Meat & Fish",Eggs,Pudukottai,East,2477,0.12,569.71
Snacks,Cookies,Trichy,East,913,0.13,219.12
Bakery,Biscuits,Perambalur,East,2252,0.22,653.08
Oil & Masala,Masalas,Salem,East,2065,0.17,351.05
Bakery,Breads & Buns,Krishnagiri,East,1911,0.3,210.21
"Eggs, Meat & Fish",Fish,Ramanadhapuram,East,1164,0.35,162.96
Food Grains,Rice,Vellore,East,1558,0.35,420.66
"Eggs, Meat & Fish",Chicken,Tenkasi,East,1572,0.24,172.92
"Eggs, Meat & Fish",Chicken,Ooty,East,2340,0.26,725.4
Beverages,Soft Drinks,Vellore,East,1138,0.34,79.66
Food Grains,Rice,Trichy,East,1749,0.35,647.13
Beverages,Soft Drinks,Trichy,East,1473,0.31,176.76
Bakery,Cakes,Madurai,East,1363,0.29,354.38
Fruits & Veggies,Fresh Vegetables,Bodi,East,1973,0.26,611.63
Beverages,Health Drinks,Namakkal,East,931,0.22,400.33
Bakery,Cakes,Ooty,East,811,0.33,121.65
Snacks,Noodles,Pudukottai,East,2278,0.29,1025.1
Snacks,Noodles,Ramanadhapuram,East,2459,0.28,713.11
Food Grains,Dals & Pulses,Dharmapuri,East,2493,0.21,573.39
Oil & Masala,Masalas,Dindigul,East,1529,0.2,626.89
Snacks,Noodles,Bodi,East,2449,0.19,783.68
Snacks,Noodles,Dharmapuri,East,1764,0.24,317.52
Snacks,Noodles,Viluppuram,East,2132,0.1,874.12
Snacks,Chocolates,Viluppuram,East,1873,0.23,618.09
Fruits & Veggies,Organic Vegetables,Kanyakumari,East,2104,0.23,420.8
Oil & Masala,Edible Oil & Ghee,Perambalur,East,1057,0.24,73.99
Beverages,Soft Drinks,Cumbum,East,1751,0.28,752.93
Beverages,Health Drinks,Salem,East,697,0.22,34.85
Snacks,Chocolates,Karur,East,738,0.14,258.3
Snacks,Cookies,Cumbum,East,1724,0.32,310.32
Fruits & Veggies,Fresh Vegetables,Krishnagiri,East,2174,0.13,152.18
Food Grains,Atta & Flour,Vellore,East,2139,0.23,320.85
Oil & Masala,Masalas,Vellore,East,2313,0.31,1040.85
Snacks,Noodles,Madurai,East,500,0.11,95
Snacks,Noodles,Namakkal,East,1856,0.16,686.72
Food Grains,Dals & Pulses,Cumbum,East,2153,0.24,667.43
Beverages,Health Drinks,Vellore,East,2247,0.33,966.21
"Eggs, Meat & Fish",Chicken,Viluppuram,East,1674,0.14,100.44
Oil & Masala,Spices,Cumbum,East,1381,0.13,165.72
Bakery,Biscuits,Pudukottai,East,1329,0.3,225.93
Beverages,Health Drinks,Krishnagiri,East,571,0.35,216.98
Fruits & Veggies,Organic Vegetables,Dharmapuri,East,629,0.27,75.48
Food Grains,Organic Staples,Madurai,East,814,0.21,350.02
Beverages,Soft Drinks,Bodi,East,926,0.29,194.46
Food Grains,Rice,Ramanadhapuram,East,1397,0.26,321.31
Beverages,Health Drinks,Krishnagiri,East,770,0.23,269.5
Food Grains,Atta & Flour,Vellore,East,508,0.32,203.2
Oil & Masala,Masalas,Bodi,East,1627,0.13,699.61
"Eggs, Meat & Fish",Fish,Kanyakumari,East,2329,0.13,163.03
Bakery,Biscuits,Coimbatore,East,1895,0.26,587.45
Fruits & Veggies,Organic Fruits,Pudukottai,East,1626,0.25,211.38
Snacks,Cookies,Viluppuram,East,947,0.24,426.15
Snacks,Noodles,Dindigul,East,974,0.15,107.14
Beverages,Health Drinks,Chennai,East,1868,0.16,579.08
"Eggs, Meat & Fish",Eggs,Perambalur,East,1007,0.23,362.52
"Eggs, Meat & Fish",Chicken,Salem,East,2309,0.17,161.63
"Eggs, Meat & Fish",Fish,Coimbatore,East,2100,0.11,315
"Eggs, Meat & Fish",Eggs,Viluppuram,East,1432,0.29,71.6
Oil & Masala,Edible Oil & Ghee,Ooty,East,1338,0.34,200.7
Snacks,Chocolates,Viluppuram,East,1432,0.11,587.12
Food Grains,Organic Staples,Salem,East,1780,0.22,712
Snacks,Chocolates,Bodi,East,1453,0.26,639.32
Bakery,Cakes,Chennai,East,583,0.26,69.96
Fruits & Veggies,Organic Vegetables,Pudukottai,East,1530,0.18,367.2
Oil & Masala,Edible Oil & Ghee,Nagercoil,East,2259,0.27,406.62
Food Grains,Organic Staples,Perambalur,East,1738,0.29,729.96
Oil & Masala,Spices,Nagercoil,East,747,0.34,291.33
Snacks,Cookies,Bodi,East,1895,0.15,132.65
"Eggs, Meat & Fish",Mutton,Trichy,East,1318,0.15,210.88
"Eggs, Meat & Fish",Eggs,Namakkal,East,1213,0.15,509.46
Beverages,Soft Drinks,Viluppuram,East,2478,0.35,520.38
Beverages,Health Drinks,Viluppuram,East,648,0.19,136.08
Snacks,Cookies,Chennai,East,1710,0.28,153.9
"Eggs, Meat & Fish",Eggs,Namakkal,East,1313,0.16,105.04
Oil & Masala,Edible Oil & Ghee,Chennai,East,1800,0.15,414
Bakery,Biscuits,Nagercoil,East,1811,0.32,488.97
Snacks,Cookies,Cumbum,East,548,0.17,115.08
Bakery,Breads & Buns,Tirunelveli,South,2396,0.16,742.76
Snacks,Noodles,Krishnagiri,South,638,0.1,121.22
Oil & Masala,Spices,Viluppuram,South,1189,0.31,107.01
Fruits & Veggies,Fresh Vegetables,Krishnagiri,South,1029,0.3,329.28
Beverages,Health Drinks,Krishnagiri,South,1406,0.27,421.8
Beverages,Soft Drinks,Viluppuram,South,1435,0.19,416.15
Snacks,Chocolates,Coimbatore,South,1090,0.35,65.4
Fruits & Veggies,Fresh Fruits,Pudukottai,South,1613,0.3,290.34
Oil & Masala,Edible Oil & Ghee,Perambalur,South,1108,0.27,77.56
Fruits & Veggies,Organic Fruits,Dharmapuri,South,2401,0.14,984.41
Fruits & Veggies,Organic Fruits,Tenkasi,South,832,0.2,366.08
Oil & Masala,Masalas,Chennai,South,550,0.23,104.5
Snacks,Noodles,Dharmapuri,South,1881,0.23,319.77
Beverages,Health Drinks,Pudukottai,South,2403,0.15,480.6
Snacks,Noodles,Vellore,South,1357,0.16,67.85
Oil & Masala,Edible Oil & Ghee,Cumbum,South,2151,0.27,881.91
Bakery,Cakes,Salem,South,2381,0.27,619.06
Snacks,Cookies,Salem,South,1599,0.14,559.65
Oil & Masala,Masalas,Vellore,South,2419,0.12,120.95
Food Grains,Organic Staples,Ramanadhapuram,South,501,0.28,65.13
"Eggs, Meat & Fish",Chicken,Madurai,South,2099,0.16,923.56
Fruits & Veggies,Organic Vegetables,Dindigul,South,1274,0.14,433.16
Snacks,Cookies,Salem,South,1418,0.11,368.68
Bakery,Breads & Buns,Namakkal,South,591,0.34,65.01
Fruits & Veggies,Organic Fruits,Trichy,South,1375,0.32,233.75
Fruits & Veggies,Fresh Fruits,Karur,South,2342,0.32,772.86
Beverages,Soft Drinks,Nagercoil,South,2167,0.11,411.73
Beverages,Soft Drinks,Salem,South,2327,0.32,511.94
Fruits & Veggies,Fresh Fruits,Chennai,South,571,0.2,222.69
"Eggs, Meat & Fish",Chicken,Ooty,South,996,0.28,239.04
Oil & Masala,Edible Oil & Ghee,Namakkal,South,650,0.16,78
Oil & Masala,Masalas,Pudukottai,South,1472,0.13,235.52
Food Grains,Dals & Pulses,Dindigul,South,1547,0.21,448.63
Beverages,Soft Drinks,Tirunelveli,South,562,0.18,241.66
Oil & Masala,Edible Oil & Ghee,Coimbatore,South,2139,0.11,470.58
Beverages,Health Drinks,Salem,South,673,0.21,174.98
Food Grains,Atta & Flour,Virudhunagar,South,1824,0.25,820.8
"Eggs, Meat & Fish",Mutton,Coimbatore,South,2086,0.28,625.8
"Eggs, Meat & Fish",Fish,Tenkasi,South,1882,0.34,639.88
Beverages,Soft Drinks,Tenkasi,South,1471,0.27,397.17
Fruits & Veggies,Organic Fruits,Dindigul,South,980,0.29,49
Beverages,Soft Drinks,Perambalur,South,1457,0.33,291.4
"Eggs, Meat & Fish",Eggs,Karur,South,2421,0.23,677.88
Food Grains,Atta & Flour,Viluppuram,South,2499,0.31,149.94
Snacks,Cookies,Kanyakumari,South,1056,0.13,337.92
Oil & Masala,Masalas,Perambalur,South,1787,0.22,607.58
Fruits & Veggies,Fresh Vegetables,Chennai,South,1836,0.11,257.04
Snacks,Noodles,Viluppuram,South,1033,0.1,340.89
Bakery,Breads & Buns,Chennai,South,664,0.11,119.52
Bakery,Cakes,Chennai,South,1669,0.25,634.22
Oil & Masala,Edible Oil & Ghee,Viluppuram,South,952,0.28,352.24
Food Grains,Rice,Viluppuram,South,668,0.24,273.88
Beverages,Soft Drinks,Krishnagiri,South,510,0.22,132.6
Snacks,Cookies,Tirunelveli,South,1612,0.22,403
Snacks,Chocolates,Tenkasi,South,638,0.21,236.06
Snacks,Chocolates,Nagercoil,South,1800,0.25,540
Fruits & Veggies,Fresh Vegetables,Karur,South,1273,0.1,305.52
Snacks,Noodles,Theni,South,988,0.33,286.52
Snacks,Cookies,Ooty,South,1063,0.27,265.75
Food Grains,Atta & Flour,Chennai,South,1190,0.15,226.1
Fruits & Veggies,Fresh Fruits,Virudhunagar,South,936,0.35,327.6
Food Grains,Organic Staples,Vellore,South,1108,0.27,321.32
Fruits & Veggies,Fresh Vegetables,Coimbatore,South,1778,0.2,604.52
Beverages,Health Drinks,Coimbatore,South,1768,0.34,707.2
Food Grains,Atta & Flour,Dindigul,South,2091,0.32,899.13
Oil & Masala,Edible Oil & Ghee,Trichy,South,1544,0.18,92.64
"Eggs, Meat & Fish",Mutton,Dindigul,West,2191,0.25,394.38
Oil & Masala,Masalas,Namakkal,West,647,0.3,187.63
Beverages,Soft Drinks,Dharmapuri,West,2331,0.19,932.4
Beverages,Health Drinks,Viluppuram,West,522,0.12,198.36
Oil & Masala,Edible Oil & Ghee,Chennai,West,2273,0.12,704.63
"Eggs, Meat & Fish",Fish,Ooty,West,1998,0.21,619.38
"Eggs, Meat & Fish",Fish,Krishnagiri,West,1468,0.29,117.44
Food Grains,Rice,Vellore,West,756,0.3,166.32
Snacks,Chocolates,Kanyakumari,West,2428,0.15,655.56
Beverages,Health Drinks,Dindigul,West,709,0.26,56.72
"Eggs, Meat & Fish",Chicken,Cumbum,West,2310,0.14,392.7
"Eggs, Meat & Fish",Chicken,Dharmapuri,West,1369,0.11,561.29
Oil & Masala,Edible Oil & Ghee,Madurai,West,1240,0.33,496
"Eggs, Meat & Fish",Chicken,Trichy,West,2105,0.35,484.15
Oil & Masala,Masalas,Theni,West,2443,0.26,1001.63
Snacks,Noodles,Pudukottai,West,1293,0.16,478.41
Fruits & Veggies,Fresh Fruits,Tirunelveli,West,2476,0.32,866.6
"Eggs, Meat & Fish",Fish,Tenkasi,West,2389,0.21,645.03
"Eggs, Meat & Fish",Mutton,Perambalur,West,1478,0.15,561.64
"Eggs, Meat & Fish",Fish,Namakkal,West,553,0.2,33.18
Fruits & Veggies,Organic Fruits,Pudukottai,West,1131,0.31,260.13
Snacks,Cookies,Vellore,West,706,0.31,275.34
"Eggs, Meat & Fish",Eggs,Madurai,West,2367,0.35,852.12
Food Grains,Organic Staples,Trichy,West,1009,0.22,242.16
Snacks,Chocolates,Trichy,West,1524,0.18,426.72
"Eggs, Meat & Fish",Mutton,Kanyakumari,West,823,0.12,98.76
Beverages,Soft Drinks,Perambalur,West,839,0.34,41.95
Bakery,Breads & Buns,Vellore,West,1894,0.23,795.48
Food Grains,Atta & Flour,Dharmapuri,West,2457,0.31,761.67
Oil & Masala,Masalas,Namakkal,West,570,0.17,182.4
"Eggs, Meat & Fish",Fish,Virudhunagar,West,2034,0.22,386.46
"Eggs, Meat & Fish",Fish,Cumbum,West,852,0.13,323.76
Bakery,Breads & Buns,Tirunelveli,West,747,0.15,298.8
Fruits & Veggies,Fresh Fruits,Ramanadhapuram,West,1355,0.19,243.9
"Eggs, Meat & Fish",Eggs,Virudhunagar,West,2297,0.17,643.16
Bakery,Cakes,Namakkal,West,1712,0.35,119.84
Fruits & Veggies,Fresh Vegetables,Theni,West,1400,0.24,196
Bakery,Breads & Buns,Virudhunagar,West,846,0.26,135.36
Food Grains,Organic Staples,Dharmapuri,West,1019,0.27,315.89
Oil & Masala,Spices,Trichy,West,830,0.1,348.6
Snacks,Noodles,Bodi,West,655,0.15,124.45
"Eggs, Meat & Fish",Chicken,Madurai,West,2316,0.19,1019.04
Snacks,Cookies,Nagercoil,West,1359,0.34,366.93
Beverages,Soft Drinks,Nagercoil,West,820,0.22,311.6
Beverages,Health Drinks,Virudhunagar,West,2069,0.24,600.01
Beverages,Soft Drinks,Tirunelveli,West,1634,0.33,81.7
Food Grains,Rice,Nagercoil,West,654,0.29,65.4
Beverages,Health Drinks,Nagercoil,West,1785,0.35,285.6
Snacks,Noodles,Chennai,West,2494,0.11,498.8
Snacks,Chocolates,Cumbum,West,1323,0.15,132.3
Beverages,Health Drinks,Vellore,West,2086,0.32,730.1
Food Grains,Dals & Pulses,Namakkal,West,1460,0.22,365
Fruits & Veggies,Fresh Vegetables,Tenkasi,West,2303,0.27,529.69
Oil & Masala,Masalas,Pudukottai,West,2026,0.12,810.4
"Eggs, Meat & Fish",Mutton,Nagercoil,West,863,0.35,120.82
"Eggs, Meat & Fish",Eggs,Viluppuram,West,931,0.25,65.17
Fruits & Veggies,Organic Vegetables,Vellore,West,1435,0.12,373.1
Oil & Masala,Edible Oil & Ghee,Kanyakumari,West,2147,0.18,772.92
Food Grains,Organic Staples,Namakkal,West,2163,0.3,475.86
Oil & Masala,Edible Oil & Ghee,Bodi,West,1767,0.2,318.06
Beverages,Soft Drinks,Cumbum,West,1325,0.3,106
Snacks,Noodles,Trichy,West,1675,0.21,569.5
Oil & Masala,Edible Oil & Ghee,Viluppuram,West,1335,0.19,480.6
"Eggs, Meat & Fish",Mutton,Tenkasi,West,1813,0.28,290.08
Fruits & Veggies,Fresh Fruits,Bodi,West,1665,0.22,149.85
Food Grains,Dals & Pulses,Trichy,West,608,0.18,60.8
Food Grains,Organic Staples,Bodi,West,1695,0.3,355.95
Beverages,Health Drinks,Cumbum,West,1187,0.23,71.22
Food Grains,Dals & Pulses,Virudhunagar,West,769,0.16,153.8
Oil & Masala,Masalas,Salem,West,617,0.3,67.87
Snacks,Noodles,Krishnagiri,West,2313,0.23,763.29
Bakery,Breads & Buns,Tirunelveli,West,1449,0.16,72.45
Food Grains,Rice,Cumbum,West,1865,0.33,149.2
Bakery,Breads & Buns,Nagercoil,West,512,0.27,220.16
Bakery,Biscuits,Kanyakumari,West,2389,0.35,430.02
Snacks,Cookies,Tenkasi,West,1468,0.11,205.52
"Eggs, Meat & Fish",Chicken,Salem,West,812,0.13,251.72
Snacks,Noodles,Virudhunagar,West,2377,0.2,237.7
Oil & Masala,Masalas,Viluppuram,West,1392,0.25,459.36
Fruits & Veggies,Fresh Fruits,Ramanadhapuram,West,561,0.34,39.27
Beverages,Soft Drinks,Theni,West,686,0.19,253.82
Snacks,Cookies,Krishnagiri,West,732,0.35,131.76
Snacks,Chocolates,Virudhunagar,West,1662,0.23,199.44
Fruits & Veggies,Organic Vegetables,Karur,West,2375,0.31,498.75
Fruits & Veggies,Fresh Fruits,Trichy,West,1899,0.27,322.83
Bakery,Breads & Buns,Namakkal,West,1644,0.12,131.52
Beverages,Health Drinks,Nagercoil,West,1419,0.21,340.56
Bakery,Breads & Buns,Bodi,West,1922,0.18,845.68
Food Grains,Organic Staples,Cumbum,West,1296,0.3,77.76
Bakery,Breads & Buns,Ramanadhapuram,West,571,0.26,216.98
Bakery,Breads & Buns,Bodi,West,2196,0.21,263.52
Food Grains,Organic Staples,Namakkal,West,748,0.18,89.76
Snacks,Noodles,Kanyakumari,West,1137,0.12,147.81
Food Grains,Organic Staples,Chennai,West,1353,0.28,514.14
Snacks,Chocolates,Chennai,West,522,0.19,31.32
Food Grains,Rice,Trichy,West,2488,0.15,622
Food Grains,Rice,Dharmapuri,West,2396,0.3,335.44
Snacks,Cookies,Viluppuram,West,1090,0.13,305.2
Beverages,Soft Drinks,Cumbum,West,2202,0.2,220.2
Fruits & Veggies,Fresh Fruits,Pudukottai,West,2066,0.25,681.78
Snacks,Cookies,Viluppuram,West,514,0.11,133.64
Beverages,Soft Drinks,Viluppuram,West,1885,0.1,245.05
Beverages,Soft Drinks,Karur,West,1793,0.27,89.65
"Eggs, Meat & Fish",Eggs,Namakkal,West,1417,0.23,368.42
Oil & Masala,Edible Oil & Ghee,Tirunelveli,West,587,0.15,46.96
Fruits & Veggies,Organic Fruits,Kanyakumari,West,1920,0.14,556.8
Snacks,Noodles,Karur,West,2058,0.11,720.3
Oil & Masala,Spices,Krishnagiri,West,1100,0.27,440
Bakery,Breads & Buns,Chennai,West,2357,0.23,164.99
Fruits & Veggies,Organic Vegetables,Pudukottai,West,2440,0.11,878.4
Bakery,Biscuits,Namakkal,West,2321,0.11,742.72
Bakery,Biscuits,Perambalur,West,932,0.27,326.2
Fruits & Veggies,Fresh Vegetables,Kanyakumari,Central,1451,0.25,435.3
Snacks,Noodles,Bodi,Central,523,0.34,109.83
"Eggs, Meat & Fish",Eggs,Coimbatore,Central,2446,0.24,1051.78
Beverages,Soft Drinks,Kanyakumari,Central,1623,0.12,632.97
Food Grains,Rice,Perambalur,Central,2056,0.16,514
Fruits & Veggies,Fresh Fruits,Virudhunagar,Central,1278,0.11,383.4
Fruits & Veggies,Fresh Vegetables,Chennai,Central,2451,0.16,147.06
Bakery,Biscuits,Bodi,Central,531,0.25,169.92
Oil & Masala,Spices,Pudukottai,Central,2378,0.12,856.08
Food Grains,Organic Staples,Dharmapuri,Central,1300,0.28,585
Oil & Masala,Edible Oil & Ghee,Cumbum,Central,2023,0.21,586.67
Beverages,Soft Drinks,Chennai,Central,1986,0.27,536.22
Bakery,Breads & Buns,Theni,Central,1714,0.2,737.02
"Eggs, Meat & Fish",Mutton,Pudukottai,Central,2171,0.33,260.52
Bakery,Cakes,Vellore,Central,1934,0.34,96.7
"Eggs, Meat & Fish",Chicken,Krishnagiri,Central,1230,0.25,184.5
Snacks,Noodles,Virudhunagar,Central,1472,0.34,588.8
Beverages,Soft Drinks,Dindigul,Central,1453,0.3,334.19
Snacks,Chocolates,Theni,Central,1180,0.11,531
"Eggs, Meat & Fish",Fish,Madurai,Central,825,0.34,140.25
Bakery,Breads & Buns,Salem,Central,1992,0.21,836.64
Bakery,Breads & Buns,Coimbatore,Central,1258,0.34,150.96
Beverages,Health Drinks,Ooty,Central,1882,0.15,583.42
Beverages,Soft Drinks,Perambalur,Central,645,0.1,45.15
Oil & Masala,Masalas,Theni,Central,2308,0.29,1038.6
Beverages,Health Drinks,Theni,Central,609,0.16,170.52
Food Grains,Atta & Flour,Nagercoil,Central,651,0.12,188.79
Bakery,Cakes,Bodi,Central,1609,0.31,96.54
Beverages,Health Drinks,Ramanadhapuram,Central,1828,0.25,383.88
Beverages,Soft Drinks,Ooty,Central,1739,0.15,347.8
Food Grains,Dals & Pulses,Pudukottai,Central,1132,0.33,283
Beverages,Soft Drinks,Madurai,Central,2459,0.32,467.21
Beverages,Health Drinks,Krishnagiri,Central,1247,0.31,137.17
Beverages,Soft Drinks,Ooty,Central,1449,0.28,333.27
Food Grains,Atta & Flour,Nagercoil,Central,1247,0.32,211.99
Fruits & Veggies,Fresh Vegetables,Pudukottai,Central,1911,0.35,286.65
Fruits & Veggies,Organic Fruits,Perambalur,Central,2305,0.34,345.75
Food Grains,Dals & Pulses,Namakkal,Central,2494,0.2,523.74
Bakery,Biscuits,Kanyakumari,Central,2467,0.17,296.04
Food Grains,Rice,Perambalur,Central,2473,0.15,321.49
Bakery,Biscuits,Perambalur,Central,907,0.17,362.8
Food Grains,Organic Staples,Virudhunagar,Central,1566,0.11,485.46
Bakery,Cakes,Virudhunagar,Central,583,0.28,151.58
"Eggs, Meat & Fish",Mutton,Trichy,Central,1813,0.25,145.04
Beverages,Soft Drinks,Karur,Central,1729,0.15,708.89
Fruits & Veggies,Organic Vegetables,Tirunelveli,Central,2462,0.23,837.08
Bakery,Breads & Buns,Theni,Central,1666,0.34,283.22
Beverages,Health Drinks,Tirunelveli,Central,541,0.13,129.84
Snacks,Noodles,Perambalur,Central,1811,0.18,706.29
Oil & Masala,Masalas,Chennai,Central,2382,0.16,262.02
Snacks,Noodles,Namakkal,Central,1746,0.23,122.22
Bakery,Breads & Buns,Namakkal,Central,1343,0.12,282.03
Oil & Masala,Edible Oil & Ghee,Chennai,Central,1467,0.12,410.76
Beverages,Health Drinks,Ooty,Central,907,0.33,63.49
Snacks,Chocolates,Viluppuram,Central,595,0.23,178.5
Bakery,Biscuits,Chennai,Central,691,0.15,297.13
Food Grains,Rice,Dindigul,Central,2222,0.3,266.64
Bakery,Cakes,Vellore,Central,1733,0.31,225.29
Beverages,Health Drinks,Vellore,Central,1060,0.28,455.8
Oil & Masala,Masalas,Vellore,Central,926,0.14,157.42
Bakery,Breads & Buns,Ramanadhapuram,Central,824,0.15,164.8
Fruits & Veggies,Organic Vegetables,Coimbatore,Central,1112,0.13,200.16
Bakery,Biscuits,Tirunelveli,Central,898,0.24,224.5
"Eggs, Meat & Fish",Eggs,Ooty,Central,1293,0.2,297.39
Oil & Masala,Spices,Dharmapuri,Central,619,0.21,55.71
Fruits & Veggies,Organic Fruits,Tenkasi,Central,2480,0.35,520.8
"Eggs, Meat & Fish",Chicken,Tirunelveli,Central,1931,0.2,675.85
Oil & Masala,Spices,Vellore,Central,1923,0.12,134.61
Snacks,Cookies,Perambalur,Central,1798,0.21,215.76
Snacks,Chocolates,Tenkasi,Central,1866,0.25,130.62
Oil & Masala,Masalas,Tirunelveli,Central,877,0.14,368.34
Fruits & Veggies,Organic Vegetables,Salem,Central,1175,0.23,517
Beverages,Soft Drinks,Tenkasi,Central,1669,0.25,650.91
"Eggs, Meat & Fish",Fish,Cumbum,Central,1219,0.18,414.46
Beverages,Health Drinks,Dharmapuri,Central,1356,0.21,379.68
Bakery,Cakes,Madurai,Central,1006,0.24,352.1
Bakery,Breads & Buns,Coimbatore,Central,894,0.28,357.6
Bakery,Biscuits,Ramanadhapuram,Central,1353,0.29,405.9
Oil & Masala,Spices,Ramanadhapuram,Central,2083,0.29,791.54
Bakery,Breads & Buns,Tenkasi,Central,2160,0.15,172.8
Fruits & Veggies,Organic Vegetables,Trichy,Central,1923,0.19,384.6
Food Grains,Organic Staples,Cumbum,Central,907,0.15,263.03
Snacks,Noodles,Tenkasi,Central,1687,0.2,438.62
Fruits & Veggies,Organic Fruits,Dharmapuri,Central,1033,0.16,433.86
"Eggs, Meat & Fish",Mutton,Virudhunagar,Central,1959,0.11,666.06
Fruits & Veggies,Organic Vegetables,Dindigul,Central,1693,0.11,592.55
Fruits & Veggies,Organic Vegetables,Madurai,Central,1174,0.13,363.94
Bakery,Cakes,Viluppuram,Central,2337,0.17,841.32
Food Grains,Rice,Theni,Central,2323,0.26,278.76
Oil & Masala,Spices,Tirunelveli,Central,2075,0.23,166
Snacks,Chocolates,Chennai,Central,1989,0.23,159.12
Oil & Masala,Edible Oil & Ghee,Perambalur,Central,2033,0.15,894.52
Fruits & Veggies,Organic Fruits,Coimbatore,Central,1560,0.14,655.2
Oil & Masala,Masalas,Tenkasi,Central,1549,0.23,278.82
Snacks,Chocolates,Karur,Central,720,0.19,86.4
Fruits & Veggies,Fresh Vegetables,Tenkasi,Central,2195,0.27,109.75
Snacks,Noodles,Nagercoil,Central,622,0.21,49.76
Bakery,Biscuits,Karur,Central,1376,0.31,522.88
Food Grains,Organic Staples,Ooty,Central,1046,0.19,376.56
Fruits & Veggies,Fresh Fruits,Cumbum,Central,2098,0.3,818.22
Snacks,Chocolates,Salem,Central,1061,0.29,392.57
Oil & Masala,Edible Oil & Ghee,Theni,Central,799,0.35,151.81
Bakery,Breads & Buns,Salem,Central,1443,0.15,591.63
Beverages,Health Drinks,Bodi,Central,676,0.22,162.24
Bakery,Cakes,Theni,Central,1346,0.3,457.64
Bakery,Breads & Buns,Krishnagiri,Central,2106,0.32,231.66
Fruits & Veggies,Organic Vegetables,Krishnagiri,Central,1951,0.1,624.32
Oil & Masala,Masalas,Ramanadhapuram,Central,1245,0.24,448.2
Food Grains,Dals & Pulses,Tenkasi,Central,1825,0.24,292
Bakery,Breads & Buns,Karur,Central,1094,0.24,415.72
Oil & Masala,Edible Oil & Ghee,Pudukottai,Central,1417,0.33,410.93
Food Grains,Atta & Flour,Chennai,Central,1170,0.33,105.3
Oil & Masala,Spices,Cumbum,Central,926,0.15,268.54
"Eggs, Meat & Fish",Chicken,Krishnagiri,Central,646,0.16,51.68
"Eggs, Meat & Fish",Chicken,Tenkasi,Central,757,0.12,113.55
Oil & Masala,Spices,Dindigul,Central,1598,0.11,703.12
Fruits & Veggies,Organic Fruits,Theni,Central,1735,0.27,433.75
Bakery,Cakes,Dharmapuri,Central,995,0.26,218.9
Food Grains,Dals & Pulses,Dharmapuri,Central,1035,0.34,217.35
Oil & Masala,Edible Oil & Ghee,Cumbum,Central,940,0.32,84.6
Bakery,Breads & Buns,Tirunelveli,Central,2422,0.28,411.74
Oil & Masala,Spices,Viluppuram,Central,605,0.28,248.05
Fruits & Veggies,Fresh Fruits,Kanyakumari,Central,580,0.1,237.8
Snacks,Chocolates,Dindigul,Central,592,0.14,230.88
Beverages,Soft Drinks,Karur,Central,1110,0.35,177.6
Beverages,Soft Drinks,Madurai,Central,2027,0.25,243.24
"Eggs, Meat & Fish",Eggs,Tirunelveli,Central,1853,0.28,685.61
Snacks,Chocolates,Vellore,Central,1773,0.22,709.2
Oil & Masala,Masalas,Viluppuram,Central,1322,0.22,92.54
Beverages,Health Drinks,Coimbatore,Central,2283,0.18,228.3
Bakery,Breads & Buns,Bodi,Central,1607,0.21,321.4
Beverages,Soft Drinks,Chennai,Central,733,0.25,124.61
Oil & Masala,Masalas,Kanyakumari,Central,1397,0.15,349.25
Beverages,Soft Drinks,Madurai,Central,1719,0.18,120.33
Bakery,Cakes,Krishnagiri,Central,505,0.25,101
Snacks,Noodles,Namakkal,Central,1325,0.28,92.75
"Eggs, Meat & Fish",Fish,Dharmapuri,Central,1920,0.28,518.4
"Eggs, Meat & Fish",Eggs,Kanyakumari,Central,1134,0.23,90.72
"Eggs, Meat & Fish",Mutton,Kanyakumari,Central,1418,0.35,85.08
Beverages,Soft Drinks,Viluppuram,Central,1682,0.24,84.1
Bakery,Cakes,Ramanadhapuram,Central,715,0.23,164.45
"Eggs, Meat & Fish",Fish,Madurai,Central,1352,0.11,554.32
Beverages,Soft Drinks,Perambalur,Central,1632,0.34,734.4
Snacks,Noodles,Virudhunagar,Central,2357,0.18,353.55
"Eggs, Meat & Fish",Chicken,Namakkal,Central,2252,0.18,472.92
"Eggs, Meat & Fish",Mutton,Krishnagiri,Central,908,0.29,217.92
Oil & Masala,Edible Oil & Ghee,Perambalur,Central,2368,0.17,923.52
Food Grains,Dals & Pulses,Tirunelveli,Central,1782,0.11,302.94
Beverages,Soft Drinks,Madurai,Central,1225,0.17,379.75
Beverages,Health Drinks,Trichy,Central,1745,0.19,663.1
Beverages,Health Drinks,Karur,Central,2032,0.18,467.36
Fruits & Veggies,Organic Vegetables,Dindigul,Central,1111,0.11,77.77
Bakery,Cakes,Coimbatore,Central,1031,0.29,206.2
Fruits & Veggies,Organic Vegetables,Namakkal,Central,679,0.14,169.75
Snacks,Noodles,Chennai,Central,1285,0.27,514
Fruits & Veggies,Organic Fruits,Salem,Central,2017,0.3,121.02
Fruits & Veggies,Organic Vegetables,Pudukottai,Central,1337,0.32,93.59
Beverages,Soft Drinks,Cumbum,Central,1892,0.25,832.48
Oil & Masala,Edible Oil & Ghee,Dharmapuri,Central,1089,0.23,250.47
Bakery,Breads & Buns,Perambalur,Central,2218,0.17,865.02
Food Grains,Organic Staples,Kanyakumari,Central,925,0.13,101.75
Food Grains,Dals & Pulses,Nagercoil,Central,2086,0.14,625.8
Fruits & Veggies,Fresh Fruits,Namakkal,Central,1314,0.26,289.08
Beverages,Health Drinks,Cumbum,Central,2121,0.15,530.25
Beverages,Health Drinks,Viluppuram,Central,2053,0.35,513.25
Snacks,Cookies,Krishnagiri,Central,748,0.19,89.76
"Eggs, Meat & Fish",Chicken,Ramanadhapuram,Central,2049,0.3,163.92
Snacks,Noodles,Nagercoil,Central,1416,0.32,382.32
Fruits & Veggies,Organic Fruits,Karur,Central,641,0.34,275.63
Snacks,Cookies,Tenkasi,Central,2057,0.2,658.24
Oil & Masala,Spices,Nagercoil,Central,708,0.35,184.08
Fruits & Veggies,Fresh Fruits,Coimbatore,Central,1368,0.22,410.4
Snacks,Chocolates,Trichy,Central,2216,0.16,487.52
Snacks,Noodles,Madurai,Central,2253,0.18,315.42
Fruits & Veggies,Organic Vegetables,Ooty,Central,2392,0.35,526.24
Food Grains,Organic Staples,Kanyakumari,Central,2230,0.27,312.2
Beverages,Soft Drinks,Krishnagiri,Central,931,0.24,353.78
Food Grains,Atta & Flour,Dharmapuri,Central,1059,0.33,52.95
Snacks,Noodles,Karur,Central,2225,0.32,979
Bakery,Cakes,Coimbatore,Central,639,0.29,83.07
Bakery,Cakes,Vellore,Central,1259,0.15,352.52
Fruits & Veggies,Organic Vegetables,Madurai,Central,1604,0.33,561.4
Bakery,Biscuits,Pudukottai,Central,886,0.21,283.52
"Eggs, Meat & Fish",Chicken,Chennai,Central,1456,0.31,436.8
Snacks,Noodles,Tirunelveli,Central,1983,0.29,118.98
Fruits & Veggies,Organic Vegetables,Tenkasi,Central,801,0.35,304.38
Snacks,Noodles,Theni,Central,2246,0.13,606.42
"Eggs, Meat & Fish",Eggs,Vellore,Central,1590,0.2,111.3
Fruits & Veggies,Fresh Fruits,Ramanadhapuram,Central,573,0.24,212.01
Snacks,Noodles,Kanyakumari,Central,909,0.15,45.45
Beverages,Health Drinks,Dharmapuri,Central,1159,0.26,69.54
Snacks,Chocolates,Madurai,Central,1268,0.2,253.6
Beverages,Soft Drinks,Viluppuram,Central,1691,0.25,710.22
Food Grains,Organic Staples,Madurai,Central,777,0.18,217.56
Fruits & Veggies,Fresh Vegetables,Tirunelveli,Central,2422,0.25,314.86
Oil & Masala,Edible Oil & Ghee,Madurai,Central,1993,0.25,817.13
Bakery,Breads & Buns,Krishnagiri,Central,1279,0.3,306.96
"Eggs, Meat & Fish",Chicken,Bodi,Central,1399,0.23,489.65
Food Grains,Dals & Pulses,Vellore,Central,1871,0.28,112.26
Beverages,Health Drinks,Ooty,Central,1548,0.25,634.68
Bakery,Breads & Buns,Virudhunagar,Central,1586,0.24,586.82
Snacks,Noodles,Viluppuram,Central,2294,0.31,206.46
Food Grains,Organic Staples,Vellore,Central,942,0.12,197.82
Beverages,Health Drinks,Namakkal,Central,2404,0.13,504.84
Bakery,Breads & Buns,Perambalur,Central,643,0.29,154.32
Fruits & Veggies,Fresh Vegetables,Krishnagiri,Central,544,0.34,108.8
Oil & Masala,Edible Oil & Ghee,Theni,Central,1506,0.18,120.48
"Eggs, Meat & Fish",Fish,Dindigul,Central,1508,0.29,422.24
Beverages,Soft Drinks,Ooty,Central,1263,0.3,189.45
Bakery,Biscuits,Virudhunagar,Central,2209,0.25,331.35
"Eggs, Meat & Fish",Eggs,Dharmapuri,Central,2499,0.35,524.79
"Eggs, Meat & Fish",Eggs,Krishnagiri,Central,635,0.29,63.5
Snacks,Cookies,Tenkasi,Central,2268,0.22,635.04
Oil & Masala,Masalas,Kanyakumari,Central,1937,0.35,329.29
Beverages,Health Drinks,Viluppuram,Central,1260,0.26,378
Snacks,Cookies,Dindigul,Central,1228,0.26,478.92
"Eggs, Meat & Fish",Mutton,Chennai,Central,2021,0.32,545.67
Snacks,Chocolates,Ramanadhapuram,Central,1380,0.15,510.6
"Eggs, Meat & Fish",Eggs,Madurai,Central,2159,0.15,410.21
Food Grains,Organic Staples,Ooty,Central,1420,0.34,184.6
Snacks,Noodles,Salem,Central,1912,0.31,133.84
Beverages,Health Drinks,Ramanadhapuram,Central,1500,0.22,525
Bakery,Breads & Buns,Krishnagiri,Central,1358,0.28,95.06
Fruits & Veggies,Fresh Vegetables,Namakkal,Central,1324,0.35,251.56
Bakery,Biscuits,Pudukottai,Central,2150,0.3,881.5
Snacks,Chocolates,Tirunelveli,Central,2449,0.13,636.74
Beverages,Health Drinks,Dharmapuri,Central,783,0.28,39.15
Fruits & Veggies,Fresh Fruits,Dharmapuri,Central,2264,0.18,271.68
Fruits & Veggies,Fresh Fruits,Vellore,Central,1909,0.31,725.42
Fruits & Veggies,Fresh Fruits,Trichy,Central,1688,0.1,472.64
Snacks,Noodles,Madurai,Central,1208,0.15,374.48
Snacks,Cookies,Tenkasi,East,1884,0.12,678.24
Fruits & Veggies,Fresh Vegetables,Cumbum,East,1832,0.15,201.52
Oil & Masala,Spices,Salem,East,2420,0.19,677.6
"Eggs, Meat & Fish",Eggs,Virudhunagar,East,552,0.18,71.76
Snacks,Chocolates,Tirunelveli,East,2424,0.35,436.32
Beverages,Health Drinks,Cumbum,East,876,0.33,166.44
Beverages,Soft Drinks,Karur,East,825,0.14,305.25
Food Grains,Atta & Flour,Tirunelveli,East,1916,0.27,268.24
Snacks,Chocolates,Nagercoil,East,510,0.3,193.8
Fruits & Veggies,Fresh Fruits,Karur,East,1517,0.28,394.42
Food Grains,Organic Staples,Coimbatore,East,1253,0.11,313.25
Food Grains,Atta & Flour,Vellore,East,1574,0.17,550.9
Oil & Masala,Spices,Tirunelveli,East,1620,0.14,615.6
Oil & Masala,Masalas,Virudhunagar,East,2461,0.25,516.81
Food Grains,Atta & Flour,Cumbum,East,1910,0.21,362.9
Snacks,Cookies,Vellore,East,1805,0.34,613.7
"Eggs, Meat & Fish",Chicken,Coimbatore,East,869,0.34,130.35
Fruits & Veggies,Fresh Fruits,Virudhunagar,East,1241,0.24,86.87
Oil & Masala,Spices,Kanyakumari,East,725,0.27,43.5
Oil & Masala,Masalas,Madurai,East,1666,0.1,266.56
Bakery,Breads & Buns,Theni,East,2222,0.22,555.5
Beverages,Soft Drinks,Chennai,East,1753,0.16,596.02
"Eggs, Meat & Fish",Eggs,Viluppuram,East,2214,0.12,708.48
Beverages,Soft Drinks,Tenkasi,East,1797,0.34,718.8
Oil & Masala,Masalas,Perambalur,East,2372,0.11,1043.68
Fruits & Veggies,Organic Fruits,Virudhunagar,East,1724,0.17,120.68
Food Grains,Dals & Pulses,Krishnagiri,East,929,0.14,83.61
Beverages,Health Drinks,Trichy,East,839,0.33,117.46
Snacks,Cookies,Salem,East,1562,0.32,249.92
Food Grains,Dals & Pulses,Viluppuram,East,2440,0.16,463.6
Oil & Masala,Masalas,Tenkasi,East,1076,0.1,344.32
Oil & Masala,Masalas,Tirunelveli,East,632,0.2,195.92
Snacks,Cookies,Theni,East,2193,0.28,964.92
Oil & Masala,Edible Oil & Ghee,Virudhunagar,East,1260,0.25,63
"Eggs, Meat & Fish",Chicken,Trichy,East,626,0.28,269.18
Food Grains,Atta & Flour,Kanyakumari,East,2471,0.22,716.59
Food Grains,Atta & Flour,Viluppuram,East,1415,0.26,537.7
Food Grains,Rice,Namakkal,East,1962,0.34,843.66
Fruits & Veggies,Organic Fruits,Chennai,East,2389,0.13,238.9
"Eggs, Meat & Fish",Mutton,Ramanadhapuram,East,2365,0.33,331.1
"Eggs, Meat & Fish",Eggs,Ooty,East,978,0.18,176.04
Food Grains,Rice,Ramanadhapuram,East,753,0.17,135.54
Bakery,Breads & Buns,Salem,East,2493,0.16,722.97
Bakery,Breads & Buns,Chennai,East,2069,0.32,372.42
Fruits & Veggies,Fresh Vegetables,Vellore,East,1382,0.25,414.6
Oil & Masala,Edible Oil & Ghee,Vellore,East,2457,0.23,319.41
Bakery,Biscuits,Namakkal,East,742,0.28,118.72
"Eggs, Meat & Fish",Mutton,Kanyakumari,East,627,0.35,87.78
Bakery,Biscuits,Perambalur,East,696,0.25,292.32
Oil & Masala,Edible Oil & Ghee,Vellore,East,2058,0.17,123.48
Snacks,Cookies,Dindigul,East,826,0.19,132.16
Oil & Masala,Spices,Vellore,East,917,0.27,339.29
Bakery,Biscuits,Namakkal,East,1681,0.17,369.82
Beverages,Soft Drinks,Namakkal,East,1419,0.28,184.47
Bakery,Biscuits,Krishnagiri,East,2421,0.16,217.89
Fruits & Veggies,Organic Vegetables,Tirunelveli,East,2240,0.2,649.6
Food Grains,Dals & Pulses,Cumbum,East,840,0.24,235.2
"Eggs, Meat & Fish",Fish,Trichy,East,1093,0.17,491.85
Snacks,Noodles,Nagercoil,East,531,0.1,63.72
Food Grains,Organic Staples,Bodi,East,1630,0.3,407.5
Oil & Masala,Spices,Karur,East,1082,0.12,259.68
Oil & Masala,Spices,Perambalur,East,1396,0.12,139.6
Oil & Masala,Edible Oil & Ghee,Vellore,East,758,0.27,166.76
"Eggs, Meat & Fish",Mutton,Virudhunagar,East,951,0.17,133.14
Bakery,Breads & Buns,Cumbum,East,894,0.35,107.28
Food Grains,Dals & Pulses,Dharmapuri,East,1743,0.21,540.33
Snacks,Noodles,Dharmapuri,East,878,0.23,201.94
Bakery,Breads & Buns,Nagercoil,East,2109,0.22,274.17
"Eggs, Meat & Fish",Fish,Pudukottai,East,1132,0.17,464.12
Food Grains,Dals & Pulses,Namakkal,East,1319,0.13,276.99
"Eggs, Meat & Fish",Mutton,Kanyakumari,East,840,0.16,75.6
Oil & Masala,Edible Oil & Ghee,Tenkasi,East,1400,0.29,294
Snacks,Cookies,Tirunelveli,East,1586,0.23,428.22
Fruits & Veggies,Organic Fruits,Krishnagiri,East,595,0.2,226.1
Snacks,Chocolates,Pudukottai,East,1251,0.26,437.85
Oil & Masala,Edible Oil & Ghee,Salem,East,1299,0.25,194.85
Food Grains,Rice,Namakkal,East,2044,0.25,633.64
Fruits & Veggies,Fresh Vegetables,Bodi,East,1527,0.1,152.7
Fruits & Veggies,Organic Fruits,Trichy,East,1663,0.19,315.97
"Eggs, Meat & Fish",Mutton,Krishnagiri,East,2165,0.17,368.05
Beverages,Soft Drinks,Tirunelveli,East,869,0.12,95.59
Beverages,Soft Drinks,Karur,East,1793,0.18,251.02
"Eggs, Meat & Fish",Chicken,Krishnagiri,East,2178,0.34,457.38
Oil & Masala,Spices,Karur,East,1020,0.11,173.4
Bakery,Biscuits,Vellore,East,605,0.3,60.5
Snacks,Cookies,Viluppuram,East,862,0.1,137.92
Fruits & Veggies,Fresh Fruits,Kanyakumari,East,2252,0.31,157.64
Beverages,Soft Drinks,Perambalur,East,937,0.28,281.1
Bakery,Biscuits,Krishnagiri,East,1676,0.24,150.84
Oil & Masala,Spices,Ramanadhapuram,East,1136,0.23,488.48
Oil & Masala,Spices,Bodi,East,1971,0.1,275.94
Snacks,Noodles,Pudukottai,East,2390,0.1,454.1
Fruits & Veggies,Fresh Vegetables,Coimbatore,East,700,0.14,154
Beverages,Health Drinks,Bodi,East,1073,0.3,236.06
Oil & Masala,Masalas,Tirunelveli,East,765,0.2,76.5
Bakery,Breads & Buns,Ooty,East,1010,0.22,343.4
Snacks,Noodles,Kanyakumari,East,1317,0.24,553.14
Fruits & Veggies,Fresh Fruits,Nagercoil,East,567,0.19,175.77
Food Grains,Rice,Madurai,East,2010,0.23,241.2
Bakery,Breads & Buns,Krishnagiri,East,1574,0.33,94.44
"Eggs, Meat & Fish",Fish,Krishnagiri,East,950,0.27,133
Beverages,Health Drinks,Ramanadhapuram,East,625,0.34,268.75
Beverages,Soft Drinks,Bodi,East,1456,0.23,334.88
Snacks,Cookies,Ooty,East,1617,0.28,501.27
Snacks,Chocolates,Kanyakumari,East,2310,0.25,115.5
Fruits & Veggies,Organic Fruits,Chennai,East,839,0.14,201.36
Snacks,Noodles,Karur,East,1382,0.18,428.42
Fruits & Veggies,Fresh Vegetables,Nagercoil,East,1628,0.24,423.28
"Eggs, Meat & Fish",Chicken,Karur,East,1120,0.13,257.6
"Eggs, Meat & Fish",Chicken,Tenkasi,East,1329,0.15,544.89
Food Grains,Atta & Flour,Salem,East,1632,0.16,293.76
Bakery,Biscuits,Kanyakumari,East,639,0.26,95.85
"Eggs, Meat & Fish",Eggs,Theni,East,2103,0.23,357.51
"Eggs, Meat & Fish",Chicken,Krishnagiri,East,2153,0.25,279.89
Food Grains,Atta & Flour,Dindigul,East,597,0.12,137.31
Bakery,Breads & Buns,Dharmapuri,East,896,0.33,367.36
Food Grains,Organic Staples,Cumbum,East,1618,0.19,728.1
Oil & Masala,Masalas,Karur,East,1980,0.16,455.4
"Eggs, Meat & Fish",Mutton,Dharmapuri,East,2338,0.15,374.08
Snacks,Chocolates,Tirunelveli,East,531,0.32,228.33
Snacks,Cookies,Cumbum,East,2385,0.11,143.1
Snacks,Chocolates,Viluppuram,East,1113,0.25,255.99
Snacks,Noodles,Kanyakumari,East,2242,0.26,986.48
Oil & Masala,Spices,Krishnagiri,East,1605,0.35,706.2
Oil & Masala,Edible Oil & Ghee,Ooty,East,887,0.34,239.49
"Eggs, Meat & Fish",Eggs,Cumbum,East,1764,0.18,617.4
Fruits & Veggies,Fresh Vegetables,Ramanadhapuram,East,1056,0.34,73.92
"Eggs, Meat & Fish",Eggs,Ooty,East,2255,0.26,1014.75
Food Grains,Rice,Namakkal,East,1370,0.18,356.2
Bakery,Biscuits,Dharmapuri,East,910,0.11,154.7
"Eggs, Meat & Fish",Mutton,Dharmapuri,East,1401,0.14,154.11
Oil & Masala,Edible Oil & Ghee,Nagercoil,East,2479,0.18,594.96
Beverages,Soft Drinks,Chennai,East,1705,0.18,664.95
Food Grains,Atta & Flour,Vellore,East,1493,0.22,358.32
Beverages,Soft Drinks,Dharmapuri,East,506,0.1,131.56
Fruits & Veggies,Fresh Fruits,Krishnagiri,East,2025,0.12,101.25
Oil & Masala,Spices,Bodi,East,2336,0.34,537.28
"Eggs, Meat & Fish",Chicken,Kanyakumari,East,1730,0.21,570.9
Oil & Masala,Spices,Nagercoil,East,1334,0.16,293.48
Beverages,Health Drinks,Kanyakumari,East,1490,0.29,461.9
Snacks,Cookies,Chennai,East,2078,0.33,415.6
"Eggs, Meat & Fish",Chicken,Coimbatore,East,826,0.26,41.3
Food Grains,Organic Staples,Namakkal,East,792,0.24,158.4
"Eggs, Meat & Fish",Eggs,Ooty,East,1914,0.23,823.02
Oil & Masala,Edible Oil & Ghee,Viluppuram,East,2363,0.25,968.83
Snacks,Chocolates,Dharmapuri,East,2415,0.23,821.1
Food Grains,Organic Staples,Dindigul,East,1964,0.23,785.6
"Eggs, Meat & Fish",Mutton,Coimbatore,East,2125,0.33,361.25
Oil & Masala,Masalas,Cumbum,East,2369,0.27,165.83
Oil & Masala,Edible Oil & Ghee,Cumbum,East,2174,0.18,434.8
Fruits & Veggies,Fresh Fruits,Bodi,East,551,0.21,55.1
Fruits & Veggies,Fresh Fruits,Coimbatore,East,1641,0.24,196.92
Snacks,Chocolates,Trichy,East,1470,0.22,205.8
Snacks,Noodles,Pudukottai,East,2020,0.22,464.6
Snacks,Cookies,Tenkasi,East,2226,0.3,868.14
Bakery,Breads & Buns,Bodi,East,779,0.35,163.59
"Eggs, Meat & Fish",Chicken,Karur,East,1126,0.24,326.54
Fruits & Veggies,Fresh Vegetables,Dharmapuri,East,1360,0.11,598.4
"Eggs, Meat & Fish",Eggs,Pudukottai,East,718,0.34,179.5
Oil & Masala,Spices,Madurai,East,1473,0.19,132.57
Beverages,Health Drinks,Cumbum,East,2005,0.3,320.8
Snacks,Chocolates,Coimbatore,East,2194,0.27,855.66
Oil & Masala,Edible Oil & Ghee,Bodi,East,729,0.2,218.7
Bakery,Breads & Buns,Perambalur,East,1032,0.32,330.24
Beverages,Soft Drinks,Viluppuram,East,1391,0.19,69.55
Snacks,Chocolates,Ramanadhapuram,East,907,0.31,108.84
"Eggs, Meat & Fish",Fish,Theni,East,1919,0.35,594.89
Fruits & Veggies,Fresh Fruits,Viluppuram,East,861,0.33,94.71
Bakery,Cakes,Krishnagiri,East,1617,0.28,468.93
Snacks,Noodles,Karur,East,2370,0.26,568.8
"Eggs, Meat & Fish",Fish,Tirunelveli,East,811,0.22,251.41
Bakery,Cakes,Nagercoil,East,873,0.29,392.85
Food Grains,Organic Staples,Krishnagiri,East,2091,0.12,752.76
Beverages,Soft Drinks,Krishnagiri,East,560,0.1,201.6
Snacks,Cookies,Ramanadhapuram,East,1553,0.18,621.2
Oil & Masala,Edible Oil & Ghee,Salem,East,1893,0.16,530.04
Fruits & Veggies,Organic Vegetables,Karur,East,2023,0.19,101.15
Snacks,Cookies,Karur,East,2323,0.34,696.9
"Eggs, Meat & Fish",Chicken,Namakkal,East,1283,0.34,282.26
Oil & Masala,Spices,Tenkasi,East,871,0.17,60.97
Fruits & Veggies,Fresh Vegetables,Theni,East,1603,0.34,609.14
Snacks,Cookies,Kanyakumari,East,2380,0.3,1071
"Eggs, Meat & Fish",Eggs,Coimbatore,East,1729,0.28,259.35
Snacks,Cookies,Ooty,East,1436,0.23,315.92
Fruits & Veggies,Organic Fruits,Chennai,East,1077,0.29,64.62
Beverages,Soft Drinks,Bodi,East,729,0.28,269.73
Beverages,Health Drinks,Pudukottai,East,954,0.18,267.12
"Eggs, Meat & Fish",Eggs,Tirunelveli,East,1487,0.28,639.41
Fruits & Veggies,Fresh Vegetables,Trichy,East,1689,0.26,168.9
Beverages,Soft Drinks,Madurai,East,842,0.23,168.4
Food Grains,Rice,Nagercoil,East,530,0.19,143.1
"Eggs, Meat & Fish",Chicken,Viluppuram,East,808,0.29,298.96
Beverages,Health Drinks,Namakkal,East,742,0.19,259.7
Oil & Masala,Edible Oil & Ghee,Kanyakumari,East,1518,0.18,227.7
Snacks,Chocolates,Madurai,East,513,0.22,215.46
Bakery,Breads & Buns,Theni,East,1529,0.11,626.89
"Eggs, Meat & Fish",Chicken,Perambalur,East,1120,0.19,235.2
"Eggs, Meat & Fish",Fish,Theni,East,1132,0.24,430.16
Food Grains,Atta & Flour,Chennai,East,1186,0.2,83.02
"Eggs, Meat & Fish",Mutton,Tirunelveli,East,2189,0.25,766.15
"Eggs, Meat & Fish",Chicken,Karur,East,1413,0.33,339.12
Oil & Masala,Masalas,Tenkasi,East,2400,0.31,528
Oil & Masala,Spices,Tenkasi,East,859,0.34,180.39
Fruits & Veggies,Fresh Vegetables,Ooty,East,2105,0.2,926.2
Oil & Masala,Masalas,Ramanadhapuram,East,2491,0.19,348.74
Oil & Masala,Spices,Theni,East,2416,0.23,483.2
Bakery,Cakes,Kanyakumari,East,701,0.27,294.42
Bakery,Cakes,Cumbum,East,877,0.18,210.48
Food Grains,Atta & Flour,Theni,East,1573,0.22,487.63
Oil & Masala,Spices,Karur,East,2337,0.35,654.36
Fruits & Veggies,Fresh Fruits,Kanyakumari,East,2130,0.35,830.7
"Eggs, Meat & Fish",Fish,Ramanadhapuram,East,1019,0.13,152.85
"Eggs, Meat & Fish",Chicken,Krishnagiri,East,2418,0.15,145.08
Food Grains,Rice,Ramanadhapuram,East,1960,0.11,686
Snacks,Noodles,Dharmapuri,East,1569,0.28,470.7
Snacks,Chocolates,Coimbatore,East,2421,0.16,1041.03
"Eggs, Meat & Fish",Chicken,Kanyakumari,East,1570,0.21,518.1
Beverages,Soft Drinks,Theni,East,1027,0.3,112.97
Beverages,Health Drinks,Viluppuram,East,1797,0.17,557.07
Oil & Masala,Masalas,Kanyakumari,East,758,0.1,75.8
Snacks,Cookies,Virudhunagar,East,671,0.14,46.97
Oil & Masala,Edible Oil & Ghee,Kanyakumari,East,1853,0.35,648.55
Bakery,Cakes,Kanyakumari,East,2129,0.21,574.83
Snacks,Cookies,Tenkasi,East,1262,0.29,517.42
Oil & Masala,Edible Oil & Ghee,Krishnagiri,East,556,0.1,127.88
Snacks,Chocolates,Vellore,East,644,0.11,251.16
Food Grains,Organic Staples,Coimbatore,East,1343,0.11,201.45
"Eggs, Meat & Fish",Eggs,Vellore,East,2270,0.14,590.2
Bakery,Biscuits,Vellore,East,2107,0.27,884.94
Food Grains,Dals & Pulses,Perambalur,East,2368,0.19,426.24
Fruits & Veggies,Organic Vegetables,Coimbatore,East,782,0.28,156.4
Bakery,Cakes,Tirunelveli,East,1081,0.18,108.1
Fruits & Veggies,Fresh Fruits,Kanyakumari,East,2370,0.26,876.9
"Eggs, Meat & Fish",Eggs,Salem,East,2030,0.2,162.4
Food Grains,Dals & Pulses,Ramanadhapuram,East,1625,0.22,698.75
Oil & Masala,Spices,Tenkasi,East,2490,0.21,622.5
Fruits & Veggies,Fresh Fruits,Viluppuram,East,1391,0.14,500.76
"Eggs, Meat & Fish",Chicken,Bodi,East,1104,0.35,287.04
Snacks,Cookies,Coimbatore,East,606,0.27,218.16
Food Grains,Atta & Flour,Nagercoil,East,747,0.3,253.98
Beverages,Health Drinks,Salem,East,2340,0.34,561.6
"Eggs, Meat & Fish",Fish,Tenkasi,East,1229,0.2,184.35
Beverages,Health Drinks,Chennai,East,944,0.35,273.76
Bakery,Breads & Buns,Namakkal,East,1314,0.13,433.62
Snacks,Chocolates,Salem,East,1960,0.25,333.2
Snacks,Noodles,Salem,East,2394,0.18,957.6
Fruits & Veggies,Fresh Vegetables,Cumbum,East,2247,0.14,337.05
Bakery,Biscuits,Karur,East,588,0.3,141.12
Beverages,Health Drinks,Coimbatore,East,2074,0.3,331.84
Bakery,Breads & Buns,Theni,East,2449,0.28,538.78
Snacks,Noodles,Ramanadhapuram,East,1352,0.1,135.2
Fruits & Veggies,Fresh Vegetables,Pudukottai,East,571,0.22,245.53
Beverages,Soft Drinks,Kanyakumari,East,1529,0.21,137.61
Snacks,Cookies,Virudhunagar,East,1689,0.11,709.38
"Eggs, Meat & Fish",Mutton,Coimbatore,East,1399,0.17,587.58
"Eggs, Meat & Fish",Fish,Virudhunagar,East,648,0.24,233.28
Fruits & Veggies,Fresh Vegetables,Coimbatore,East,1014,0.16,111.54
Snacks,Cookies,Virudhunagar,East,1412,0.12,225.92
"Eggs, Meat & Fish",Eggs,Virudhunagar,East,1209,0.3,120.9
Beverages,Soft Drinks,Vellore,East,2008,0.21,381.52
"Eggs, Meat & Fish",Chicken,Kanyakumari,East,1829,0.23,109.74
"Eggs, Meat & Fish",Eggs,Madurai,East,2173,0.31,847.47
"Eggs, Meat & Fish",Fish,Tenkasi,East,1983,0.31,753.54
"Eggs, Meat & Fish",Mutton,Virudhunagar,East,1857,0.17,538.53
Bakery,Biscuits,Dindigul,East,2427,0.29,582.48
Beverages,Health Drinks,Virudhunagar,East,2316,0.35,416.88
Food Grains,Atta & Flour,Virudhunagar,East,1315,0.35,433.95
Fruits & Veggies,Fresh Vegetables,Krishnagiri,East,1767,0.27,318.06
Food Grains,Rice,Karur,East,2045,0.28,858.9
Bakery,Cakes,Chennai,East,2329,0.24,954.89
Oil & Masala,Masalas,Bodi,East,2010,0.26,703.5
Beverages,Soft Drinks,Cumbum,East,664,0.19,232.4
Fruits & Veggies,Organic Vegetables,Viluppuram,East,2347,0.19,422.46
Fruits & Veggies,Organic Fruits,Karur,East,874,0.2,367.08
"Eggs, Meat & Fish",Chicken,Vellore,East,1230,0.25,528.9
Food Grains,Atta & Flour,Kanyakumari,East,1442,0.15,158.62
Beverages,Soft Drinks,Salem,East,951,0.23,76.08
Beverages,Soft Drinks,Bodi,East,2172,0.11,325.8
Food Grains,Atta & Flour,Virudhunagar,East,1517,0.34,273.06
Fruits & Veggies,Fresh Fruits,Kanyakumari,East,1799,0.12,629.65
Beverages,Health Drinks,Dindigul,East,1259,0.15,226.62
Bakery,Cakes,Nagercoil,East,1216,0.22,279.68
Beverages,Soft Drinks,Pudukottai,East,665,0.27,106.4
Bakery,Breads & Buns,Tirunelveli,East,1299,0.31,272.79
Snacks,Chocolates,Vellore,East,2058,0.3,288.12
Beverages,Soft Drinks,Bodi,East,1311,0.15,301.53
Beverages,Soft Drinks,Namakkal,East,1115,0.19,379.1
"Eggs, Meat & Fish",Chicken,Virudhunagar,East,725,0.29,65.25
Snacks,Chocolates,Salem,East,2118,0.33,571.86
Snacks,Cookies,Nagercoil,East,862,0.16,310.32
Bakery,Biscuits,Tenkasi,East,2377,0.27,594.25
Fruits & Veggies,Fresh Fruits,Namakkal,East,1061,0.26,169.76
Snacks,Chocolates,Dindigul,East,777,0.25,54.39
Beverages,Soft Drinks,Nagercoil,East,1291,0.25,167.83
Food Grains,Organic Staples,Virudhunagar,East,2328,0.33,535.44
Fruits & Veggies,Organic Fruits,Dharmapuri,East,1694,0.25,525.14
Beverages,Soft Drinks,Nagercoil,East,1860,0.33,93
Beverages,Health Drinks,Virudhunagar,South,1545,0.33,633.45
Snacks,Noodles,Namakkal,South,763,0.27,251.79
Fruits & Veggies,Organic Fruits,Bodi,South,1300,0.23,234
Beverages,Health Drinks,Salem,South,961,0.13,76.88
Fruits & Veggies,Fresh Vegetables,Tenkasi,South,1121,0.18,470.82
Oil & Masala,Masalas,Dindigul,South,2087,0.13,605.23
Bakery,Cakes,Virudhunagar,South,767,0.12,76.7
"Eggs, Meat & Fish",Chicken,Krishnagiri,South,697,0.25,111.52
Bakery,Biscuits,Krishnagiri,South,1698,0.19,441.48
Food Grains,Organic Staples,Trichy,South,1892,0.22,567.6
Oil & Masala,Masalas,Bodi,South,1904,0.12,190.4
Snacks,Cookies,Coimbatore,South,1234,0.16,308.5
"Eggs, Meat & Fish",Eggs,Bodi,South,532,0.35,95.76
"Eggs, Meat & Fish",Mutton,Kanyakumari,South,1632,0.17,669.12
Food Grains,Atta & Flour,Viluppuram,South,801,0.32,144.18
Fruits & Veggies,Organic Vegetables,Dharmapuri,South,2270,0.3,204.3
Fruits & Veggies,Fresh Vegetables,Namakkal,South,1604,0.31,577.44
Fruits & Veggies,Fresh Vegetables,Coimbatore,South,1406,0.33,449.92
Beverages,Health Drinks,Kanyakumari,South,1890,0.13,737.1
"Eggs, Meat & Fish",Mutton,Viluppuram,South,1995,0.25,618.45
Bakery,Breads & Buns,Perambalur,South,960,0.1,115.2
Oil & Masala,Spices,Kanyakumari,South,1195,0.26,322.65
Beverages,Health Drinks,Pudukottai,South,1622,0.22,421.72
Beverages,Health Drinks,Karur,South,576,0.31,241.92
Oil & Masala,Edible Oil & Ghee,Namakkal,South,1018,0.19,142.52
Bakery,Biscuits,Krishnagiri,South,1092,0.11,414.96
Food Grains,Dals & Pulses,Tenkasi,South,2220,0.3,466.2
Fruits & Veggies,Organic Vegetables,Theni,South,1562,0.13,656.04
Fruits & Veggies,Organic Vegetables,Kanyakumari,South,1082,0.17,411.16
Fruits & Veggies,Fresh Vegetables,Perambalur,South,1366,0.34,232.22
Fruits & Veggies,Fresh Vegetables,Vellore,South,708,0.17,169.92
"Eggs, Meat & Fish",Fish,Vellore,South,2087,0.19,459.14
Food Grains,Dals & Pulses,Ooty,South,1276,0.32,510.4
Fruits & Veggies,Organic Fruits,Ooty,South,1593,0.12,477.9
Fruits & Veggies,Organic Vegetables,Nagercoil,South,1125,0.29,337.5
Beverages,Soft Drinks,Ooty,South,1235,0.3,407.55
Snacks,Noodles,Viluppuram,South,915,0.21,228.75
Snacks,Noodles,Theni,South,595,0.18,160.65
"Eggs, Meat & Fish",Mutton,Bodi,South,2496,0.12,973.44
Fruits & Veggies,Fresh Fruits,Viluppuram,South,1584,0.11,316.8
"Eggs, Meat & Fish",Mutton,Trichy,South,2298,0.11,620.46
Fruits & Veggies,Organic Vegetables,Trichy,South,810,0.14,40.5
"Eggs, Meat & Fish",Mutton,Theni,South,1991,0.33,617.21
Beverages,Health Drinks,Tenkasi,South,1736,0.26,729.12
Food Grains,Dals & Pulses,Tirunelveli,South,893,0.25,142.88
Food Grains,Atta & Flour,Trichy,South,1643,0.25,230.02
Food Grains,Dals & Pulses,Vellore,South,1573,0.12,393.25
Beverages,Health Drinks,Trichy,South,1576,0.14,614.64
Oil & Masala,Edible Oil & Ghee,Tirunelveli,South,527,0.28,221.34
Beverages,Soft Drinks,Coimbatore,South,1117,0.3,167.55
Bakery,Cakes,Madurai,South,1476,0.13,118.08
Bakery,Breads & Buns,Namakkal,South,1987,0.11,536.49
"Eggs, Meat & Fish",Eggs,Madurai,South,1267,0.21,76.02
Beverages,Soft Drinks,Salem,South,1614,0.21,484.2
Beverages,Health Drinks,Dharmapuri,South,1833,0.23,421.59
Bakery,Cakes,Vellore,South,1501,0.33,240.16
"Eggs, Meat & Fish",Mutton,Kanyakumari,South,2113,0.16,824.07
Oil & Masala,Spices,Chennai,South,1014,0.3,81.12
Fruits & Veggies,Organic Vegetables,Ooty,South,2205,0.27,595.35
Snacks,Noodles,Theni,South,1606,0.18,546.04
Bakery,Breads & Buns,Perambalur,South,1831,0.34,91.55
Bakery,Biscuits,Namakkal,South,2323,0.11,1022.12
Beverages,Health Drinks,Vellore,South,2272,0.19,613.44
Oil & Masala,Edible Oil & Ghee,Pudukottai,South,1143,0.17,137.16
Bakery,Breads & Buns,Krishnagiri,South,2249,0.16,989.56
Snacks,Chocolates,Ooty,South,2123,0.19,700.59
Bakery,Cakes,Chennai,South,747,0.19,141.93
Oil & Masala,Spices,Virudhunagar,South,1217,0.12,425.95
Bakery,Breads & Buns,Salem,South,1013,0.3,395.07
"Eggs, Meat & Fish",Mutton,Ramanadhapuram,South,1749,0.15,87.45
"Eggs, Meat & Fish",Mutton,Karur,South,567,0.19,124.74
"Eggs, Meat & Fish",Fish,Perambalur,South,1680,0.16,688.8
Snacks,Chocolates,Viluppuram,South,1581,0.12,316.2
Oil & Masala,Edible Oil & Ghee,Salem,South,1908,0.33,705.96
Food Grains,Atta & Flour,Kanyakumari,South,1614,0.2,306.66
Snacks,Noodles,Bodi,South,1638,0.11,163.8
Fruits & Veggies,Fresh Fruits,Nagercoil,South,1517,0.35,379.25
Oil & Masala,Edible Oil & Ghee,Kanyakumari,South,2089,0.13,605.81
Food Grains,Dals & Pulses,Ooty,South,1393,0.21,459.69
Oil & Masala,Edible Oil & Ghee,Salem,South,599,0.25,149.75
Beverages,Soft Drinks,Madurai,South,2408,0.34,192.64
Snacks,Cookies,Ramanadhapuram,South,1008,0.15,221.76
Bakery,Cakes,Viluppuram,South,1130,0.32,271.2
Beverages,Health Drinks,Salem,South,832,0.26,108.16
"Eggs, Meat & Fish",Mutton,Salem,South,2201,0.26,638.29
Oil & Masala,Edible Oil & Ghee,Ooty,South,1537,0.18,445.73
Fruits & Veggies,Organic Vegetables,Nagercoil,South,2134,0.14,938.96
"Eggs, Meat & Fish",Mutton,Vellore,South,2321,0.35,510.62
Fruits & Veggies,Organic Vegetables,Chennai,South,1492,0.29,417.76
"Eggs, Meat & Fish",Chicken,Perambalur,South,818,0.25,89.98
Beverages,Soft Drinks,Tirunelveli,South,1461,0.16,350.64
Oil & Masala,Masalas,Kanyakumari,South,763,0.33,68.67
Beverages,Soft Drinks,Kanyakumari,South,1579,0.22,536.86
Snacks,Chocolates,Virudhunagar,South,573,0.3,206.28
"Eggs, Meat & Fish",Eggs,Chennai,South,1755,0.21,333.45
Fruits & Veggies,Fresh Fruits,Pudukottai,South,1266,0.14,303.84
Food Grains,Organic Staples,Dharmapuri,South,2117,0.33,550.42
Snacks,Noodles,Chennai,South,727,0.28,276.26
"Eggs, Meat & Fish",Eggs,Theni,South,2475,0.31,915.75
Oil & Masala,Masalas,Namakkal,South,2122,0.23,190.98
Fruits & Veggies,Fresh Vegetables,Ramanadhapuram,South,1604,0.14,449.12
Oil & Masala,Edible Oil & Ghee,Coimbatore,South,1473,0.33,147.3
Bakery,Breads & Buns,Virudhunagar,South,2479,0.26,991.6
Bakery,Breads & Buns,Cumbum,South,1764,0.22,723.24
Food Grains,Dals & Pulses,Pudukottai,South,715,0.2,128.7
Fruits & Veggies,Fresh Fruits,Ramanadhapuram,South,1178,0.28,176.7
Fruits & Veggies,Organic Vegetables,Viluppuram,South,500,0.17,225
Oil & Masala,Spices,Coimbatore,South,681,0.15,34.05
Beverages,Health Drinks,Bodi,South,1495,0.33,433.55
Oil & Masala,Masalas,Coimbatore,South,1772,0.12,141.76
Beverages,Soft Drinks,Vellore,South,756,0.12,332.64
Fruits & Veggies,Organic Vegetables,Tirunelveli,South,685,0.31,246.6
Food Grains,Atta & Flour,Ramanadhapuram,South,2365,0.23,543.95
Bakery,Biscuits,Pudukottai,South,1178,0.26,58.9
"Eggs, Meat & Fish",Eggs,Ooty,South,2125,0.22,743.75
Bakery,Cakes,Cumbum,South,1752,0.31,700.8
Snacks,Chocolates,Madurai,South,1442,0.27,187.46
Bakery,Cakes,Chennai,South,984,0.32,314.88
Fruits & Veggies,Organic Vegetables,Virudhunagar,South,1117,0.3,67.02
Oil & Masala,Spices,Cumbum,South,1746,0.25,488.88
Food Grains,Rice,Perambalur,South,1705,0.23,409.2
Oil & Masala,Masalas,Theni,South,537,0.14,26.85
Oil & Masala,Edible Oil & Ghee,Bodi,South,1568,0.19,172.48
Snacks,Noodles,Tirunelveli,South,1234,0.27,518.28
"Eggs, Meat & Fish",Fish,Tenkasi,South,1833,0.1,238.29
Beverages,Health Drinks,Viluppuram,South,2119,0.24,233.09
Fruits & Veggies,Organic Vegetables,Karur,South,1625,0.33,325
Bakery,Breads & Buns,Viluppuram,South,565,0.26,50.85
Oil & Masala,Edible Oil & Ghee,Dharmapuri,South,1000,0.19,190
Food Grains,Dals & Pulses,Bodi,South,2359,0.1,1014.37
"Eggs, Meat & Fish",Eggs,Chennai,South,1557,0.28,591.66
Beverages,Health Drinks,Ooty,South,1240,0.34,446.4
"Eggs, Meat & Fish",Fish,Tenkasi,South,2492,0.13,124.6
Snacks,Cookies,Salem,South,860,0.23,232.2
Snacks,Cookies,Perambalur,South,1717,0.1,463.59
Oil & Masala,Masalas,Tenkasi,South,1798,0.35,125.86
Snacks,Cookies,Vellore,South,2240,0.25,336
"Eggs, Meat & Fish",Mutton,Trichy,South,616,0.14,221.76
"Eggs, Meat & Fish",Fish,Namakkal,South,981,0.16,49.05
Bakery,Biscuits,Cumbum,South,1973,0.32,789.2
Bakery,Biscuits,Pudukottai,South,1548,0.19,433.44
Food Grains,Organic Staples,Kanyakumari,South,1452,0.34,493.68
Bakery,Cakes,Tirunelveli,South,1843,0.33,737.2
Fruits & Veggies,Organic Vegetables,Coimbatore,South,2009,0.15,703.15
"Eggs, Meat & Fish",Chicken,Karur,South,1442,0.18,216.3
Snacks,Noodles,Virudhunagar,South,1119,0.27,78.33
Bakery,Breads & Buns,Krishnagiri,South,1766,0.25,512.14
Beverages,Health Drinks,Kanyakumari,South,2334,0.26,793.56
Snacks,Cookies,Vellore,South,2117,0.23,296.38
Snacks,Noodles,Nagercoil,South,1046,0.35,470.7
Fruits & Veggies,Fresh Vegetables,Ramanadhapuram,South,2452,0.29,343.28
"Eggs, Meat & Fish",Eggs,Chennai,South,2235,0.32,469.35
Food Grains,Organic Staples,Madurai,South,1019,0.13,438.17
"Eggs, Meat & Fish",Mutton,Dharmapuri,South,2133,0.16,554.58
Food Grains,Rice,Tenkasi,South,1143,0.12,251.46
Oil & Masala,Spices,Ramanadhapuram,South,580,0.28,237.8
Food Grains,Atta & Flour,Krishnagiri,South,692,0.35,235.28
Bakery,Breads & Buns,Bodi,South,1649,0.32,742.05
Fruits & Veggies,Fresh Fruits,Krishnagiri,South,1050,0.23,441
Food Grains,Organic Staples,Kanyakumari,South,958,0.18,344.88
Food Grains,Organic Staples,Nagercoil,South,1685,0.32,707.7
Snacks,Chocolates,Ooty,South,1649,0.29,527.68
Oil & Masala,Spices,Virudhunagar,South,2419,0.3,362.85
Beverages,Health Drinks,Cumbum,South,2364,0.23,236.4
Bakery,Cakes,Namakkal,South,550,0.24,66
Fruits & Veggies,Fresh Fruits,Dharmapuri,South,711,0.25,199.08
Oil & Masala,Edible Oil & Ghee,Nagercoil,South,1974,0.13,335.58
Bakery,Biscuits,Karur,West,1457,0.1,131.13
Oil & Masala,Spices,Theni,West,886,0.16,177.2
"Eggs, Meat & Fish",Mutton,Cumbum,West,1509,0.26,377.25
Oil & Masala,Masalas,Salem,West,1126,0.26,67.56
Snacks,Cookies,Vellore,West,2220,0.33,688.2
Oil & Masala,Masalas,Ramanadhapuram,West,1556,0.23,171.16
Bakery,Cakes,Tenkasi,West,1133,0.32,226.6
Food Grains,Organic Staples,Salem,West,1658,0.11,215.54
Fruits & Veggies,Organic Vegetables,Namakkal,West,553,0.31,110.6
Fruits & Veggies,Organic Fruits,Ooty,West,1944,0.1,855.36
Food Grains,Atta & Flour,Namakkal,West,2076,0.24,830.4
Food Grains,Atta & Flour,Ooty,West,1531,0.13,336.82
Fruits & Veggies,Fresh Vegetables,Dindigul,West,721,0.34,64.89
Beverages,Health Drinks,Chennai,West,1714,0.29,771.3
Oil & Masala,Spices,Karur,West,994,0.21,119.28
Oil & Masala,Spices,Coimbatore,West,703,0.24,70.3
Bakery,Biscuits,Ooty,West,1392,0.12,431.52
Bakery,Breads & Buns,Tirunelveli,West,1074,0.12,204.06
Food Grains,Atta & Flour,Tenkasi,West,616,0.25,30.8
Snacks,Cookies,Chennai,West,1966,0.18,845.38
Beverages,Health Drinks,Chennai,West,969,0.23,174.42
Fruits & Veggies,Organic Fruits,Tirunelveli,West,1924,0.31,250.12
Food Grains,Atta & Flour,Pudukottai,West,757,0.34,113.55
Oil & Masala,Edible Oil & Ghee,Pudukottai,West,2101,0.34,483.23
Beverages,Health Drinks,Nagercoil,West,863,0.23,120.82
Bakery,Biscuits,Trichy,West,2479,0.11,371.85
Beverages,Health Drinks,Ramanadhapuram,West,1138,0.25,295.88
"Eggs, Meat & Fish",Eggs,Bodi,West,1482,0.13,237.12
Beverages,Health Drinks,Pudukottai,West,1920,0.32,576
Beverages,Soft Drinks,Pudukottai,West,842,0.19,58.94
Oil & Masala,Spices,Dharmapuri,West,1416,0.17,481.44
Snacks,Chocolates,Pudukottai,West,746,0.3,186.5
Snacks,Chocolates,Salem,West,750,0.24,315
Food Grains,Rice,Bodi,West,930,0.27,83.7
Oil & Masala,Edible Oil & Ghee,Vellore,West,2443,0.26,122.15
Oil & Masala,Spices,Virudhunagar,West,1581,0.35,648.21
Fruits & Veggies,Fresh Fruits,Chennai,West,2237,0.14,425.03
Beverages,Soft Drinks,Ooty,West,2018,0.2,565.04
Fruits & Veggies,Fresh Fruits,Chennai,West,2061,0.15,350.37
Bakery,Breads & Buns,Bodi,West,1393,0.25,571.13
Fruits & Veggies,Fresh Fruits,Virudhunagar,West,985,0.21,413.7
Bakery,Breads & Buns,Chennai,West,900,0.15,333
Snacks,Chocolates,Tirunelveli,West,1657,0.1,265.12
Bakery,Breads & Buns,Karur,West,1476,0.35,531.36
Oil & Masala,Masalas,Ooty,West,939,0.32,215.97
"Eggs, Meat & Fish",Chicken,Trichy,West,613,0.3,61.3
Oil & Masala,Spices,Ramanadhapuram,West,841,0.18,185.02
"Eggs, Meat & Fish",Chicken,Dindigul,West,654,0.26,130.8
Bakery,Cakes,Salem,West,1947,0.11,739.86
Oil & Masala,Masalas,Salem,West,1233,0.25,123.3
Snacks,Chocolates,Virudhunagar,West,600,0.15,84
Food Grains,Dals & Pulses,Salem,West,2118,0.15,232.98
"Eggs, Meat & Fish",Mutton,Nagercoil,West,1784,0.32,642.24
"Eggs, Meat & Fish",Eggs,Tirunelveli,West,502,0.34,120.48
Beverages,Soft Drinks,Coimbatore,West,1146,0.13,309.42
Fruits & Veggies,Fresh Vegetables,Coimbatore,West,1979,0.21,197.9
Fruits & Veggies,Organic Vegetables,Tirunelveli,West,2488,0.27,398.08
Beverages,Health Drinks,Tenkasi,West,1674,0.31,736.56
"Eggs, Meat & Fish",Chicken,Tenkasi,West,2399,0.23,839.65
Beverages,Soft Drinks,Virudhunagar,West,2266,0.35,657.14
"Eggs, Meat & Fish",Fish,Pudukottai,West,1298,0.1,285.56
Bakery,Biscuits,Pudukottai,West,1721,0.31,137.68
Bakery,Biscuits,Tenkasi,West,1809,0.32,253.26
Fruits & Veggies,Organic Fruits,Namakkal,West,504,0.34,50.4
"Eggs, Meat & Fish",Fish,Pudukottai,West,2004,0.15,761.52
Oil & Masala,Masalas,Karur,West,1608,0.22,723.6
Food Grains,Organic Staples,Cumbum,West,1758,0.25,404.34
Snacks,Chocolates,Pudukottai,West,1765,0.22,388.3
Bakery,Breads & Buns,Pudukottai,West,1899,0.16,493.74
"Eggs, Meat & Fish",Mutton,Karur,West,674,0.2,289.82
Beverages,Health Drinks,Viluppuram,West,2399,0.24,575.76
"Eggs, Meat & Fish",Chicken,Trichy,West,1277,0.18,421.41
Beverages,Health Drinks,Theni,West,1511,0.23,362.64
Snacks,Chocolates,Krishnagiri,West,803,0.19,240.9
Fruits & Veggies,Fresh Fruits,Nagercoil,West,1810,0.25,217.2
Oil & Masala,Spices,Pudukottai,West,1092,0.27,414.96
Oil & Masala,Spices,Virudhunagar,West,2025,0.18,486
Snacks,Noodles,Trichy,West,1753,0.28,315.54
Beverages,Health Drinks,Madurai,West,728,0.12,254.8
Fruits & Veggies,Organic Fruits,Karur,West,1251,0.24,250.2
Fruits & Veggies,Fresh Vegetables,Karur,West,1415,0.26,396.2
Snacks,Chocolates,Krishnagiri,West,1563,0.14,422.01
Beverages,Health Drinks,Tenkasi,West,1801,0.33,720.4
Snacks,Cookies,Theni,West,1890,0.29,718.2
Snacks,Cookies,Chennai,West,1572,0.32,267.24
Food Grains,Dals & Pulses,Coimbatore,West,1974,0.14,197.4
Food Grains,Atta & Flour,Madurai,West,1680,0.17,336
Food Grains,Dals & Pulses,Tirunelveli,West,1005,0.26,130.65
Bakery,Cakes,Nagercoil,West,2178,0.26,936.54
Fruits & Veggies,Organic Vegetables,Theni,West,1961,0.13,196.1
Bakery,Biscuits,Kanyakumari,West,2239,0.32,626.92
Oil & Masala,Edible Oil & Ghee,Bodi,West,888,0.1,399.6
Bakery,Cakes,Kanyakumari,West,2392,0.3,789.36
Food Grains,Organic Staples,Ramanadhapuram,West,2177,0.12,195.93
Bakery,Biscuits,Pudukottai,West,1787,0.2,482.49
"Eggs, Meat & Fish",Fish,Ramanadhapuram,West,2046,0.15,920.7
"Eggs, Meat & Fish",Mutton,Perambalur,West,2286,0.29,434.34
Bakery,Breads & Buns,Namakkal,West,695,0.14,125.1
Fruits & Veggies,Organic Vegetables,Salem,West,1942,0.24,194.2
Oil & Masala,Edible Oil & Ghee,Karur,West,1966,0.19,412.86
Fruits & Veggies,Fresh Vegetables,Ramanadhapuram,West,1520,0.17,562.4
"Eggs, Meat & Fish",Fish,Ooty,West,1128,0.25,417.36
"Eggs, Meat & Fish",Mutton,Krishnagiri,West,577,0.31,46.16
Fruits & Veggies,Fresh Fruits,Karur,West,865,0.27,250.85
Beverages,Soft Drinks,Tirunelveli,West,588,0.23,99.96
Snacks,Chocolates,Cumbum,West,1608,0.35,160.8
Snacks,Noodles,Dharmapuri,West,1924,0.3,711.88
Beverages,Soft Drinks,Kanyakumari,West,557,0.17,239.51
Oil & Masala,Spices,Tirunelveli,West,1318,0.34,92.26
Snacks,Cookies,Madurai,West,1311,0.16,131.1
Food Grains,Dals & Pulses,Theni,West,1458,0.34,641.52
Oil & Masala,Masalas,Dindigul,West,750,0.21,127.5
Snacks,Cookies,Dharmapuri,West,1243,0.28,99.44
"Eggs, Meat & Fish",Fish,Chennai,West,1933,0.2,521.91
Bakery,Cakes,Dindigul,West,1921,0.21,211.31
"Eggs, Meat & Fish",Chicken,Virudhunagar,West,560,0.25,168
Bakery,Biscuits,Dindigul,West,1768,0.28,601.12
Bakery,Breads & Buns,Ooty,West,1786,0.17,500.08
Bakery,Biscuits,Dindigul,West,1609,0.35,434.43
Beverages,Health Drinks,Dharmapuri,West,1002,0.17,140.28
Food Grains,Organic Staples,Namakkal,West,1828,0.12,749.48
Bakery,Breads & Buns,Bodi,West,920,0.16,303.6
Oil & Masala,Edible Oil & Ghee,Bodi,West,594,0.34,243.54
Bakery,Biscuits,Tirunelveli,West,1583,0.1,79.15
Snacks,Cookies,Kanyakumari,West,2331,0.17,186.48
"Eggs, Meat & Fish",Chicken,Pudukottai,West,1624,0.2,129.92
Beverages,Health Drinks,Salem,West,985,0.3,206.85
Fruits & Veggies,Organic Fruits,Virudhunagar,West,660,0.2,145.2
Food Grains,Rice,Dharmapuri,West,2097,0.21,733.95
Food Grains,Rice,Virudhunagar,West,2144,0.15,128.64
Fruits & Veggies,Fresh Fruits,Tenkasi,West,2176,0.33,696.32
Fruits & Veggies,Fresh Fruits,Perambalur,West,1182,0.32,153.66
Snacks,Chocolates,Dharmapuri,West,1390,0.13,125.1
Oil & Masala,Spices,Namakkal,West,568,0.24,45.44
Bakery,Cakes,Madurai,West,1726,0.32,258.9
"Eggs, Meat & Fish",Fish,Salem,West,979,0.11,303.49
"Eggs, Meat & Fish",Chicken,Tirunelveli,West,1278,0.19,63.9
Fruits & Veggies,Fresh Fruits,Namakkal,West,567,0.29,255.15
Snacks,Chocolates,Trichy,West,1801,0.26,612.34
Snacks,Cookies,Perambalur,West,1155,0.19,300.3
Oil & Masala,Edible Oil & Ghee,Salem,West,1593,0.3,461.97
Beverages,Soft Drinks,Karur,West,1173,0.18,316.71
Bakery,Biscuits,Tenkasi,West,926,0.24,231.5
Bakery,Cakes,Kanyakumari,West,1069,0.14,363.46
Snacks,Chocolates,Namakkal,West,2180,0.2,305.2
"Eggs, Meat & Fish",Chicken,Virudhunagar,West,997,0.21,179.46
"Eggs, Meat & Fish",Chicken,Dharmapuri,West,2110,0.33,759.6
Snacks,Chocolates,Ramanadhapuram,West,826,0.18,82.6
Fruits & Veggies,Fresh Vegetables,Madurai,West,786,0.33,322.26
Beverages,Soft Drinks,Trichy,West,844,0.34,211
Snacks,Cookies,Nagercoil,West,1631,0.27,81.55
Fruits & Veggies,Fresh Vegetables,Dharmapuri,West,2411,0.15,120.55
"Eggs, Meat & Fish",Fish,Cumbum,West,986,0.16,78.88
Beverages,Soft Drinks,Madurai,West,1222,0.12,305.5
Snacks,Noodles,Krishnagiri,West,2305,0.27,276.6
Food Grains,Atta & Flour,Krishnagiri,West,1497,0.27,209.58
"Eggs, Meat & Fish",Mutton,Madurai,West,1692,0.28,236.88
Food Grains,Organic Staples,Salem,West,1269,0.33,139.59
"Eggs, Meat & Fish",Mutton,Salem,West,1942,0.28,291.3
Food Grains,Rice,Karur,West,926,0.14,101.86
Food Grains,Rice,Nagercoil,West,1016,0.15,365.76
Beverages,Soft Drinks,Krishnagiri,West,1984,0.29,277.76
"Eggs, Meat & Fish",Eggs,Perambalur,West,1377,0.23,413.1
"Eggs, Meat & Fish",Fish,Perambalur,West,1448,0.29,622.64
Beverages,Soft Drinks,Madurai,West,583,0.13,198.22
Bakery,Cakes,Kanyakumari,West,714,0.14,64.26
Beverages,Health Drinks,Pudukottai,West,1562,0.33,609.18
Food Grains,Rice,Karur,West,1460,0.3,540.2
Snacks,Cookies,Krishnagiri,West,597,0.27,244.77
Oil & Masala,Spices,Perambalur,West,575,0.24,92
"Eggs, Meat & Fish",Mutton,Nagercoil,West,1142,0.15,102.78
Beverages,Health Drinks,Cumbum,West,2252,0.33,337.8
Beverages,Soft Drinks,Viluppuram,West,1754,0.31,666.52
Snacks,Chocolates,Theni,West,2238,0.32,939.96
"Eggs, Meat & Fish",Eggs,Ramanadhapuram,West,1553,0.29,186.36
Bakery,Biscuits,Namakkal,West,544,0.33,136
Oil & Masala,Spices,Coimbatore,West,2158,0.25,107.9
Fruits & Veggies,Fresh Fruits,Salem,West,2093,0.15,272.09
Food Grains,Rice,Krishnagiri,West,1608,0.31,369.84
Bakery,Breads & Buns,Ramanadhapuram,West,2325,0.15,581.25
Bakery,Cakes,Karur,West,1189,0.2,321.03
Beverages,Soft Drinks,Ramanadhapuram,West,702,0.3,49.14
Beverages,Health Drinks,Virudhunagar,West,2413,0.11,434.34
Bakery,Biscuits,Ooty,West,2374,0.22,735.94
Beverages,Soft Drinks,Theni,West,2341,0.19,655.48
Beverages,Health Drinks,Salem,West,646,0.33,103.36
"Eggs, Meat & Fish",Eggs,Dharmapuri,West,1928,0.33,154.24
Food Grains,Organic Staples,Perambalur,West,548,0.25,164.4
Oil & Masala,Edible Oil & Ghee,Bodi,West,997,0.2,438.68
"Eggs, Meat & Fish",Fish,Madurai,West,779,0.35,350.55
Bakery,Breads & Buns,Madurai,West,723,0.23,281.97
Fruits & Veggies,Organic Vegetables,Viluppuram,West,1243,0.33,186.45
Food Grains,Organic Staples,Vellore,West,700,0.12,105
Snacks,Noodles,Bodi,West,2355,0.14,1012.65
"Eggs, Meat & Fish",Mutton,Madurai,West,2414,0.23,700.06
Oil & Masala,Masalas,Ooty,West,1645,0.13,658
Beverages,Health Drinks,Tenkasi,West,2234,0.31,580.84
Fruits & Veggies,Fresh Fruits,Theni,West,903,0.23,297.99
Oil & Masala,Masalas,Ramanadhapuram,West,940,0.33,235
"Eggs, Meat & Fish",Fish,Dharmapuri,West,1099,0.31,285.74
"Eggs, Meat & Fish",Fish,Vellore,West,1698,0.19,526.38
"Eggs, Meat & Fish",Chicken,Vellore,West,1706,0.32,153.54
Fruits & Veggies,Organic Vegetables,Dindigul,West,682,0.12,54.56
Fruits & Veggies,Organic Fruits,Namakkal,West,1979,0.26,732.23
Snacks,Chocolates,Vellore,West,640,0.18,32
"Eggs, Meat & Fish",Chicken,Vellore,West,829,0.28,331.6
Beverages,Health Drinks,Virudhunagar,West,1082,0.25,162.3
Snacks,Chocolates,Karur,West,1613,0.27,209.69
Beverages,Health Drinks,Tenkasi,West,2353,0.12,611.78
Snacks,Cookies,Dindigul,West,2239,0.21,626.92
Beverages,Health Drinks,Chennai,West,1606,0.31,321.2
Snacks,Chocolates,Viluppuram,West,696,0.21,313.2
Beverages,Soft Drinks,Tenkasi,West,2271,0.13,999.24
Food Grains,Atta & Flour,Namakkal,West,716,0.32,93.08
Snacks,Noodles,Dharmapuri,West,1861,0.22,465.25
"Eggs, Meat & Fish",Mutton,Krishnagiri,West,1706,0.28,443.56
"Eggs, Meat & Fish",Fish,Kanyakumari,West,1706,0.13,511.8
Bakery,Cakes,Kanyakumari,West,732,0.2,212.28
Snacks,Cookies,Namakkal,West,1268,0.3,545.24
"Eggs, Meat & Fish",Mutton,Virudhunagar,West,739,0.23,162.58
Beverages,Health Drinks,Tirunelveli,West,2089,0.35,814.71
Bakery,Cakes,Dharmapuri,West,2204,0.16,528.96
Oil & Masala,Edible Oil & Ghee,Bodi,West,868,0.22,78.12
"Eggs, Meat & Fish",Fish,Dharmapuri,West,1536,0.2,537.6
Snacks,Noodles,Madurai,West,1523,0.3,441.67
Snacks,Noodles,Perambalur,West,2414,0.15,217.26
Oil & Masala,Masalas,Salem,West,2140,0.17,428
Food Grains,Organic Staples,Salem,West,1909,0.26,744.51
"Eggs, Meat & Fish",Eggs,Bodi,West,1078,0.26,485.1
Food Grains,Dals & Pulses,Coimbatore,West,1487,0.24,356.88
Beverages,Health Drinks,Ooty,West,1168,0.12,198.56
Snacks,Chocolates,Ooty,West,1531,0.13,336.82
Snacks,Cookies,Salem,West,1798,0.12,413.54
"Eggs, Meat & Fish",Chicken,Kanyakumari,West,2304,0.1,414.72
Snacks,Chocolates,Krishnagiri,West,1482,0.24,192.66
Food Grains,Organic Staples,Theni,West,2124,0.15,488.52
Bakery,Cakes,Vellore,West,2318,0.32,509.96
Bakery,Biscuits,Viluppuram,West,2089,0.25,814.71
Food Grains,Dals & Pulses,Karur,West,559,0.26,44.72
Oil & Masala,Edible Oil & Ghee,Perambalur,West,1877,0.18,375.4
Food Grains,Dals & Pulses,Krishnagiri,West,1701,0.33,680.4
Bakery,Biscuits,Salem,West,1947,0.35,759.33
Bakery,Biscuits,Coimbatore,West,1548,0.11,170.28
Snacks,Cookies,Nagercoil,West,1543,0.14,524.62
Fruits & Veggies,Fresh Vegetables,Ramanadhapuram,West,1832,0.16,567.92
Snacks,Noodles,Salem,West,774,0.16,85.14
Beverages,Soft Drinks,Virudhunagar,West,2149,0.17,580.23
"Eggs, Meat & Fish",Eggs,Virudhunagar,West,1460,0.16,554.8
Snacks,Chocolates,Krishnagiri,West,891,0.29,89.1
Snacks,Cookies,Kanyakumari,West,1549,0.23,356.27
Bakery,Cakes,Dharmapuri,West,1820,0.1,782.6
Fruits & Veggies,Organic Vegetables,Dharmapuri,West,1668,0.29,383.64
Snacks,Cookies,Dharmapuri,West,1671,0.14,601.56
"Eggs, Meat & Fish",Chicken,Cumbum,West,2190,0.3,788.4
Bakery,Cakes,Nagercoil,West,1826,0.26,529.54
Oil & Masala,Edible Oil & Ghee,Namakkal,West,1306,0.24,156.72
Snacks,Noodles,Salem,West,1184,0.2,390.72
Snacks,Cookies,Theni,West,2045,0.26,429.45
"Eggs, Meat & Fish",Mutton,Bodi,West,698,0.1,76.78
Fruits & Veggies,Fresh Vegetables,Vellore,West,1361,0.16,149.71
Fruits & Veggies,Organic Fruits,Nagercoil,West,2455,0.28,343.7
Bakery,Breads & Buns,Coimbatore,West,1108,0.14,199.44
Snacks,Cookies,Tirunelveli,West,837,0.29,276.21
Snacks,Chocolates,Tenkasi,West,1190,0.19,380.8
Fruits & Veggies,Organic Vegetables,Tirunelveli,West,906,0.16,371.46
Food Grains,Organic Staples,Krishnagiri,West,660,0.26,112.2
Oil & Masala,Edible Oil & Ghee,Theni,West,1059,0.3,137.67
"Eggs, Meat & Fish",Eggs,Dindigul,West,1602,0.33,672.84
Bakery,Cakes,Virudhunagar,West,1607,0.16,160.7
Beverages,Health Drinks,Ooty,West,2313,0.28,601.38
Oil & Masala,Edible Oil & Ghee,Krishnagiri,West,1680,0.34,218.4
Beverages,Soft Drinks,Nagercoil,West,2166,0.34,108.3
Oil & Masala,Masalas,Kanyakumari,West,1677,0.19,385.71
Fruits & Veggies,Fresh Vegetables,Kanyakumari,West,1369,0.27,410.7
Food Grains,Rice,Dindigul,West,1705,0.22,647.9
Food Grains,Organic Staples,Nagercoil,West,2169,0.26,412.11
Food Grains,Dals & Pulses,Tenkasi,West,1982,0.31,515.32
Food Grains,Rice,Madurai,West,2031,0.26,162.48
Food Grains,Organic Staples,Cumbum,West,557,0.33,139.25
Food Grains,Dals & Pulses,Theni,West,1616,0.17,323.2
Food Grains,Atta & Flour,Virudhunagar,West,1479,0.18,103.53
Bakery,Breads & Buns,Perambalur,West,501,0.25,170.34
Fruits & Veggies,Organic Fruits,Coimbatore,West,570,0.19,222.3
Bakery,Cakes,Karur,West,2462,0.25,984.8
"Eggs, Meat & Fish",Chicken,Namakkal,West,1601,0.27,480.3
"Eggs, Meat & Fish",Mutton,Salem,West,952,0.25,57.12
Beverages,Soft Drinks,Kanyakumari,West,623,0.31,112.14
Bakery,Biscuits,Dharmapuri,West,2360,0.3,731.6
Beverages,Health Drinks,Madurai,West,1312,0.16,524.8
Oil & Masala,Spices,Virudhunagar,West,2347,0.28,281.64
Oil & Masala,Masalas,Trichy,Central,882,0.35,211.68
"Eggs, Meat & Fish",Fish,Nagercoil,Central,2038,0.1,101.9
Fruits & Veggies,Fresh Vegetables,Madurai,Central,1832,0.3,403.04
Snacks,Cookies,Kanyakumari,Central,1816,0.12,108.96
Bakery,Breads & Buns,Cumbum,Central,552,0.28,115.92
Beverages,Soft Drinks,Vellore,Central,1291,0.29,206.56
Beverages,Soft Drinks,Krishnagiri,Central,1025,0.12,92.25
Food Grains,Organic Staples,Virudhunagar,Central,1884,0.1,697.08
Beverages,Soft Drinks,Nagercoil,Central,1278,0.17,460.08
Bakery,Breads & Buns,Trichy,Central,2154,0.25,667.74
Food Grains,Atta & Flour,Coimbatore,Central,1935,0.34,425.7
Fruits & Veggies,Fresh Fruits,Theni,Central,743,0.34,193.18
Oil & Masala,Spices,Trichy,Central,2186,0.23,568.36
Oil & Masala,Spices,Kanyakumari,Central,2024,0.35,748.88
Bakery,Cakes,Ooty,Central,1150,0.17,506
Bakery,Biscuits,Dindigul,Central,1210,0.18,544.5
Oil & Masala,Masalas,Karur,East,2281,0.22,912.4
Fruits & Veggies,Organic Vegetables,Namakkal,East,1518,0.1,288.42
Food Grains,Dals & Pulses,Coimbatore,East,1893,0.21,681.48
Snacks,Chocolates,Namakkal,East,1333,0.24,106.64
Beverages,Health Drinks,Coimbatore,East,1285,0.25,552.55
Fruits & Veggies,Organic Vegetables,Virudhunagar,East,1506,0.28,225.9
Fruits & Veggies,Fresh Vegetables,Viluppuram,East,1198,0.32,407.32
Bakery,Breads & Buns,Cumbum,East,2317,0.31,1042.65
Bakery,Breads & Buns,Coimbatore,East,792,0.34,324.72
Bakery,Biscuits,Vellore,East,733,0.34,329.85
"Eggs, Meat & Fish",Fish,Salem,East,635,0.27,190.5
Food Grains,Organic Staples,Pudukottai,East,1824,0.12,802.56
Food Grains,Atta & Flour,Bodi,East,982,0.29,412.44
Bakery,Biscuits,Cumbum,East,887,0.25,168.53
Beverages,Health Drinks,Madurai,East,583,0.26,128.26
Bakery,Biscuits,Chennai,East,2088,0.12,689.04
"Eggs, Meat & Fish",Fish,Ramanadhapuram,East,1617,0.16,113.19
Oil & Masala,Edible Oil & Ghee,Nagercoil,South,1592,0.14,191.04
Snacks,Cookies,Bodi,South,1887,0.27,622.71
Beverages,Health Drinks,Ramanadhapuram,South,1642,0.25,164.2
Fruits & Veggies,Organic Fruits,Cumbum,South,773,0.31,324.66
Bakery,Breads & Buns,Theni,South,910,0.1,63.7
Beverages,Soft Drinks,Madurai,South,2387,0.14,620.62
Fruits & Veggies,Organic Vegetables,Namakkal,South,1699,0.35,118.93
Food Grains,Dals & Pulses,Tirunelveli,South,2478,0.35,569.94
Fruits & Veggies,Organic Vegetables,Chennai,South,1326,0.23,424.32
Fruits & Veggies,Organic Vegetables,Theni,South,942,0.35,386.22
Beverages,Soft Drinks,Theni,South,1253,0.24,438.55
Beverages,Soft Drinks,Karur,South,1544,0.2,386
Bakery,Cakes,Viluppuram,South,1105,0.2,187.85
Snacks,Cookies,Nagercoil,South,545,0.1,43.6
Snacks,Chocolates,Bodi,South,1474,0.12,456.94
Fruits & Veggies,Fresh Vegetables,Madurai,South,1448,0.19,492.32
Snacks,Cookies,Cumbum,West,1693,0.27,440.18
Food Grains,Atta & Flour,Nagercoil,West,1368,0.28,574.56
Snacks,Cookies,Karur,West,2499,0.14,224.91
"Eggs, Meat & Fish",Fish,Dindigul,West,1703,0.28,698.23
Fruits & Veggies,Organic Vegetables,Coimbatore,West,2008,0.13,883.52
"Eggs, Meat & Fish",Mutton,Salem,West,727,0.17,43.62
Oil & Masala,Edible Oil & Ghee,Karur,West,501,0.14,200.4
"Eggs, Meat & Fish",Eggs,Perambalur,West,718,0.27,244.12
Snacks,Noodles,Namakkal,West,610,0.26,122
"Eggs, Meat & Fish",Mutton,Vellore,West,1375,0.21,247.5
Oil & Masala,Masalas,Ramanadhapuram,West,2078,0.15,228.58
Oil & Masala,Masalas,Dindigul,West,2157,0.31,172.56
"Eggs, Meat & Fish",Fish,Krishnagiri,West,2056,0.12,719.6
Food Grains,Dals & Pulses,Nagercoil,West,1750,0.34,577.5
Fruits & Veggies,Organic Vegetables,Madurai,West,2344,0.22,398.48
Snacks,Cookies,Dharmapuri,West,1477,0.21,561.26
Beverages,Soft Drinks,Viluppuram,West,830,0.22,298.8
Fruits & Veggies,Fresh Vegetables,Trichy,West,1440,0.26,144
Food Grains,Atta & Flour,Theni,West,1252,0.13,187.8
Fruits & Veggies,Fresh Vegetables,Krishnagiri,West,702,0.35,224.64
Bakery,Breads & Buns,Dharmapuri,West,711,0.18,56.88
Snacks,Chocolates,Theni,West,1055,0.31,126.6
Snacks,Noodles,Bodi,West,1357,0.32,583.51
Fruits & Veggies,Fresh Vegetables,Nagercoil,West,1993,0.13,757.34
Oil & Masala,Edible Oil & Ghee,Virudhunagar,West,1586,0.22,491.66
Beverages,Health Drinks,Madurai,West,1331,0.18,439.23
Food Grains,Atta & Flour,Namakkal,West,1406,0.14,365.56
Bakery,Cakes,Theni,West,2204,0.32,220.4
Snacks,Chocolates,Viluppuram,West,1109,0.11,310.52
Beverages,Soft Drinks,Coimbatore,West,2147,0.12,364.99
Bakery,Breads & Buns,Krishnagiri,West,1825,0.21,766.5
Food Grains,Rice,Karur,East,1541,0.14,678.04
Beverages,Health Drinks,Viluppuram,East,1276,0.31,484.88
Oil & Masala,Masalas,Chennai,East,1109,0.2,476.87
Food Grains,Rice,Trichy,East,1127,0.23,78.89
"Eggs, Meat & Fish",Chicken,Perambalur,East,2406,0.18,336.84
Snacks,Cookies,Madurai,East,1131,0.28,395.85
Fruits & Veggies,Fresh Vegetables,Tenkasi,East,1475,0.34,236
Beverages,Soft Drinks,Namakkal,East,2233,0.19,870.87
Oil & Masala,Edible Oil & Ghee,Theni,East,2459,0.34,319.67
"Eggs, Meat & Fish",Chicken,Vellore,East,1616,0.15,614.08
Fruits & Veggies,Organic Fruits,Virudhunagar,East,912,0.15,100.32
"Eggs, Meat & Fish",Eggs,Tirunelveli,South,751,0.24,112.65
Bakery,Cakes,Pudukottai,West,1229,0.14,368.7
Fruits & Veggies,Fresh Vegetables,Krishnagiri,West,902,0.33,198.44
Snacks,Cookies,Dharmapuri,West,1611,0.16,128.88
Snacks,Noodles,Namakkal,West,1637,0.23,491.1
Fruits & Veggies,Organic Vegetables,Karur,Central,1531,0.31,505.23
Food Grains,Dals & Pulses,Namakkal,Central,1486,0.35,520.1
Food Grains,Rice,Perambalur,Central,837,0.34,150.66
"Eggs, Meat & Fish",Chicken,Bodi,Central,1648,0.18,181.28
Food Grains,Rice,Virudhunagar,Central,2105,0.13,842
Fruits & Veggies,Organic Vegetables,Nagercoil,Central,810,0.33,48.6
"Eggs, Meat & Fish",Fish,Theni,Central,1976,0.26,790.4
Food Grains,Dals & Pulses,Tenkasi,Central,2156,0.23,258.72
Fruits & Veggies,Fresh Fruits,Perambalur,Central,1662,0.34,565.08
Oil & Masala,Edible Oil & Ghee,Nagercoil,Central,877,0.25,298.18
"Eggs, Meat & Fish",Eggs,Kanyakumari,Central,517,0.11,67.21
Beverages,Soft Drinks,Tirunelveli,Central,1482,0.15,592.8
Fruits & Veggies,Fresh Fruits,Trichy,Central,2331,0.16,116.55
Food Grains,Atta & Flour,Coimbatore,Central,1739,0.3,156.51
Fruits & Veggies,Fresh Vegetables,Nagercoil,Central,1433,0.11,458.56
Snacks,Noodles,Ramanadhapuram,Central,552,0.34,204.24
"Eggs, Meat & Fish",Chicken,Karur,Central,1570,0.21,549.5
Beverages,Soft Drinks,Ooty,Central,556,0.33,127.88
Snacks,Chocolates,Coimbatore,Central,1130,0.19,237.3
Food Grains,Organic Staples,Bodi,Central,757,0.24,136.26
Beverages,Soft Drinks,Ramanadhapuram,Central,2068,0.32,827.2
Oil & Masala,Edible Oil & Ghee,Viluppuram,Central,1116,0.27,89.28
Fruits & Veggies,Fresh Fruits,Virudhunagar,Central,1922,0.31,480.5
Bakery,Biscuits,Chennai,Central,809,0.13,186.07
Food Grains,Rice,Krishnagiri,Central,1976,0.19,731.12
Beverages,Soft Drinks,Nagercoil,Central,1075,0.29,311.75
Beverages,Health Drinks,Theni,Central,2314,0.11,439.66
Bakery,Breads & Buns,Nagercoil,Central,1466,0.21,483.78
Fruits & Veggies,Fresh Fruits,Tirunelveli,Central,1492,0.26,119.36
Oil & Masala,Spices,Perambalur,East,1169,0.28,479.29
Beverages,Soft Drinks,Dindigul,East,2015,0.27,604.5
"Eggs, Meat & Fish",Fish,Tenkasi,East,1213,0.24,84.91
Beverages,Soft Drinks,Krishnagiri,East,800,0.35,184
Snacks,Chocolates,Viluppuram,East,1846,0.2,498.42
Food Grains,Organic Staples,Tenkasi,East,1412,0.22,254.16
Food Grains,Dals & Pulses,Vellore,East,1298,0.13,506.22
Bakery,Breads & Buns,Perambalur,East,1748,0.3,751.64
Oil & Masala,Edible Oil & Ghee,Nagercoil,East,1001,0.2,450.45
"Eggs, Meat & Fish",Eggs,Pudukottai,East,2292,0.21,985.56
Fruits & Veggies,Fresh Vegetables,Karur,East,1562,0.14,109.34
Food Grains,Organic Staples,Dharmapuri,East,833,0.13,99.96
Snacks,Chocolates,Theni,East,545,0.28,70.85
"Eggs, Meat & Fish",Mutton,Pudukottai,East,1751,0.16,787.95
"Eggs, Meat & Fish",Eggs,Ooty,East,647,0.27,226.45
Beverages,Soft Drinks,Dharmapuri,East,1476,0.11,265.68
Oil & Masala,Masalas,Pudukottai,East,1102,0.26,198.36
Snacks,Cookies,Theni,South,1844,0.19,331.92
"Eggs, Meat & Fish",Fish,Kanyakumari,South,1975,0.32,869
Fruits & Veggies,Fresh Fruits,Pudukottai,South,1376,0.15,509.12
Bakery,Biscuits,Ramanadhapuram,South,2458,0.23,147.48
Food Grains,Atta & Flour,Madurai,South,1396,0.13,307.12
Oil & Masala,Masalas,Namakkal,South,1400,0.34,336
Bakery,Biscuits,Ooty,South,1777,0.2,799.65
Fruits & Veggies,Fresh Vegetables,Virudhunagar,South,1863,0.16,689.31
Bakery,Breads & Buns,Bodi,South,1302,0.35,403.62
Bakery,Biscuits,Dharmapuri,South,2285,0.23,251.35
Fruits & Veggies,Fresh Fruits,Perambalur,South,1660,0.17,730.4
Bakery,Cakes,Tenkasi,South,2128,0.21,744.8
"Eggs, Meat & Fish",Fish,Virudhunagar,South,1660,0.25,99.6
Snacks,Noodles,Ooty,South,2293,0.19,160.51
Beverages,Soft Drinks,Kanyakumari,South,1698,0.32,441.48
"Eggs, Meat & Fish",Mutton,Cumbum,South,2203,0.3,176.24
Food Grains,Dals & Pulses,Theni,West,1716,0.3,154.44
Food Grains,Dals & Pulses,Virudhunagar,West,2495,0.26,548.9
Snacks,Noodles,Dharmapuri,West,1440,0.3,633.6
Beverages,Soft Drinks,Virudhunagar,West,1075,0.27,182.75
Food Grains,Organic Staples,Ooty,West,2417,0.34,217.53
Snacks,Noodles,Krishnagiri,West,813,0.27,300.81
Bakery,Cakes,Karur,West,1735,0.14,381.7
Oil & Masala,Spices,Coimbatore,West,1252,0.27,363.08
Beverages,Health Drinks,Vellore,West,900,0.35,297
Beverages,Soft Drinks,Dharmapuri,West,806,0.1,177.32
Bakery,Biscuits,Krishnagiri,West,606,0.33,193.92
"Eggs, Meat & Fish",Chicken,Trichy,West,1132,0.25,56.6
Fruits & Veggies,Fresh Fruits,Ooty,West,2141,0.24,256.92
Snacks,Cookies,Trichy,West,1168,0.24,140.16
Food Grains,Dals & Pulses,Vellore,West,1691,0.28,388.93
"Eggs, Meat & Fish",Fish,Theni,West,1979,0.21,356.22
Oil & Masala,Spices,Dindigul,West,1920,0.28,633.6
Food Grains,Organic Staples,Theni,West,1805,0.35,649.8
Beverages,Soft Drinks,Nagercoil,West,1765,0.13,353
"Eggs, Meat & Fish",Chicken,Theni,West,745,0.35,111.75
Bakery,Breads & Buns,Theni,West,1960,0.19,627.2
"Eggs, Meat & Fish",Fish,Ooty,West,2282,0.27,844.34
Food Grains,Rice,Karur,West,1667,0.12,283.39
Snacks,Noodles,Salem,West,1386,0.18,318.78
Food Grains,Atta & Flour,Tenkasi,West,1097,0.3,197.46
Beverages,Health Drinks,Ramanadhapuram,West,697,0.11,202.13
Fruits & Veggies,Organic Fruits,Vellore,West,1943,0.33,796.63
Beverages,Soft Drinks,Perambalur,West,1766,0.17,406.18
Fruits & Veggies,Fresh Fruits,Bodi,West,1344,0.27,268.8
Beverages,Soft Drinks,Tirunelveli,West,2402,0.16,1056.88
"Eggs, Meat & Fish",Mutton,Bodi,West,730,0.19,131.4
"Eggs, Meat & Fish",Fish,Ramanadhapuram,West,1906,0.19,648.04
Food Grains,Dals & Pulses,Chennai,West,2035,0.32,529.1
Beverages,Soft Drinks,Theni,West,2269,0.12,726.08
Food Grains,Organic Staples,Bodi,West,1240,0.33,384.4
Snacks,Cookies,Karur,West,1253,0.13,513.73
Beverages,Health Drinks,Ooty,West,691,0.35,124.38
Food Grains,Rice,Tenkasi,West,1489,0.3,282.91
Beverages,Health Drinks,Salem,West,612,0.32,134.64
Food Grains,Atta & Flour,Chennai,West,2353,0.33,211.77
"Eggs, Meat & Fish",Eggs,Theni,Central,693,0.27,284.13
Beverages,Soft Drinks,Salem,Central,2267,0.27,974.81
Oil & Masala,Edible Oil & Ghee,Madurai,Central,1382,0.31,69.1
Snacks,Cookies,Chennai,Central,1333,0.14,559.86
Snacks,Chocolates,Kanyakumari,Central,2431,0.18,486.2
Bakery,Biscuits,Vellore,Central,1370,0.31,260.3
Fruits & Veggies,Fresh Vegetables,Kanyakumari,Central,1043,0.28,114.73
Fruits & Veggies,Organic Fruits,Nagercoil,Central,1808,0.34,470.08
Snacks,Chocolates,Madurai,Central,1451,0.14,188.63
Beverages,Health Drinks,Tirunelveli,Central,838,0.26,217.88
Food Grains,Atta & Flour,Bodi,Central,1617,0.25,501.27
Food Grains,Dals & Pulses,Virudhunagar,Central,855,0.24,128.25
Oil & Masala,Spices,Nagercoil,Central,1813,0.25,108.78
Snacks,Noodles,Tirunelveli,Central,2135,0.23,469.7
Oil & Masala,Masalas,Ooty,Central,1801,0.2,540.3
Bakery,Cakes,Cumbum,Central,1178,0.11,117.8
Bakery,Cakes,Theni,Central,905,0.35,280.55
Food Grains,Rice,Namakkal,Central,760,0.17,235.6
"Eggs, Meat & Fish",Eggs,Virudhunagar,Central,1485,0.26,430.65
Oil & Masala,Edible Oil & Ghee,Dindigul,Central,2077,0.12,311.55
Food Grains,Rice,Trichy,Central,1238,0.28,309.5
Beverages,Health Drinks,Namakkal,Central,2359,0.1,495.39
Beverages,Health Drinks,Coimbatore,Central,1194,0.19,465.66
"Eggs, Meat & Fish",Chicken,Theni,Central,1833,0.26,128.31
"Eggs, Meat & Fish",Eggs,Coimbatore,Central,1109,0.21,99.81
Fruits & Veggies,Organic Fruits,Nagercoil,Central,1682,0.32,504.6
Snacks,Noodles,Salem,Central,1101,0.3,429.39
Oil & Masala,Spices,Vellore,Central,881,0.13,299.54
Snacks,Noodles,Vellore,Central,1150,0.25,195.5
Oil & Masala,Edible Oil & Ghee,Cumbum,Central,1398,0.25,321.54
Food Grains,Atta & Flour,Virudhunagar,Central,1127,0.33,293.02
Snacks,Cookies,Ooty,Central,1701,0.19,663.39
Snacks,Cookies,Chennai,Central,2104,0.28,946.8
Oil & Masala,Edible Oil & Ghee,Dindigul,Central,1123,0.3,449.2
Bakery,Cakes,Theni,Central,1239,0.26,346.92
Bakery,Biscuits,Salem,Central,1952,0.18,468.48
Beverages,Health Drinks,Dharmapuri,Central,839,0.32,218.14
Food Grains,Rice,Coimbatore,Central,1792,0.22,627.2
Bakery,Biscuits,Perambalur,Central,591,0.29,189.12
Oil & Masala,Masalas,Ooty,Central,2390,0.23,501.9
"Eggs, Meat & Fish",Chicken,Tirunelveli,Central,2466,0.3,369.9
Fruits & Veggies,Fresh Vegetables,Bodi,Central,1608,0.13,498.48
"Eggs, Meat & Fish",Fish,Karur,Central,793,0.1,174.46
Snacks,Noodles,Krishnagiri,Central,884,0.28,176.8
Oil & Masala,Masalas,Trichy,Central,1453,0.26,406.84
"Eggs, Meat & Fish",Chicken,Salem,Central,650,0.13,273
Fruits & Veggies,Organic Fruits,Theni,Central,1072,0.19,343.04
Food Grains,Organic Staples,Tirunelveli,Central,1471,0.32,161.81
Bakery,Biscuits,Viluppuram,Central,1434,0.2,114.72
Beverages,Soft Drinks,Madurai,Central,2254,0.27,991.76
Beverages,Soft Drinks,Perambalur,Central,1533,0.31,444.57
Oil & Masala,Spices,Viluppuram,Central,2363,0.24,189.04
Fruits & Veggies,Fresh Vegetables,Kanyakumari,Central,566,0.25,39.62
Oil & Masala,Edible Oil & Ghee,Bodi,Central,1418,0.24,241.06
"Eggs, Meat & Fish",Eggs,Ramanadhapuram,Central,1685,0.17,168.5
Snacks,Cookies,Tirunelveli,Central,683,0.21,54.64
Oil & Masala,Masalas,Tirunelveli,East,1614,0.17,645.6
Food Grains,Rice,Bodi,East,1880,0.32,752
Bakery,Biscuits,Vellore,East,1622,0.2,502.82
Food Grains,Organic Staples,Pudukottai,East,2422,0.13,1041.46
Bakery,Biscuits,Coimbatore,East,2452,0.18,1103.4
Fruits & Veggies,Organic Vegetables,Cumbum,East,929,0.15,213.67
Fruits & Veggies,Fresh Fruits,Theni,East,1552,0.29,496.64
Food Grains,Organic Staples,Salem,East,2460,0.22,393.6
Beverages,Health Drinks,Virudhunagar,East,2389,0.26,597.25
Food Grains,Organic Staples,Trichy,East,2369,0.35,307.97
Snacks,Cookies,Theni,East,719,0.21,179.75
Snacks,Noodles,Dindigul,East,1046,0.18,449.78
"Eggs, Meat & Fish",Eggs,Namakkal,East,863,0.26,43.15
Snacks,Noodles,Ooty,East,668,0.22,173.68
Beverages,Soft Drinks,Perambalur,East,1569,0.32,298.11
Fruits & Veggies,Organic Fruits,Ramanadhapuram,East,1081,0.27,237.82
Oil & Masala,Spices,Chennai,East,993,0.29,436.92
"Eggs, Meat & Fish",Eggs,Chennai,East,2406,0.15,914.28
Oil & Masala,Masalas,Pudukottai,East,527,0.22,152.83
"Eggs, Meat & Fish",Fish,Dharmapuri,East,2203,0.32,374.51
Fruits & Veggies,Fresh Vegetables,Karur,East,1241,0.19,359.89
Food Grains,Rice,Krishnagiri,East,1028,0.14,370.08
Oil & Masala,Masalas,Krishnagiri,East,1613,0.12,338.73
Beverages,Health Drinks,Namakkal,East,1978,0.2,375.82
Fruits & Veggies,Organic Fruits,Vellore,East,1105,0.21,320.45
"Eggs, Meat & Fish",Mutton,Krishnagiri,East,1068,0.27,128.16
Fruits & Veggies,Organic Fruits,Karur,East,557,0.14,150.39
Beverages,Soft Drinks,Cumbum,East,1562,0.12,140.58
Bakery,Cakes,Chennai,East,2496,0.12,673.92
Fruits & Veggies,Organic Vegetables,Virudhunagar,East,509,0.2,50.9
Food Grains,Dals & Pulses,Ooty,East,1271,0.26,521.11
Oil & Masala,Spices,Kanyakumari,East,2434,0.23,316.42
Fruits & Veggies,Organic Vegetables,Vellore,East,1567,0.25,548.45
"Eggs, Meat & Fish",Chicken,Dharmapuri,East,517,0.24,56.87
Food Grains,Organic Staples,Ooty,East,1644,0.29,476.76
Oil & Masala,Spices,Namakkal,East,766,0.25,283.42
Fruits & Veggies,Fresh Fruits,Kanyakumari,East,913,0.12,54.78
Bakery,Cakes,Tenkasi,East,1076,0.17,279.76
Food Grains,Rice,Perambalur,East,721,0.23,165.83
Bakery,Cakes,Pudukottai,East,1148,0.3,459.2
Beverages,Soft Drinks,Madurai,East,1126,0.22,349.06
Oil & Masala,Spices,Tenkasi,East,1747,0.26,157.23
Snacks,Cookies,Virudhunagar,East,545,0.15,49.05
Oil & Masala,Masalas,Tirunelveli,East,1643,0.13,673.63
Beverages,Soft Drinks,Tenkasi,East,1117,0.17,502.65
Oil & Masala,Edible Oil & Ghee,Pudukottai,East,2114,0.35,591.92
Snacks,Noodles,Krishnagiri,East,1541,0.14,493.12
Fruits & Veggies,Organic Fruits,Bodi,East,1707,0.34,597.45
Oil & Masala,Edible Oil & Ghee,Coimbatore,East,1754,0.21,491.12
Snacks,Chocolates,Viluppuram,East,613,0.35,30.65
Bakery,Biscuits,Tirunelveli,East,1634,0.1,147.06
Oil & Masala,Masalas,Pudukottai,East,1852,0.25,129.64
Food Grains,Atta & Flour,Dharmapuri,East,1550,0.11,186
Beverages,Health Drinks,Chennai,East,1237,0.31,470.06
Snacks,Noodles,Tirunelveli,East,621,0.1,124.2
Beverages,Health Drinks,Dindigul,East,606,0.24,121.2
"Eggs, Meat & Fish",Fish,Namakkal,East,2474,0.28,1039.08
Fruits & Veggies,Organic Fruits,Vellore,East,1603,0.11,625.17
Beverages,Health Drinks,Bodi,East,2471,0.14,444.78
Oil & Masala,Masalas,Kanyakumari,East,1107,0.12,88.56
Food Grains,Atta & Flour,Karur,East,1495,0.13,313.95
Oil & Masala,Spices,Dharmapuri,East,1869,0.26,579.39
"Eggs, Meat & Fish",Eggs,Ramanadhapuram,East,1716,0.34,308.88
Fruits & Veggies,Organic Fruits,Tirunelveli,East,795,0.22,39.75
Food Grains,Dals & Pulses,Bodi,East,2400,0.29,792
"Eggs, Meat & Fish",Fish,Madurai,East,2110,0.29,675.2
Fruits & Veggies,Fresh Vegetables,Perambalur,East,1565,0.35,187.8
Oil & Masala,Spices,Bodi,East,775,0.12,224.75
Snacks,Noodles,Tenkasi,East,2227,0.35,556.75
Fruits & Veggies,Fresh Vegetables,Bodi,East,2480,0.3,744
Food Grains,Rice,Ramanadhapuram,East,1604,0.2,673.68
Fruits & Veggies,Organic Vegetables,Vellore,East,1152,0.25,414.72
Fruits & Veggies,Fresh Fruits,Bodi,East,1556,0.22,466.8
"Eggs, Meat & Fish",Eggs,Dharmapuri,East,1634,0.17,81.7
Beverages,Soft Drinks,Viluppuram,East,1605,0.13,272.85
Fruits & Veggies,Fresh Fruits,Viluppuram,East,1915,0.31,383
"Eggs, Meat & Fish",Eggs,Karur,East,2476,0.17,693.28
Bakery,Breads & Buns,Coimbatore,East,2468,0.18,271.48
Bakery,Cakes,Dindigul,East,1017,0.32,447.48
Beverages,Soft Drinks,Perambalur,East,1940,0.33,659.6
Food Grains,Rice,Ooty,East,692,0.31,235.28
Food Grains,Dals & Pulses,Bodi,East,859,0.1,266.29
Bakery,Biscuits,Namakkal,East,951,0.16,114.12
"Eggs, Meat & Fish",Mutton,Salem,East,871,0.21,113.23
Fruits & Veggies,Organic Fruits,Tirunelveli,East,2435,0.22,681.8
Beverages,Soft Drinks,Chennai,East,1277,0.14,204.32
"Eggs, Meat & Fish",Chicken,Karur,East,605,0.19,242
Fruits & Veggies,Fresh Fruits,Perambalur,East,2032,0.18,223.52
Beverages,Soft Drinks,Tirunelveli,East,2478,0.27,619.5
Food Grains,Dals & Pulses,Madurai,East,901,0.32,252.28
Fruits & Veggies,Organic Fruits,Vellore,East,1811,0.21,760.62
Snacks,Noodles,Madurai,East,2155,0.14,581.85
Fruits & Veggies,Organic Vegetables,Salem,East,2446,0.2,587.04
Bakery,Cakes,Tirunelveli,East,582,0.14,46.56
Food Grains,Dals & Pulses,Ramanadhapuram,East,2422,0.19,1041.46
"Eggs, Meat & Fish",Chicken,Ooty,East,998,0.28,209.58
Bakery,Cakes,Dindigul,East,984,0.13,403.44
Beverages,Health Drinks,Bodi,East,964,0.25,424.16
Food Grains,Rice,Tenkasi,East,1307,0.2,548.94
Snacks,Cookies,Dindigul,East,1009,0.18,70.63
Oil & Masala,Spices,Madurai,East,2220,0.11,310.8
Snacks,Cookies,Cumbum,South,813,0.12,130.08
Bakery,Breads & Buns,Karur,South,973,0.15,243.25
"Eggs, Meat & Fish",Chicken,Bodi,South,1836,0.29,201.96
Snacks,Chocolates,Cumbum,South,983,0.22,403.03
"Eggs, Meat & Fish",Fish,Perambalur,South,2317,0.13,949.97
Food Grains,Rice,Dharmapuri,South,981,0.18,176.58
"Eggs, Meat & Fish",Mutton,Krishnagiri,South,889,0.21,293.37
Oil & Masala,Edible Oil & Ghee,Pudukottai,South,1772,0.22,708.8
Fruits & Veggies,Fresh Vegetables,Karur,South,2299,0.22,988.57
"Eggs, Meat & Fish",Mutton,Karur,South,2215,0.17,841.7
Oil & Masala,Masalas,Chennai,South,1569,0.31,329.49
Fruits & Veggies,Fresh Vegetables,Perambalur,South,2022,0.3,181.98
Beverages,Soft Drinks,Coimbatore,South,506,0.18,65.78
Fruits & Veggies,Organic Vegetables,Theni,South,2174,0.31,934.82
"Eggs, Meat & Fish",Chicken,Virudhunagar,South,1520,0.33,684
Fruits & Veggies,Fresh Fruits,Perambalur,South,1557,0.15,513.81
Bakery,Breads & Buns,Cumbum,South,1650,0.29,643.5
Bakery,Breads & Buns,Dindigul,South,2156,0.2,754.6
Bakery,Cakes,Trichy,South,2500,0.13,225
"Eggs, Meat & Fish",Mutton,Krishnagiri,South,1719,0.22,653.22
Snacks,Noodles,Perambalur,South,1192,0.13,202.64
Beverages,Health Drinks,Ramanadhapuram,South,2412,0.3,675.36
Food Grains,Dals & Pulses,Karur,South,1784,0.1,588.72
Beverages,Soft Drinks,Krishnagiri,South,1721,0.32,206.52
Snacks,Noodles,Pudukottai,South,2150,0.17,602
Snacks,Chocolates,Bodi,South,508,0.2,45.72
Snacks,Cookies,Karur,South,1291,0.34,516.4
Bakery,Breads & Buns,Viluppuram,South,2189,0.15,350.24
Snacks,Chocolates,Karur,South,2025,0.25,830.25
Snacks,Chocolates,Perambalur,South,1693,0.28,457.11
Snacks,Noodles,Cumbum,South,1301,0.17,312.24
"Eggs, Meat & Fish",Chicken,Pudukottai,South,1319,0.25,197.85
Snacks,Cookies,Bodi,South,1551,0.15,573.87
Fruits & Veggies,Organic Fruits,Viluppuram,South,551,0.18,165.3
Snacks,Cookies,Salem,South,1814,0.16,253.96
Fruits & Veggies,Organic Vegetables,Krishnagiri,South,1336,0.15,561.12
Bakery,Breads & Buns,Perambalur,South,1065,0.18,287.55
Snacks,Chocolates,Tenkasi,South,525,0.27,215.25
Snacks,Chocolates,Trichy,South,2437,0.2,804.21
Fruits & Veggies,Organic Fruits,Virudhunagar,South,2218,0.27,931.56
Bakery,Cakes,Krishnagiri,South,1944,0.22,505.44
"Eggs, Meat & Fish",Fish,Tirunelveli,South,865,0.26,380.6
Food Grains,Dals & Pulses,Nagercoil,South,531,0.23,31.86
"Eggs, Meat & Fish",Mutton,Viluppuram,South,2013,0.17,442.86
Bakery,Biscuits,Dindigul,West,1656,0.14,579.6
"Eggs, Meat & Fish",Eggs,Bodi,West,2209,0.1,706.88
"Eggs, Meat & Fish",Fish,Perambalur,West,690,0.2,172.5
Oil & Masala,Spices,Dharmapuri,West,1492,0.17,149.2
Oil & Masala,Masalas,Karur,West,868,0.21,260.4
Beverages,Health Drinks,Salem,West,671,0.25,201.3
Beverages,Soft Drinks,Vellore,West,521,0.24,182.35
Fruits & Veggies,Fresh Fruits,Dindigul,West,1715,0.25,343
"Eggs, Meat & Fish",Chicken,Virudhunagar,West,1189,0.22,475.6
Oil & Masala,Spices,Nagercoil,West,1068,0.14,85.44
Snacks,Noodles,Dindigul,West,835,0.2,334
Fruits & Veggies,Fresh Fruits,Pudukottai,West,2259,0.11,971.37
Snacks,Cookies,Ramanadhapuram,West,731,0.32,321.64
Fruits & Veggies,Organic Fruits,Trichy,West,1900,0.23,437
Fruits & Veggies,Organic Vegetables,Trichy,West,1056,0.13,411.84
Fruits & Veggies,Fresh Fruits,Coimbatore,West,1449,0.33,101.43
Bakery,Breads & Buns,Pudukottai,West,2493,0.19,1022.13
"Eggs, Meat & Fish",Fish,Dharmapuri,West,667,0.25,193.43
Fruits & Veggies,Fresh Fruits,Namakkal,West,1500,0.35,360
Oil & Masala,Spices,Ramanadhapuram,West,1259,0.17,239.21
Oil & Masala,Spices,Perambalur,West,2331,0.25,815.85
"Eggs, Meat & Fish",Chicken,Nagercoil,West,764,0.29,183.36
Bakery,Cakes,Dharmapuri,West,1275,0.3,522.75
Food Grains,Organic Staples,Theni,West,2493,0.16,349.02
Snacks,Cookies,Kanyakumari,West,1519,0.13,592.41
Food Grains,Dals & Pulses,Karur,West,1253,0.13,451.08
Oil & Masala,Masalas,Krishnagiri,West,1272,0.18,508.8
Beverages,Health Drinks,Cumbum,West,2444,0.13,586.56
Bakery,Breads & Buns,Kanyakumari,West,1174,0.11,457.86
Bakery,Biscuits,Vellore,West,1738,0.24,173.8
Beverages,Health Drinks,Pudukottai,West,1525,0.12,198.25
Oil & Masala,Masalas,Pudukottai,West,1647,0.1,197.64
Beverages,Soft Drinks,Cumbum,West,1366,0.15,368.82
"Eggs, Meat & Fish",Fish,Chennai,West,1015,0.15,436.45
Fruits & Veggies,Organic Vegetables,Madurai,West,2182,0.31,414.58
Fruits & Veggies,Organic Vegetables,Madurai,West,2092,0.25,732.2
Snacks,Chocolates,Ramanadhapuram,West,1730,0.31,86.5
Bakery,Cakes,Coimbatore,West,1323,0.19,343.98
Fruits & Veggies,Organic Fruits,Cumbum,West,2150,0.25,903
"Eggs, Meat & Fish",Mutton,Pudukottai,West,2226,0.14,779.1
Bakery,Biscuits,Bodi,West,1276,0.27,242.44
Food Grains,Atta & Flour,Virudhunagar,West,1851,0.1,148.08
Food Grains,Organic Staples,Namakkal,West,1647,0.13,214.11
Snacks,Chocolates,Viluppuram,West,1215,0.21,437.4
"Eggs, Meat & Fish",Mutton,Salem,West,1749,0.1,682.11
Food Grains,Atta & Flour,Dindigul,West,2065,0.2,805.35
Snacks,Cookies,Virudhunagar,West,1514,0.19,181.68
Fruits & Veggies,Organic Vegetables,Trichy,West,1199,0.35,515.57
"Eggs, Meat & Fish",Chicken,Viluppuram,West,1586,0.11,570.96
"Eggs, Meat & Fish",Mutton,Viluppuram,West,660,0.18,118.8
Snacks,Cookies,Vellore,West,1113,0.31,422.94
Snacks,Chocolates,Perambalur,West,1246,0.18,373.8
Beverages,Health Drinks,Madurai,West,700,0.29,217
Fruits & Veggies,Fresh Vegetables,Dindigul,West,719,0.17,244.46
Fruits & Veggies,Organic Fruits,Bodi,West,1546,0.35,401.96
Fruits & Veggies,Fresh Vegetables,Namakkal,West,1309,0.34,65.45
Bakery,Breads & Buns,Tenkasi,West,1349,0.34,310.27
Fruits & Veggies,Fresh Vegetables,Vellore,West,1150,0.3,299
Oil & Masala,Spices,Cumbum,West,1713,0.28,359.73
Bakery,Biscuits,Pudukottai,West,997,0.26,239.28
Snacks,Cookies,Krishnagiri,West,1573,0.29,157.3
Snacks,Noodles,Vellore,West,2253,0.16,698.43
Fruits & Veggies,Fresh Fruits,Virudhunagar,West,1109,0.18,432.51
"Eggs, Meat & Fish",Fish,Pudukottai,West,1156,0.11,184.96
Bakery,Breads & Buns,Cumbum,West,511,0.14,86.87
Food Grains,Atta & Flour,Nagercoil,West,2318,0.31,370.88
Fruits & Veggies,Organic Fruits,Dharmapuri,West,623,0.12,112.14
Beverages,Health Drinks,Coimbatore,West,1512,0.33,181.44
Food Grains,Dals & Pulses,Trichy,West,990,0.35,445.5
"Eggs, Meat & Fish",Eggs,Vellore,West,1448,0.26,173.76
Oil & Masala,Masalas,Kanyakumari,West,1788,0.14,625.8
Food Grains,Atta & Flour,Virudhunagar,West,1907,0.2,362.33
Oil & Masala,Masalas,Virudhunagar,West,2380,0.35,999.6
Oil & Masala,Edible Oil & Ghee,Trichy,West,2467,0.34,937.46
Beverages,Health Drinks,Virudhunagar,West,1359,0.2,95.13
Beverages,Soft Drinks,Salem,West,996,0.27,199.2
Bakery,Cakes,Theni,West,1917,0.17,383.4
Food Grains,Organic Staples,Dindigul,West,1073,0.13,96.57
Snacks,Chocolates,Vellore,West,1935,0.12,715.95
Fruits & Veggies,Fresh Vegetables,Chennai,West,1956,0.23,567.24
Bakery,Breads & Buns,Pudukottai,West,1983,0.25,436.26
Beverages,Soft Drinks,Madurai,West,1751,0.23,682.89
"Eggs, Meat & Fish",Mutton,Bodi,West,1457,0.1,480.81
Beverages,Health Drinks,Chennai,West,1554,0.33,699.3
Beverages,Health Drinks,Pudukottai,West,785,0.27,47.1
Beverages,Soft Drinks,Nagercoil,West,1915,0.32,134.05
Bakery,Breads & Buns,Kanyakumari,West,2000,0.27,100
Snacks,Cookies,Virudhunagar,West,2275,0.23,295.75
Beverages,Soft Drinks,Perambalur,West,1919,0.35,307.04
Oil & Masala,Masalas,Ramanadhapuram,West,1790,0.14,411.7
"Eggs, Meat & Fish",Fish,Vellore,West,1676,0.24,636.88
Beverages,Health Drinks,Ramanadhapuram,West,1205,0.26,144.6
Fruits & Veggies,Fresh Fruits,Kanyakumari,West,2413,0.28,1037.59
Snacks,Chocolates,Madurai,West,746,0.32,104.44
Oil & Masala,Edible Oil & Ghee,Perambalur,West,599,0.29,227.62
Bakery,Biscuits,Vellore,West,1811,0.11,742.51
Bakery,Biscuits,Vellore,West,1384,0.3,525.92
"Eggs, Meat & Fish",Mutton,Ramanadhapuram,West,2278,0.35,637.84
"Eggs, Meat & Fish",Mutton,Pudukottai,West,1504,0.12,210.56
Fruits & Veggies,Organic Fruits,Nagercoil,West,2217,0.26,554.25
Oil & Masala,Spices,Vellore,West,2115,0.35,148.05
Food Grains,Organic Staples,Viluppuram,West,1757,0.35,105.42
Snacks,Chocolates,Karur,West,1350,0.33,432
Food Grains,Organic Staples,Krishnagiri,West,2176,0.23,108.8
Oil & Masala,Masalas,Bodi,West,1200,0.26,240
Food Grains,Organic Staples,Trichy,West,1823,0.1,91.15
Fruits & Veggies,Fresh Vegetables,Perambalur,Central,1936,0.32,329.12
Food Grains,Organic Staples,Namakkal,Central,1193,0.21,178.95
Snacks,Cookies,Viluppuram,Central,983,0.31,167.11
Oil & Masala,Edible Oil & Ghee,Kanyakumari,Central,1856,0.12,779.52
Beverages,Soft Drinks,Vellore,Central,2442,0.26,781.44
"Eggs, Meat & Fish",Fish,Bodi,Central,819,0.24,319.41
Beverages,Health Drinks,Kanyakumari,Central,520,0.3,150.8
Snacks,Chocolates,Ramanadhapuram,Central,2224,0.19,822.88
"Eggs, Meat & Fish",Fish,Nagercoil,Central,1290,0.31,516
Snacks,Chocolates,Trichy,Central,1294,0.33,517.6
Snacks,Chocolates,Cumbum,Central,620,0.27,117.8
Bakery,Cakes,Dindigul,Central,1154,0.35,426.98
Fruits & Veggies,Organic Fruits,Pudukottai,East,773,0.13,123.68
Bakery,Biscuits,Vellore,East,1897,0.19,341.46
"Eggs, Meat & Fish",Chicken,Virudhunagar,East,586,0.29,29.3
"Eggs, Meat & Fish",Eggs,Bodi,East,821,0.25,229.88
Beverages,Health Drinks,Salem,East,1086,0.23,184.62
Oil & Masala,Masalas,Coimbatore,East,2076,0.2,747.36
Bakery,Biscuits,Perambalur,East,1758,0.16,544.98
Bakery,Breads & Buns,Chennai,East,2133,0.24,767.88
Beverages,Soft Drinks,Bodi,East,1849,0.24,332.82
Oil & Masala,Edible Oil & Ghee,Cumbum,East,1153,0.26,138.36
Snacks,Cookies,Salem,East,1869,0.27,616.77
"Eggs, Meat & Fish",Mutton,Madurai,East,910,0.24,154.7
Fruits & Veggies,Fresh Fruits,Vellore,South,2317,0.23,486.57
Fruits & Veggies,Organic Fruits,Vellore,South,763,0.16,343.35
"Eggs, Meat & Fish",Chicken,Theni,South,781,0.16,101.53
"Eggs, Meat & Fish",Mutton,Bodi,South,2265,0.19,294.45
Oil & Masala,Edible Oil & Ghee,Chennai,South,884,0.1,238.68
"Eggs, Meat & Fish",Mutton,Salem,South,1565,0.12,641.65
Fruits & Veggies,Organic Fruits,Theni,South,704,0.22,70.4
Oil & Masala,Edible Oil & Ghee,Nagercoil,South,901,0.29,45.05
Bakery,Cakes,Nagercoil,South,2229,0.24,334.35
Food Grains,Organic Staples,Tenkasi,West,990,0.3,386.1
"Eggs, Meat & Fish",Eggs,Kanyakumari,West,1014,0.25,283.92
Snacks,Chocolates,Vellore,West,1624,0.3,276.08
Fruits & Veggies,Organic Fruits,Kanyakumari,West,2153,0.16,602.84
Snacks,Cookies,Trichy,West,2342,0.33,936.8
Beverages,Health Drinks,Ramanadhapuram,West,2228,0.2,111.4
"Eggs, Meat & Fish",Fish,Tenkasi,West,1787,0.15,696.93
Oil & Masala,Masalas,Viluppuram,West,1583,0.29,253.28
Bakery,Biscuits,Tirunelveli,West,701,0.31,119.17
Fruits & Veggies,Organic Vegetables,Trichy,West,1341,0.3,187.74
Bakery,Breads & Buns,Tirunelveli,West,2030,0.23,487.2
Snacks,Noodles,Bodi,West,1920,0.24,518.4
Fruits & Veggies,Fresh Fruits,Bodi,West,1869,0.18,411.18
Fruits & Veggies,Organic Vegetables,Perambalur,West,620,0.29,117.8
Snacks,Noodles,Tenkasi,West,1028,0.33,318.68
Bakery,Cakes,Vellore,West,912,0.28,328.32
Fruits & Veggies,Organic Fruits,Bodi,West,1043,0.3,302.47
Beverages,Health Drinks,Tenkasi,West,966,0.21,86.94
Beverages,Soft Drinks,Virudhunagar,West,1403,0.22,238.51
"Eggs, Meat & Fish",Fish,Dindigul,West,633,0.17,50.64
Oil & Masala,Spices,Tirunelveli,West,798,0.14,135.66
Oil & Masala,Edible Oil & Ghee,Trichy,Central,1593,0.11,509.76
Bakery,Biscuits,Krishnagiri,Central,1852,0.26,648.2
Beverages,Health Drinks,Virudhunagar,Central,1589,0.32,238.35
Fruits & Veggies,Organic Fruits,Trichy,East,542,0.11,27.1
Snacks,Cookies,Cumbum,East,1473,0.1,117.84
Oil & Masala,Edible Oil & Ghee,Ramanadhapuram,East,2028,0.35,365.04
Snacks,Noodles,Pudukottai,East,917,0.32,192.57
Snacks,Chocolates,Coimbatore,East,2100,0.21,735
"Eggs, Meat & Fish",Eggs,Cumbum,East,1735,0.19,86.75
Fruits & Veggies,Organic Fruits,Pudukottai,East,981,0.1,166.77
Beverages,Soft Drinks,Bodi,South,589,0.25,212.04
Oil & Masala,Spices,Cumbum,South,2376,0.3,926.64
Fruits & Veggies,Fresh Fruits,Bodi,West,819,0.27,303.03
"Eggs, Meat & Fish",Mutton,Namakkal,West,2329,0.16,675.41
Snacks,Chocolates,Virudhunagar,West,1997,0.28,299.55
Beverages,Soft Drinks,Kanyakumari,West,1184,0.1,485.44
Bakery,Breads & Buns,Perambalur,West,1637,0.2,130.96
Oil & Masala,Spices,Viluppuram,West,2110,0.29,611.9
Snacks,Chocolates,Ramanadhapuram,West,2408,0.32,192.64
Food Grains,Rice,Tenkasi,West,2006,0.25,421.26
"Eggs, Meat & Fish",Eggs,Cumbum,West,918,0.35,229.5
Bakery,Breads & Buns,Virudhunagar,West,1840,0.14,772.8
"Eggs, Meat & Fish",Mutton,Pudukottai,West,1186,0.26,59.3
Bakery,Breads & Buns,Karur,West,1417,0.3,481.78
Bakery,Biscuits,Chennai,Central,933,0.35,214.59
Snacks,Cookies,Perambalur,Central,2397,0.33,191.76
Fruits & Veggies,Organic Vegetables,Salem,Central,1988,0.13,497
Beverages,Soft Drinks,Chennai,Central,802,0.1,296.74
Snacks,Cookies,Salem,Central,1136,0.13,136.32
Beverages,Soft Drinks,Ramanadhapuram,Central,2178,0.17,675.18
"Eggs, Meat & Fish",Fish,Coimbatore,Central,2034,0.32,488.16
Oil & Masala,Spices,Namakkal,Central,1195,0.19,59.75
Snacks,Cookies,Trichy,Central,955,0.3,334.25
Bakery,Biscuits,Tenkasi,Central,1061,0.24,297.08
Bakery,Cakes,Nagercoil,Central,2238,0.27,783.3
Fruits & Veggies,Fresh Fruits,Vellore,Central,935,0.33,420.75
Food Grains,Rice,Chennai,Central,1678,0.23,453.06
Food Grains,Dals & Pulses,Tenkasi,Central,916,0.17,100.76
Food Grains,Rice,Tirunelveli,Central,1956,0.18,567.24
Food Grains,Organic Staples,Virudhunagar,Central,2375,0.34,546.25
"Eggs, Meat & Fish",Eggs,Coimbatore,Central,1146,0.15,481.32
Fruits & Veggies,Organic Vegetables,Trichy,Central,1274,0.14,356.72
Food Grains,Dals & Pulses,Tenkasi,Central,502,0.34,50.2
Beverages,Health Drinks,Viluppuram,East,1068,0.28,480.6
Food Grains,Dals & Pulses,Chennai,East,1224,0.12,208.08
Fruits & Veggies,Organic Vegetables,Dharmapuri,East,1231,0.1,381.61
Snacks,Noodles,Coimbatore,East,1947,0.19,525.69
Snacks,Cookies,Tirunelveli,East,2464,0.18,714.56
Snacks,Chocolates,Virudhunagar,East,596,0.25,214.56
Oil & Masala,Masalas,Pudukottai,East,1149,0.18,344.7
Snacks,Chocolates,Karur,East,1516,0.31,379
Fruits & Veggies,Fresh Fruits,Tenkasi,East,1158,0.1,138.96
"Eggs, Meat & Fish",Eggs,Virudhunagar,East,1025,0.24,174.25
Oil & Masala,Spices,Vellore,East,1660,0.28,498
"Eggs, Meat & Fish",Eggs,Nagercoil,East,694,0.18,229.02
Bakery,Cakes,Cumbum,East,645,0.13,141.9
"Eggs, Meat & Fish",Chicken,Namakkal,East,1994,0.31,677.96
Snacks,Noodles,Kanyakumari,East,506,0.33,65.78
Snacks,Chocolates,Vellore,East,1902,0.28,798.84
Food Grains,Rice,Kanyakumari,South,1613,0.32,548.42
Food Grains,Rice,Dharmapuri,South,1246,0.28,498.4
Snacks,Cookies,Dharmapuri,South,2281,0.3,661.49
Beverages,Soft Drinks,Pudukottai,South,2044,0.27,531.44
Fruits & Veggies,Fresh Fruits,Namakkal,South,793,0.23,348.92
Food Grains,Dals & Pulses,Kanyakumari,South,1936,0.31,484
Beverages,Soft Drinks,Ramanadhapuram,West,1507,0.32,75.35
Food Grains,Dals & Pulses,Tirunelveli,West,1631,0.2,195.72
Beverages,Health Drinks,Vellore,West,2344,0.13,586
Oil & Masala,Spices,Krishnagiri,West,1141,0.33,387.94
Food Grains,Atta & Flour,Tenkasi,West,1471,0.18,88.26
"Eggs, Meat & Fish",Fish,Kanyakumari,West,1268,0.33,405.76
Bakery,Breads & Buns,Virudhunagar,West,1575,0.17,582.75
Bakery,Breads & Buns,Vellore,West,1961,0.12,509.86
Beverages,Health Drinks,Vellore,West,1590,0.24,699.6
Oil & Masala,Masalas,Dharmapuri,West,2296,0.17,551.04
"Eggs, Meat & Fish",Mutton,Ramanadhapuram,West,1848,0.23,739.2
Bakery,Cakes,Perambalur,West,2324,0.26,581
Snacks,Noodles,Virudhunagar,West,1280,0.16,537.6
Snacks,Chocolates,Madurai,West,1694,0.31,677.6
Fruits & Veggies,Organic Fruits,Kanyakumari,West,1982,0.23,574.78
Beverages,Soft Drinks,Chennai,West,2371,0.19,308.23
Fruits & Veggies,Fresh Vegetables,Ooty,West,1261,0.12,340.47
Oil & Masala,Edible Oil & Ghee,Virudhunagar,West,731,0.22,73.1
Oil & Masala,Masalas,Nagercoil,West,1839,0.34,183.9
Oil & Masala,Edible Oil & Ghee,Pudukottai,West,1123,0.26,325.67
Oil & Masala,Spices,Nagercoil,West,1183,0.17,414.05
Bakery,Breads & Buns,Madurai,Central,934,0.27,298.88
Bakery,Cakes,Ramanadhapuram,Central,858,0.1,188.76
Oil & Masala,Edible Oil & Ghee,Bodi,Central,2161,0.24,756.35
Beverages,Soft Drinks,Nagercoil,Central,2126,0.32,595.28
"Eggs, Meat & Fish",Eggs,Salem,Central,1453,0.24,145.3
Beverages,Health Drinks,Vellore,Central,803,0.28,273.02
Fruits & Veggies,Organic Fruits,Dindigul,Central,563,0.33,168.9
Food Grains,Organic Staples,Virudhunagar,Central,627,0.12,257.07
"Eggs, Meat & Fish",Chicken,Tenkasi,Central,2124,0.14,892.08
Beverages,Health Drinks,Madurai,Central,2079,0.27,353.43
Beverages,Soft Drinks,Trichy,Central,1880,0.11,319.6
Fruits & Veggies,Organic Fruits,Karur,Central,621,0.26,223.56
Fruits & Veggies,Organic Fruits,Ramanadhapuram,Central,2012,0.25,442.64
Oil & Masala,Edible Oil & Ghee,Salem,Central,1094,0.16,426.66
Beverages,Soft Drinks,Bodi,Central,1720,0.33,670.8
"Eggs, Meat & Fish",Chicken,Perambalur,Central,1075,0.21,451.5
Oil & Masala,Edible Oil & Ghee,Perambalur,Central,2116,0.25,253.92
Snacks,Noodles,Pudukottai,Central,1567,0.31,438.76
Oil & Masala,Masalas,Virudhunagar,Central,2215,0.2,110.75
Beverages,Soft Drinks,Perambalur,Central,583,0.32,134.09
Fruits & Veggies,Organic Vegetables,Coimbatore,Central,823,0.34,189.29
Oil & Masala,Masalas,Virudhunagar,Central,2014,0.1,543.78
"Eggs, Meat & Fish",Eggs,Cumbum,Central,976,0.3,409.92
Oil & Masala,Edible Oil & Ghee,Dharmapuri,Central,895,0.23,116.35
Oil & Masala,Spices,Chennai,Central,506,0.21,96.14
Bakery,Cakes,Ramanadhapuram,Central,1294,0.25,569.36
Beverages,Health Drinks,Bodi,Central,2228,0.23,668.4
Beverages,Health Drinks,Bodi,Central,1818,0.18,363.6
Fruits & Veggies,Fresh Fruits,Theni,Central,1056,0.15,359.04
Oil & Masala,Spices,Perambalur,Central,727,0.17,232.64
Fruits & Veggies,Organic Vegetables,Viluppuram,Central,1863,0.22,130.41
"Eggs, Meat & Fish",Fish,Ramanadhapuram,Central,1552,0.28,108.64
Fruits & Veggies,Fresh Fruits,Salem,Central,1333,0.1,253.27
Snacks,Cookies,Ooty,Central,1667,0.28,433.42
Snacks,Noodles,Krishnagiri,Central,861,0.34,198.03
Snacks,Chocolates,Vellore,Central,784,0.13,156.8
Food Grains,Dals & Pulses,Nagercoil,Central,2362,0.3,566.88
Snacks,Chocolates,Theni,Central,1286,0.12,450.1
Food Grains,Atta & Flour,Theni,Central,737,0.18,147.4
Beverages,Health Drinks,Theni,Central,1425,0.32,541.5
"Eggs, Meat & Fish",Eggs,Trichy,Central,1187,0.13,249.27
Food Grains,Organic Staples,Dindigul,Central,1565,0.31,532.1
Oil & Masala,Edible Oil & Ghee,Tirunelveli,Central,2074,0.17,642.94
Beverages,Health Drinks,Kanyakumari,Central,794,0.23,262.02
Bakery,Cakes,Kanyakumari,Central,1771,0.1,141.68
Beverages,Soft Drinks,Tenkasi,East,893,0.19,348.27
Food Grains,Rice,Coimbatore,East,811,0.28,210.86
Beverages,Health Drinks,Salem,East,730,0.17,138.7
Food Grains,Rice,Dharmapuri,East,1560,0.19,421.2
Fruits & Veggies,Organic Fruits,Chennai,East,1502,0.29,570.76
Oil & Masala,Masalas,Pudukottai,East,2172,0.3,412.68
Snacks,Chocolates,Karur,East,1264,0.2,176.96
Food Grains,Rice,Dindigul,East,764,0.15,53.48
Oil & Masala,Masalas,Theni,East,1790,0.23,304.3
"Eggs, Meat & Fish",Mutton,Cumbum,East,1926,0.24,231.12
Fruits & Veggies,Fresh Fruits,Ooty,East,2210,0.14,950.3
"Eggs, Meat & Fish",Mutton,Perambalur,East,1491,0.12,298.2
Oil & Masala,Spices,Theni,East,1943,0.33,582.9
Fruits & Veggies,Organic Vegetables,Coimbatore,East,1239,0.3,136.29
Beverages,Soft Drinks,Perambalur,East,1631,0.25,685.02
Food Grains,Rice,Kanyakumari,East,1253,0.27,288.19
Fruits & Veggies,Organic Fruits,Karur,East,819,0.16,122.85
Snacks,Cookies,Krishnagiri,East,1012,0.33,283.36
Beverages,Health Drinks,Krishnagiri,East,2105,0.14,610.45
Beverages,Soft Drinks,Dindigul,East,1247,0.29,511.27
"Eggs, Meat & Fish",Mutton,Nagercoil,East,1435,0.23,172.2
Oil & Masala,Edible Oil & Ghee,Tenkasi,East,1541,0.12,107.87
Oil & Masala,Edible Oil & Ghee,Pudukottai,East,595,0.26,249.9
"Eggs, Meat & Fish",Chicken,Ooty,East,2216,0.2,199.44
"Eggs, Meat & Fish",Mutton,Tenkasi,East,1707,0.24,170.7
Snacks,Noodles,Ramanadhapuram,East,2009,0.1,683.06
Snacks,Cookies,Viluppuram,East,1109,0.26,199.62
Food Grains,Atta & Flour,Cumbum,East,2447,0.15,856.45
Beverages,Health Drinks,Chennai,East,531,0.32,159.3
Bakery,Breads & Buns,Tenkasi,East,597,0.13,173.13
Fruits & Veggies,Organic Fruits,Coimbatore,East,1422,0.22,426.6
Beverages,Health Drinks,Nagercoil,East,1249,0.31,224.82
"Eggs, Meat & Fish",Chicken,Ramanadhapuram,East,1483,0.23,237.28
Fruits & Veggies,Fresh Fruits,Coimbatore,East,2381,0.15,595.25
Food Grains,Organic Staples,Dindigul,East,672,0.21,134.4
Oil & Masala,Spices,Ooty,East,689,0.26,282.49
Snacks,Cookies,Kanyakumari,East,2216,0.11,686.96
Oil & Masala,Spices,Madurai,East,540,0.17,129.6
"Eggs, Meat & Fish",Chicken,Tenkasi,East,924,0.19,351.12
Bakery,Biscuits,Tenkasi,East,2101,0.12,315.15
Snacks,Noodles,Dindigul,East,1229,0.22,442.44
Oil & Masala,Masalas,Madurai,East,1630,0.1,700.9
Snacks,Cookies,Tirunelveli,East,2063,0.12,247.56
Bakery,Breads & Buns,Kanyakumari,East,1109,0.18,443.6
Fruits & Veggies,Fresh Fruits,Salem,East,1490,0.28,238.4
Food Grains,Dals & Pulses,Nagercoil,East,1763,0.14,722.83
Oil & Masala,Edible Oil & Ghee,Theni,East,783,0.1,274.05
Beverages,Soft Drinks,Namakkal,East,1388,0.24,513.56
Beverages,Soft Drinks,Nagercoil,East,953,0.19,181.07
"Eggs, Meat & Fish",Eggs,Chennai,East,1095,0.19,372.3
"Eggs, Meat & Fish",Eggs,Bodi,East,2237,0.27,559.25
Bakery,Breads & Buns,Tirunelveli,South,1453,0.15,334.19
Oil & Masala,Edible Oil & Ghee,Krishnagiri,South,682,0.11,293.26
Snacks,Cookies,Tirunelveli,South,963,0.28,414.09
Beverages,Health Drinks,Tenkasi,South,1969,0.31,669.46
Oil & Masala,Edible Oil & Ghee,Tenkasi,South,2230,0.2,869.7
Beverages,Soft Drinks,Bodi,South,2068,0.32,496.32
Snacks,Noodles,Ooty,South,1354,0.12,176.02
Fruits & Veggies,Organic Fruits,Ooty,South,2122,0.33,530.5
Beverages,Health Drinks,Ooty,South,1689,0.22,253.35
Beverages,Health Drinks,Theni,South,1850,0.16,370
Bakery,Cakes,Dharmapuri,South,864,0.12,43.2
"Eggs, Meat & Fish",Chicken,Kanyakumari,South,1291,0.11,387.3
Snacks,Chocolates,Viluppuram,South,1353,0.13,311.19
Bakery,Cakes,Kanyakumari,South,2302,0.32,759.66
"Eggs, Meat & Fish",Chicken,Ooty,South,1329,0.27,345.54
Beverages,Soft Drinks,Coimbatore,South,2443,0.23,219.87
Snacks,Cookies,Ramanadhapuram,South,2203,0.28,903.23
Snacks,Cookies,Pudukottai,South,1504,0.23,616.64
"Eggs, Meat & Fish",Chicken,Madurai,South,1881,0.15,188.1
Bakery,Breads & Buns,Nagercoil,South,813,0.23,252.03
Oil & Masala,Spices,Coimbatore,South,978,0.14,176.04
Snacks,Noodles,Nagercoil,South,983,0.14,226.09
Food Grains,Dals & Pulses,Chennai,South,2385,0.19,810.9
Beverages,Soft Drinks,Ramanadhapuram,South,1783,0.26,606.22
Snacks,Cookies,Trichy,South,1390,0.32,500.4
Oil & Masala,Edible Oil & Ghee,Kanyakumari,South,2104,0.29,168.32
Beverages,Health Drinks,Tirunelveli,South,992,0.17,158.72
Snacks,Cookies,Krishnagiri,South,1426,0.28,228.16
Fruits & Veggies,Organic Fruits,Namakkal,West,1836,0.19,165.24
Bakery,Breads & Buns,Madurai,West,836,0.1,91.96
Bakery,Biscuits,Dindigul,West,828,0.2,215.28
"Eggs, Meat & Fish",Chicken,Krishnagiri,West,2136,0.27,427.2
Fruits & Veggies,Fresh Fruits,Virudhunagar,West,1087,0.26,391.32
Food Grains,Rice,Vellore,West,1638,0.32,458.64
Snacks,Chocolates,Madurai,West,1534,0.22,322.14
Bakery,Biscuits,Chennai,West,884,0.14,167.96
Beverages,Soft Drinks,Coimbatore,West,2132,0.13,703.56
Bakery,Biscuits,Kanyakumari,West,564,0.33,118.44
Bakery,Breads & Buns,Tenkasi,West,1773,0.22,478.71
"Eggs, Meat & Fish",Mutton,Chennai,West,1318,0.23,79.08
Fruits & Veggies,Fresh Vegetables,Ramanadhapuram,West,1712,0.31,547.84
Oil & Masala,Masalas,Theni,West,743,0.12,200.61
"Eggs, Meat & Fish",Fish,Nagercoil,West,1896,0.27,189.6
Food Grains,Rice,Nagercoil,West,2027,0.32,263.51
Food Grains,Rice,Cumbum,West,2192,0.12,767.2
Food Grains,Atta & Flour,Virudhunagar,West,1259,0.24,226.62
"Eggs, Meat & Fish",Mutton,Karur,West,2037,0.12,305.55
Food Grains,Dals & Pulses,Tenkasi,West,1135,0.31,147.55
"Eggs, Meat & Fish",Chicken,Madurai,West,1108,0.26,365.64
Food Grains,Rice,Theni,West,2285,0.31,251.35
Bakery,Cakes,Dindigul,West,624,0.21,274.56
Snacks,Chocolates,Salem,West,1157,0.22,242.97
Bakery,Biscuits,Chennai,West,911,0.11,209.53
Bakery,Biscuits,Karur,West,1919,0.29,767.6
"Eggs, Meat & Fish",Chicken,Ramanadhapuram,West,2263,0.19,950.46
Bakery,Cakes,Perambalur,West,613,0.31,263.59
Fruits & Veggies,Organic Fruits,Dharmapuri,West,1764,0.15,617.4
"Eggs, Meat & Fish",Eggs,Trichy,West,1236,0.33,197.76
Beverages,Soft Drinks,Coimbatore,West,685,0.23,219.2
Snacks,Chocolates,Tenkasi,West,890,0.1,267
Beverages,Health Drinks,Ramanadhapuram,West,1920,0.34,268.8
Fruits & Veggies,Fresh Vegetables,Krishnagiri,West,508,0.28,76.2
Oil & Masala,Masalas,Coimbatore,West,2386,0.33,835.1
Beverages,Soft Drinks,Pudukottai,West,1659,0.34,282.03
Snacks,Cookies,Tirunelveli,West,1645,0.12,493.5
Fruits & Veggies,Organic Fruits,Tenkasi,West,558,0.19,50.22
"Eggs, Meat & Fish",Chicken,Bodi,West,1244,0.23,87.08
Food Grains,Rice,Madurai,West,2469,0.24,543.18
"Eggs, Meat & Fish",Fish,Dharmapuri,West,1424,0.1,583.84
Food Grains,Organic Staples,Nagercoil,West,2286,0.23,114.3
Food Grains,Dals & Pulses,Namakkal,West,846,0.17,118.44
Fruits & Veggies,Fresh Vegetables,Ooty,West,1037,0.2,414.8
Beverages,Health Drinks,Karur,West,570,0.17,142.5
Food Grains,Atta & Flour,Krishnagiri,West,953,0.21,428.85
Oil & Masala,Masalas,Theni,West,1274,0.2,407.68
Food Grains,Dals & Pulses,Perambalur,West,1063,0.27,265.75
Fruits & Veggies,Fresh Vegetables,Namakkal,West,2454,0.23,588.96
Snacks,Chocolates,Tirunelveli,West,838,0.12,268.16
Oil & Masala,Edible Oil & Ghee,Perambalur,West,2139,0.14,149.73
Fruits & Veggies,Organic Fruits,Bodi,West,1952,0.13,683.2
"Eggs, Meat & Fish",Fish,Theni,West,525,0.34,168
"Eggs, Meat & Fish",Eggs,Viluppuram,West,1423,0.24,640.35
"Eggs, Meat & Fish",Mutton,Theni,West,684,0.16,88.92
Snacks,Chocolates,Madurai,West,658,0.22,256.62
Food Grains,Atta & Flour,Tenkasi,West,1537,0.26,599.43
"Eggs, Meat & Fish",Eggs,Karur,West,1820,0.35,600.6
Oil & Masala,Masalas,Krishnagiri,West,642,0.34,44.94
Beverages,Health Drinks,Salem,Central,720,0.27,50.4
Oil & Masala,Edible Oil & Ghee,Krishnagiri,Central,2109,0.27,463.98
Snacks,Cookies,Bodi,Central,2045,0.29,879.35
Fruits & Veggies,Fresh Fruits,Karur,Central,1290,0.28,528.9
Fruits & Veggies,Organic Vegetables,Trichy,Central,1846,0.17,683.02
"Eggs, Meat & Fish",Chicken,Kanyakumari,Central,2452,0.28,122.6
Oil & Masala,Edible Oil & Ghee,Virudhunagar,Central,1069,0.2,406.22
Fruits & Veggies,Fresh Fruits,Cumbum,Central,1950,0.33,663
Fruits & Veggies,Organic Vegetables,Chennai,Central,938,0.32,168.84
Oil & Masala,Spices,Dindigul,Central,704,0.21,133.76
Snacks,Noodles,Dindigul,Central,1980,0.22,198
"Eggs, Meat & Fish",Eggs,Coimbatore,Central,1670,0.27,517.7
"Eggs, Meat & Fish",Mutton,Tenkasi,Central,1407,0.1,337.68
Fruits & Veggies,Fresh Fruits,Madurai,Central,957,0.25,114.84
"Eggs, Meat & Fish",Chicken,Bodi,Central,2454,0.2,490.8
Oil & Masala,Edible Oil & Ghee,Virudhunagar,Central,2331,0.21,745.92
Beverages,Soft Drinks,Tenkasi,Central,897,0.19,80.73
Beverages,Health Drinks,Kanyakumari,Central,1293,0.2,155.16
Snacks,Cookies,Nagercoil,Central,1073,0.21,300.44
Beverages,Health Drinks,Bodi,Central,1949,0.34,779.6
Food Grains,Organic Staples,Theni,Central,845,0.14,270.4
Beverages,Health Drinks,Virudhunagar,Central,2440,0.34,756.4
Fruits & Veggies,Fresh Vegetables,Dindigul,Central,1224,0.27,367.2
Fruits & Veggies,Organic Vegetables,Krishnagiri,Central,1271,0.12,394.01
Oil & Masala,Edible Oil & Ghee,Karur,Central,1375,0.27,398.75
Snacks,Chocolates,Krishnagiri,Central,1631,0.12,342.51
Beverages,Health Drinks,Krishnagiri,Central,1062,0.17,329.22
"Eggs, Meat & Fish",Chicken,Bodi,Central,1711,0.16,444.86
Food Grains,Atta & Flour,Virudhunagar,East,2267,0.17,249.37
Snacks,Cookies,Bodi,East,847,0.32,245.63
Oil & Masala,Masalas,Theni,East,1306,0.13,78.36
"Eggs, Meat & Fish",Fish,Ooty,East,1934,0.19,367.46
Oil & Masala,Masalas,Salem,East,1148,0.19,149.24
Fruits & Veggies,Fresh Fruits,Ooty,East,1103,0.33,143.39
Beverages,Soft Drinks,Ramanadhapuram,East,1828,0.22,493.56
Beverages,Soft Drinks,Trichy,East,1501,0.25,300.2
Bakery,Cakes,Dharmapuri,East,898,0.17,278.38
Oil & Masala,Edible Oil & Ghee,Dharmapuri,East,2055,0.26,554.85
"Eggs, Meat & Fish",Fish,Perambalur,East,795,0.33,127.2
"Eggs, Meat & Fish",Fish,Salem,East,2445,0.3,1051.35
Snacks,Noodles,Kanyakumari,East,1039,0.31,166.24
Snacks,Noodles,Ooty,East,1960,0.16,862.4
Beverages,Soft Drinks,Theni,East,2081,0.1,166.48
Oil & Masala,Masalas,Ramanadhapuram,East,1697,0.12,203.64
"Eggs, Meat & Fish",Chicken,Ramanadhapuram,East,2270,0.16,839.9
Food Grains,Dals & Pulses,Pudukottai,East,510,0.12,127.5
Fruits & Veggies,Organic Fruits,Tenkasi,East,1961,0.14,725.57
Bakery,Biscuits,Dindigul,East,701,0.29,126.18
Bakery,Cakes,Bodi,East,1339,0.33,334.75
"Eggs, Meat & Fish",Mutton,Tenkasi,East,691,0.24,165.84
Bakery,Cakes,Nagercoil,East,916,0.31,201.52
Food Grains,Organic Staples,Pudukottai,East,2301,0.32,851.37
Bakery,Breads & Buns,Coimbatore,East,1707,0.21,477.96
Oil & Masala,Spices,Nagercoil,East,2380,0.27,1023.4
Snacks,Noodles,Theni,East,673,0.23,255.74
Fruits & Veggies,Organic Fruits,Trichy,East,1464,0.3,483.12
Food Grains,Organic Staples,Karur,East,1200,0.33,180
"Eggs, Meat & Fish",Eggs,Bodi,East,1311,0.35,550.62
Food Grains,Rice,Krishnagiri,East,582,0.29,215.34
"Eggs, Meat & Fish",Fish,Dindigul,East,1358,0.27,611.1
Fruits & Veggies,Organic Fruits,Bodi,East,1894,0.14,738.66
Snacks,Chocolates,Chennai,East,766,0.14,237.46
Fruits & Veggies,Fresh Fruits,Viluppuram,East,1895,0.25,663.25
Food Grains,Organic Staples,Coimbatore,South,1991,0.28,816.31
Beverages,Health Drinks,Tenkasi,South,1036,0.29,207.2
Bakery,Breads & Buns,Virudhunagar,South,2155,0.1,926.65
Beverages,Soft Drinks,Ooty,South,2398,0.25,527.56
Bakery,Cakes,Trichy,South,2287,0.24,205.83
Food Grains,Atta & Flour,Cumbum,South,1752,0.13,455.52
Oil & Masala,Spices,Tenkasi,South,2386,0.25,691.94
Beverages,Health Drinks,Salem,South,1003,0.15,330.99
Beverages,Soft Drinks,Perambalur,South,2197,0.19,329.55
Food Grains,Organic Staples,Bodi,South,2126,0.35,850.4
"Eggs, Meat & Fish",Eggs,Cumbum,South,1024,0.34,133.12
Oil & Masala,Masalas,Krishnagiri,South,1085,0.25,151.9
Beverages,Soft Drinks,Coimbatore,South,2371,0.26,640.17
"Eggs, Meat & Fish",Fish,Madurai,South,1508,0.34,316.68
Oil & Masala,Spices,Kanyakumari,South,2481,0.12,173.67
Oil & Masala,Edible Oil & Ghee,Perambalur,South,895,0.11,205.85
Fruits & Veggies,Organic Vegetables,Karur,South,1402,0.13,168.24
Oil & Masala,Masalas,Madurai,South,1903,0.25,152.24
Fruits & Veggies,Fresh Vegetables,Tirunelveli,South,899,0.3,80.91
Beverages,Health Drinks,Madurai,West,2124,0.11,743.4
"Eggs, Meat & Fish",Fish,Salem,West,1394,0.31,153.34
Fruits & Veggies,Fresh Vegetables,Cumbum,West,1516,0.24,515.44
Snacks,Cookies,Cumbum,West,1043,0.34,469.35
Snacks,Noodles,Nagercoil,West,1288,0.26,270.48
Bakery,Biscuits,Trichy,West,767,0.16,46.02
Snacks,Cookies,Theni,West,1883,0.12,301.28
Fruits & Veggies,Organic Vegetables,Ooty,West,1144,0.19,446.16
Food Grains,Dals & Pulses,Tirunelveli,West,1279,0.21,306.96
"Eggs, Meat & Fish",Mutton,Dharmapuri,West,2369,0.18,876.53
Beverages,Health Drinks,Viluppuram,West,1370,0.22,465.8
Beverages,Health Drinks,Kanyakumari,West,621,0.28,260.82
Fruits & Veggies,Organic Vegetables,Chennai,West,2226,0.23,400.68
Bakery,Cakes,Krishnagiri,West,2186,0.16,174.88
Oil & Masala,Edible Oil & Ghee,Nagercoil,West,2325,0.16,627.75
Beverages,Health Drinks,Krishnagiri,West,661,0.35,251.18
Beverages,Soft Drinks,Tenkasi,West,1176,0.12,399.84
"Eggs, Meat & Fish",Eggs,Tenkasi,West,1191,0.33,178.65
Food Grains,Organic Staples,Kanyakumari,West,1077,0.19,226.17
Snacks,Cookies,Viluppuram,West,1268,0.21,63.4
Snacks,Cookies,Pudukottai,West,1319,0.1,131.9
Fruits & Veggies,Organic Fruits,Karur,West,2110,0.12,865.1
Bakery,Cakes,Bodi,West,2243,0.2,314.02
Bakery,Cakes,Namakkal,West,1307,0.26,483.59
Beverages,Soft Drinks,Krishnagiri,West,1215,0.16,449.55
Fruits & Veggies,Organic Fruits,Namakkal,West,1808,0.25,452
"Eggs, Meat & Fish",Mutton,Chennai,West,1760,0.3,211.2
Bakery,Breads & Buns,Virudhunagar,West,2295,0.13,481.95
Fruits & Veggies,Fresh Vegetables,Salem,West,507,0.24,147.03
Beverages,Soft Drinks,Madurai,West,2390,0.12,956
Bakery,Breads & Buns,Nagercoil,West,1495,0.24,627.9
Bakery,Cakes,Ramanadhapuram,West,860,0.19,352.6
Bakery,Breads & Buns,Dharmapuri,West,1720,0.13,498.8
Bakery,Breads & Buns,Cumbum,West,2052,0.11,554.04
Food Grains,Organic Staples,Dindigul,West,608,0.14,103.36
Snacks,Chocolates,Coimbatore,West,1775,0.18,355
Fruits & Veggies,Organic Vegetables,Bodi,West,2379,0.3,785.07
Bakery,Cakes,Pudukottai,West,1418,0.14,255.24
Food Grains,Rice,Viluppuram,West,867,0.3,164.73
Snacks,Cookies,Karur,West,2361,0.3,802.74
Beverages,Soft Drinks,Tirunelveli,West,1295,0.25,142.45
Snacks,Chocolates,Trichy,West,1324,0.15,476.64
"Eggs, Meat & Fish",Chicken,Salem,West,791,0.17,55.37
Food Grains,Dals & Pulses,Pudukottai,West,2286,0.16,137.16
Bakery,Breads & Buns,Coimbatore,West,1417,0.13,481.78
Bakery,Breads & Buns,Ramanadhapuram,West,590,0.34,247.8
Oil & Masala,Edible Oil & Ghee,Krishnagiri,West,650,0.19,84.5
Beverages,Health Drinks,Perambalur,West,1730,0.27,363.3
Food Grains,Dals & Pulses,Theni,West,1759,0.17,686.01
Fruits & Veggies,Organic Vegetables,Pudukottai,West,1458,0.12,320.76
Bakery,Biscuits,Nagercoil,Central,2090,0.34,856.9
Snacks,Chocolates,Salem,Central,524,0.25,89.08
Food Grains,Rice,Tirunelveli,Central,1478,0.27,517.3
Oil & Masala,Edible Oil & Ghee,Cumbum,Central,1931,0.33,502.06
Snacks,Noodles,Chennai,Central,1706,0.32,341.2
Fruits & Veggies,Fresh Vegetables,Bodi,Central,966,0.21,367.08
Food Grains,Organic Staples,Ramanadhapuram,Central,1639,0.2,229.46
Snacks,Noodles,Madurai,Central,1512,0.24,362.88
Snacks,Noodles,Krishnagiri,Central,1207,0.25,519.01
Beverages,Health Drinks,Dindigul,Central,1342,0.12,120.78
"Eggs, Meat & Fish",Chicken,Perambalur,Central,1371,0.21,274.2
Snacks,Chocolates,Coimbatore,Central,1814,0.14,798.16
Fruits & Veggies,Fresh Fruits,Tenkasi,Central,2150,0.15,709.5
Beverages,Health Drinks,Cumbum,Central,1512,0.27,665.28
"Eggs, Meat & Fish",Chicken,Perambalur,Central,720,0.1,244.8
Bakery,Biscuits,Cumbum,East,1499,0.18,269.82
Bakery,Biscuits,Cumbum,East,2360,0.23,141.6
Fruits & Veggies,Organic Fruits,Dharmapuri,East,1023,0.13,306.9
Fruits & Veggies,Organic Fruits,Madurai,East,1912,0.24,554.48
Fruits & Veggies,Organic Vegetables,Kanyakumari,East,2426,0.24,1018.92
Food Grains,Organic Staples,Ramanadhapuram,East,1725,0.26,86.25
Snacks,Cookies,Salem,East,843,0.35,168.6
Fruits & Veggies,Fresh Vegetables,Kanyakumari,East,2334,0.21,653.52
Food Grains,Organic Staples,Chennai,East,1107,0.26,210.33
Food Grains,Dals & Pulses,Dharmapuri,East,1974,0.24,197.4
Beverages,Health Drinks,Dindigul,East,1746,0.15,453.96
Food Grains,Organic Staples,Madurai,East,1822,0.34,273.3
Bakery,Breads & Buns,Madurai,East,1385,0.32,263.15
Food Grains,Atta & Flour,Nagercoil,South,509,0.14,35.63
Oil & Masala,Edible Oil & Ghee,Tenkasi,South,1114,0.14,256.22
"Eggs, Meat & Fish",Fish,Vellore,South,1473,0.35,530.28
Beverages,Health Drinks,Tirunelveli,South,838,0.15,159.22
Oil & Masala,Spices,Theni,South,2305,0.22,968.1
Food Grains,Atta & Flour,Dindigul,South,1486,0.32,148.6
Oil & Masala,Spices,Vellore,South,558,0.35,111.6
Beverages,Soft Drinks,Viluppuram,South,1815,0.3,326.7
Fruits & Veggies,Fresh Fruits,Viluppuram,South,2346,0.18,258.06
Fruits & Veggies,Organic Fruits,Tirunelveli,South,1566,0.24,501.12
Oil & Masala,Edible Oil & Ghee,Pudukottai,South,1486,0.25,148.6
Food Grains,Organic Staples,Perambalur,South,1082,0.28,421.98
Food Grains,Dals & Pulses,Madurai,South,816,0.28,334.56
Snacks,Cookies,Dharmapuri,West,2390,0.3,669.2
Oil & Masala,Masalas,Chennai,West,2286,0.3,640.08
Snacks,Chocolates,Krishnagiri,West,1952,0.26,117.12
Fruits & Veggies,Fresh Vegetables,Bodi,West,2151,0.18,817.38
Snacks,Cookies,Perambalur,West,2363,0.31,354.45
Food Grains,Organic Staples,Madurai,West,1750,0.25,420
Beverages,Health Drinks,Ramanadhapuram,West,1779,0.3,355.8
Snacks,Cookies,Perambalur,West,1389,0.24,263.91
Fruits & Veggies,Fresh Fruits,Karur,West,1454,0.35,450.74
Beverages,Soft Drinks,Perambalur,West,2059,0.21,205.9
Snacks,Chocolates,Madurai,West,1057,0.29,359.38
Bakery,Breads & Buns,Trichy,West,906,0.1,108.72
Food Grains,Dals & Pulses,Namakkal,West,692,0.26,193.76
Oil & Masala,Masalas,Ramanadhapuram,West,2017,0.33,121.02
Beverages,Soft Drinks,Madurai,West,1941,0.19,543.48
Oil & Masala,Masalas,Perambalur,West,2196,0.1,790.56
Fruits & Veggies,Fresh Fruits,Cumbum,West,958,0.34,249.08
Beverages,Soft Drinks,Krishnagiri,West,2285,0.27,868.3
Beverages,Health Drinks,Perambalur,West,864,0.32,345.6
Food Grains,Organic Staples,Chennai,West,2444,0.21,782.08
Fruits & Veggies,Fresh Vegetables,Karur,West,2151,0.35,795.87
Snacks,Cookies,Dharmapuri,West,1600,0.18,544
Food Grains,Dals & Pulses,Tirunelveli,Central,2372,0.26,237.2
"Eggs, Meat & Fish",Mutton,Karur,Central,2082,0.24,666.24
Beverages,Health Drinks,Tenkasi,Central,1508,0.2,618.28
Food Grains,Dals & Pulses,Vellore,Central,848,0.1,313.76
Oil & Masala,Edible Oil & Ghee,Trichy,Central,1682,0.31,403.68
Food Grains,Atta & Flour,Dindigul,Central,1789,0.32,178.9
Snacks,Noodles,Pudukottai,Central,1316,0.28,434.28
Fruits & Veggies,Fresh Fruits,Vellore,Central,2232,0.21,959.76
Beverages,Health Drinks,Ooty,Central,2168,0.19,693.76
Fruits & Veggies,Fresh Vegetables,Pudukottai,Central,505,0.33,126.25
Oil & Masala,Edible Oil & Ghee,Salem,Central,2037,0.26,488.88
Bakery,Breads & Buns,Kanyakumari,Central,1720,0.29,653.6
Snacks,Chocolates,Viluppuram,Central,1467,0.22,616.14
Bakery,Biscuits,Dharmapuri,Central,1634,0.34,653.6
Beverages,Health Drinks,Bodi,Central,1637,0.1,229.18
Bakery,Biscuits,Pudukottai,Central,1542,0.13,262.14
Snacks,Chocolates,Dindigul,Central,2236,0.19,804.96
Food Grains,Atta & Flour,Bodi,Central,2113,0.17,591.64
Bakery,Breads & Buns,Tirunelveli,Central,1847,0.25,258.58
Bakery,Cakes,Kanyakumari,Central,1792,0.25,89.6
Fruits & Veggies,Fresh Fruits,Viluppuram,Central,2475,0.35,396
"Eggs, Meat & Fish",Eggs,Nagercoil,Central,910,0.15,391.3
Oil & Masala,Spices,Karur,Central,1704,0.1,102.24
"Eggs, Meat & Fish",Mutton,Trichy,Central,1992,0.15,517.92
Fruits & Veggies,Organic Fruits,Tenkasi,Central,2216,0.13,642.64
Oil & Masala,Edible Oil & Ghee,Ramanadhapuram,Central,870,0.25,43.5
Fruits & Veggies,Organic Fruits,Vellore,Central,1611,0.11,257.76
Bakery,Biscuits,Tirunelveli,Central,2139,0.14,128.34
Snacks,Noodles,Chennai,Central,2164,0.26,281.32
Snacks,Noodles,Dindigul,Central,1276,0.15,484.88
Beverages,Soft Drinks,Tirunelveli,Central,1364,0.15,531.96
Fruits & Veggies,Fresh Vegetables,Tirunelveli,Central,1956,0.31,430.32
Fruits & Veggies,Fresh Fruits,Ramanadhapuram,Central,911,0.22,109.32
Bakery,Cakes,Namakkal,Central,2417,0.26,652.59
Snacks,Cookies,Perambalur,Central,1985,0.21,833.7
Fruits & Veggies,Fresh Fruits,Virudhunagar,Central,2100,0.16,483
Food Grains,Organic Staples,Viluppuram,Central,1580,0.1,158
Beverages,Health Drinks,Bodi,Central,2404,0.35,552.92
Fruits & Veggies,Organic Vegetables,Perambalur,Central,1333,0.18,506.54
Food Grains,Dals & Pulses,Cumbum,Central,1203,0.26,168.42
Beverages,Soft Drinks,Trichy,Central,1863,0.25,279.45
Fruits & Veggies,Fresh Fruits,Bodi,Central,1508,0.11,316.68
Fruits & Veggies,Fresh Fruits,Perambalur,Central,757,0.16,280.09
Beverages,Health Drinks,Kanyakumari,Central,669,0.31,107.04
Snacks,Noodles,Ooty,Central,541,0.24,75.74
Oil & Masala,Edible Oil & Ghee,Tenkasi,Central,758,0.25,325.94
"Eggs, Meat & Fish",Fish,Trichy,Central,2479,0.32,347.06
"Eggs, Meat & Fish",Chicken,Dindigul,East,1519,0.28,106.33
Oil & Masala,Edible Oil & Ghee,Pudukottai,East,1682,0.34,151.38
Snacks,Cookies,Perambalur,East,1955,0.18,801.55
Bakery,Breads & Buns,Cumbum,East,1928,0.32,848.32
Bakery,Breads & Buns,Madurai,East,1179,0.23,436.23
Fruits & Veggies,Organic Fruits,Ramanadhapuram,East,1899,0.23,778.59
Oil & Masala,Spices,Salem,East,928,0.3,167.04
"Eggs, Meat & Fish",Chicken,Pudukottai,East,1020,0.22,183.6
Fruits & Veggies,Fresh Fruits,Theni,East,1426,0.3,427.8
Food Grains,Organic Staples,Virudhunagar,East,919,0.14,404.36
Oil & Masala,Spices,Salem,East,1188,0.34,71.28
Food Grains,Rice,Cumbum,East,1712,0.1,342.4
Snacks,Noodles,Coimbatore,East,501,0.18,65.13
Food Grains,Atta & Flour,Dharmapuri,East,1580,0.32,616.2
"Eggs, Meat & Fish",Mutton,Kanyakumari,East,1534,0.29,245.44
Snacks,Cookies,Viluppuram,East,1637,0.25,196.44
Snacks,Chocolates,Nagercoil,East,1616,0.34,323.2
Snacks,Cookies,Kanyakumari,East,1428,0.34,471.24
Food Grains,Organic Staples,Tenkasi,East,1063,0.35,340.16
Bakery,Cakes,Vellore,East,1829,0.11,713.31
Oil & Masala,Spices,Virudhunagar,East,772,0.24,270.2
Snacks,Chocolates,Cumbum,East,1125,0.22,236.25
Food Grains,Dals & Pulses,Krishnagiri,East,1863,0.15,670.68
Oil & Masala,Masalas,Virudhunagar,East,1883,0.14,583.73
Fruits & Veggies,Organic Fruits,Perambalur,East,842,0.25,244.18
Fruits & Veggies,Organic Vegetables,Dharmapuri,East,1759,0.3,422.16
Food Grains,Dals & Pulses,Tirunelveli,East,2323,0.1,905.97
Fruits & Veggies,Organic Fruits,Chennai,East,1527,0.11,152.7
Food Grains,Atta & Flour,Nagercoil,East,2025,0.33,121.5
Snacks,Chocolates,Bodi,East,1522,0.32,578.36
Oil & Masala,Masalas,Ooty,East,2192,0.2,854.88
Food Grains,Dals & Pulses,Ramanadhapuram,East,984,0.12,265.68
Bakery,Biscuits,Salem,East,2274,0.18,204.66
Oil & Masala,Edible Oil & Ghee,Pudukottai,East,2029,0.19,324.64
Beverages,Health Drinks,Dindigul,East,1529,0.11,565.73
Snacks,Cookies,Madurai,East,1369,0.24,150.59
Fruits & Veggies,Organic Vegetables,Cumbum,East,1057,0.33,116.27
"Eggs, Meat & Fish",Eggs,Pudukottai,East,706,0.24,63.54
Beverages,Health Drinks,Namakkal,East,2022,0.29,586.38
Beverages,Health Drinks,Nagercoil,East,1483,0.17,281.77
Fruits & Veggies,Fresh Fruits,Cumbum,East,1589,0.35,715.05
Bakery,Breads & Buns,Krishnagiri,East,2023,0.24,283.22
Food Grains,Rice,Theni,East,544,0.3,27.2
Fruits & Veggies,Organic Vegetables,Chennai,South,908,0.19,90.8
Oil & Masala,Edible Oil & Ghee,Tenkasi,South,1333,0.32,319.92
Food Grains,Atta & Flour,Krishnagiri,South,1196,0.23,346.84
Bakery,Breads & Buns,Madurai,South,1284,0.32,295.32
Oil & Masala,Edible Oil & Ghee,Salem,South,1545,0.12,463.5
Food Grains,Dals & Pulses,Tirunelveli,South,1714,0.16,137.12
Beverages,Soft Drinks,Tirunelveli,South,894,0.15,107.28
Snacks,Chocolates,Vellore,South,2486,0.34,969.54
Oil & Masala,Masalas,Tenkasi,South,1309,0.22,130.9
"Eggs, Meat & Fish",Fish,Trichy,South,2485,0.15,497
Bakery,Biscuits,Theni,South,1792,0.22,286.72
Bakery,Cakes,Dharmapuri,South,976,0.13,331.84
Fruits & Veggies,Organic Fruits,Virudhunagar,South,2336,0.2,677.44
Bakery,Breads & Buns,Madurai,South,1432,0.15,157.52
Food Grains,Atta & Flour,Kanyakumari,South,957,0.22,421.08
Beverages,Soft Drinks,Trichy,South,2397,0.22,1030.71
Fruits & Veggies,Organic Vegetables,Nagercoil,South,1568,0.26,423.36
Snacks,Cookies,Tirunelveli,South,1589,0.12,413.14
Beverages,Soft Drinks,Namakkal,South,1334,0.25,200.1
Oil & Masala,Edible Oil & Ghee,Kanyakumari,West,1213,0.21,194.08
Oil & Masala,Edible Oil & Ghee,Trichy,West,552,0.15,231.84
Food Grains,Organic Staples,Pudukottai,West,1249,0.11,74.94
Oil & Masala,Masalas,Tenkasi,West,1504,0.32,330.88
Fruits & Veggies,Organic Fruits,Perambalur,West,705,0.17,282
Fruits & Veggies,Organic Vegetables,Cumbum,West,2402,0.16,768.64
Food Grains,Atta & Flour,Ramanadhapuram,West,1202,0.12,480.8
"Eggs, Meat & Fish",Mutton,Dindigul,West,598,0.25,215.28
Beverages,Soft Drinks,Virudhunagar,West,1598,0.31,575.28
Bakery,Breads & Buns,Dindigul,West,1056,0.18,211.2
"Eggs, Meat & Fish",Mutton,Pudukottai,West,1507,0.35,406.89
Oil & Masala,Masalas,Tenkasi,West,1217,0.31,535.48
Oil & Masala,Spices,Perambalur,West,1049,0.11,251.76
"Eggs, Meat & Fish",Mutton,Dharmapuri,West,634,0.12,88.76
Snacks,Chocolates,Coimbatore,West,1309,0.24,104.72
Snacks,Chocolates,Tenkasi,West,720,0.33,115.2
Food Grains,Organic Staples,Nagercoil,West,770,0.34,331.1
Food Grains,Rice,Trichy,West,2411,0.3,626.86
Bakery,Cakes,Tenkasi,West,1483,0.18,163.13
Fruits & Veggies,Organic Fruits,Bodi,West,1334,0.12,333.5
Fruits & Veggies,Organic Fruits,Ooty,West,2444,0.15,513.24
Snacks,Chocolates,Tirunelveli,West,760,0.18,273.6
Bakery,Breads & Buns,Tenkasi,West,1341,0.25,415.71
Fruits & Veggies,Organic Vegetables,Krishnagiri,West,1003,0.27,100.3
Oil & Masala,Edible Oil & Ghee,Dharmapuri,West,1982,0.34,772.98
"Eggs, Meat & Fish",Eggs,Virudhunagar,West,893,0.13,267.9
Oil & Masala,Masalas,Chennai,West,1961,0.15,647.13
Food Grains,Dals & Pulses,Dindigul,West,1425,0.12,85.5
"Eggs, Meat & Fish",Eggs,Viluppuram,West,1234,0.1,271.48
Snacks,Cookies,Chennai,West,1331,0.3,66.55
Bakery,Breads & Buns,Theni,West,1653,0.13,115.71
Food Grains,Atta & Flour,Bodi,West,2225,0.24,845.5
Fruits & Veggies,Organic Fruits,Salem,West,2040,0.23,632.4
Beverages,Health Drinks,Chennai,West,629,0.13,276.76
Food Grains,Atta & Flour,Madurai,West,1521,0.13,212.94
Fruits & Veggies,Organic Fruits,Trichy,West,2082,0.28,520.5
Fruits & Veggies,Fresh Fruits,Viluppuram,West,1610,0.11,724.5
Food Grains,Dals & Pulses,Tirunelveli,West,1792,0.28,788.48
Snacks,Cookies,Theni,West,964,0.3,106.04
"Eggs, Meat & Fish",Fish,Madurai,West,527,0.13,226.61
Beverages,Health Drinks,Vellore,West,2009,0.35,562.52
Fruits & Veggies,Fresh Vegetables,Cumbum,West,1801,0.14,702.39
Fruits & Veggies,Fresh Vegetables,Coimbatore,West,1530,0.26,306
Beverages,Soft Drinks,Virudhunagar,West,727,0.15,109.05
Beverages,Health Drinks,Kanyakumari,West,1935,0.18,135.45
Snacks,Cookies,Chennai,West,519,0.29,140.13
Snacks,Chocolates,Perambalur,West,873,0.27,314.28
Food Grains,Dals & Pulses,Vellore,West,1430,0.15,400.4
Snacks,Chocolates,Tenkasi,West,1654,0.23,512.74
Beverages,Health Drinks,Coimbatore,West,1524,0.24,259.08
Fruits & Veggies,Organic Vegetables,Bodi,West,2051,0.27,635.81
Oil & Masala,Spices,Namakkal,West,2138,0.12,149.66
Beverages,Soft Drinks,Tenkasi,West,1021,0.22,316.51
Fruits & Veggies,Organic Vegetables,Nagercoil,West,2003,0.3,540.81
Oil & Masala,Masalas,Tirunelveli,West,670,0.35,100.5
"Eggs, Meat & Fish",Chicken,Cumbum,West,1615,0.31,193.8
Oil & Masala,Edible Oil & Ghee,Madurai,Central,1947,0.16,447.81
Food Grains,Dals & Pulses,Ramanadhapuram,Central,1423,0.16,213.45
Fruits & Veggies,Fresh Fruits,Chennai,Central,1953,0.19,468.72
Beverages,Soft Drinks,Vellore,Central,550,0.34,209
Snacks,Cookies,Perambalur,Central,1666,0.29,249.9
Food Grains,Organic Staples,Krishnagiri,Central,2109,0.1,168.72
Oil & Masala,Spices,Krishnagiri,Central,562,0.33,207.94
Beverages,Health Drinks,Tenkasi,Central,985,0.15,403.85
Fruits & Veggies,Fresh Vegetables,Chennai,Central,1512,0.14,589.68
Beverages,Soft Drinks,Coimbatore,Central,956,0.13,152.96
Beverages,Health Drinks,Chennai,Central,1868,0.3,354.92
Snacks,Noodles,Namakkal,Central,2043,0.1,755.91
Bakery,Breads & Buns,Namakkal,Central,667,0.22,166.75
"Eggs, Meat & Fish",Eggs,Chennai,Central,1566,0.27,407.16
Snacks,Chocolates,Nagercoil,Central,1649,0.12,478.21
Snacks,Cookies,Virudhunagar,Central,693,0.32,166.32
Fruits & Veggies,Organic Fruits,Dindigul,Central,505,0.34,196.95
Bakery,Cakes,Dharmapuri,Central,1055,0.32,253.2
Bakery,Biscuits,Dharmapuri,Central,2389,0.35,215.01
Snacks,Chocolates,Perambalur,Central,2167,0.22,736.78
Fruits & Veggies,Fresh Fruits,Dindigul,Central,1556,0.16,482.36
Snacks,Chocolates,Nagercoil,Central,1391,0.35,431.21
Snacks,Noodles,Virudhunagar,Central,1892,0.12,851.4
Snacks,Noodles,Tirunelveli,Central,1891,0.23,567.3
Oil & Masala,Edible Oil & Ghee,Theni,Central,1259,0.35,151.08
Oil & Masala,Edible Oil & Ghee,Dindigul,Central,1354,0.11,135.4
Food Grains,Rice,Ramanadhapuram,Central,1451,0.31,551.38
"Eggs, Meat & Fish",Fish,Coimbatore,Central,1652,0.19,264.32
Bakery,Cakes,Pudukottai,Central,736,0.17,95.68
Fruits & Veggies,Fresh Vegetables,Vellore,Central,1196,0.15,203.32
Snacks,Noodles,Cumbum,Central,767,0.11,61.36
Snacks,Noodles,Dharmapuri,Central,801,0.25,64.08
Oil & Masala,Spices,Chennai,Central,2138,0.19,598.64
"Eggs, Meat & Fish",Eggs,Dharmapuri,Central,1311,0.27,367.08
Snacks,Noodles,Bodi,Central,1815,0.31,127.05
Bakery,Cakes,Dindigul,Central,2396,0.2,551.08
Food Grains,Dals & Pulses,Viluppuram,Central,2266,0.32,589.16
Beverages,Soft Drinks,Karur,Central,856,0.18,273.92
Bakery,Cakes,Perambalur,Central,1467,0.17,396.09
Bakery,Breads & Buns,Karur,Central,1383,0.15,221.28
Snacks,Cookies,Krishnagiri,Central,1769,0.33,495.32
Beverages,Health Drinks,Namakkal,Central,2493,0.11,448.74
"Eggs, Meat & Fish",Fish,Viluppuram,Central,1699,0.16,169.9
"Eggs, Meat & Fish",Fish,Ooty,Central,1016,0.3,314.96
Oil & Masala,Spices,Dindigul,Central,1858,0.24,836.1
Beverages,Health Drinks,Vellore,Central,821,0.27,65.68
"Eggs, Meat & Fish",Eggs,Salem,Central,2191,0.34,328.65
Snacks,Cookies,Dharmapuri,Central,1186,0.18,71.16
"Eggs, Meat & Fish",Mutton,Ramanadhapuram,Central,1438,0.16,647.1
"Eggs, Meat & Fish",Fish,Pudukottai,Central,2225,0.28,534
Fruits & Veggies,Organic Vegetables,Tenkasi,Central,959,0.32,249.34
"Eggs, Meat & Fish",Mutton,Virudhunagar,Central,605,0.25,145.2
Food Grains,Organic Staples,Nagercoil,Central,2109,0.21,421.8
Food Grains,Rice,Karur,Central,980,0.16,294
Bakery,Biscuits,Virudhunagar,Central,957,0.12,229.68
Beverages,Soft Drinks,Namakkal,Central,1614,0.12,516.48
Oil & Masala,Edible Oil & Ghee,Karur,Central,1842,0.25,515.76
Beverages,Soft Drinks,Pudukottai,Central,1087,0.32,250.01
Oil & Masala,Edible Oil & Ghee,Madurai,Central,746,0.2,59.68
Snacks,Chocolates,Trichy,Central,1250,0.13,525
Fruits & Veggies,Organic Vegetables,Ooty,Central,2421,0.25,702.09
"Eggs, Meat & Fish",Eggs,Vellore,Central,1032,0.19,185.76
Fruits & Veggies,Organic Fruits,Dindigul,Central,2147,0.27,880.27
Food Grains,Dals & Pulses,Namakkal,Central,1230,0.29,455.1
Food Grains,Atta & Flour,Krishnagiri,Central,1355,0.32,298.1
"Eggs, Meat & Fish",Chicken,Bodi,Central,1497,0.31,464.07
Snacks,Noodles,Salem,Central,2013,0.21,161.04
Beverages,Soft Drinks,Kanyakumari,Central,786,0.25,275.1
"Eggs, Meat & Fish",Mutton,Kanyakumari,Central,2344,0.2,632.88
"Eggs, Meat & Fish",Mutton,Vellore,Central,1750,0.33,472.5
Fruits & Veggies,Organic Vegetables,Theni,Central,2312,0.33,531.76
Oil & Masala,Spices,Salem,Central,631,0.25,164.06
Food Grains,Atta & Flour,Bodi,Central,1319,0.33,290.18
"Eggs, Meat & Fish",Eggs,Namakkal,Central,2000,0.16,380
Food Grains,Dals & Pulses,Perambalur,Central,1134,0.23,192.78
Snacks,Noodles,Namakkal,Central,1587,0.1,174.57
Food Grains,Atta & Flour,Dharmapuri,Central,737,0.2,331.65
"Eggs, Meat & Fish",Mutton,Karur,Central,1505,0.35,316.05
Snacks,Cookies,Ramanadhapuram,Central,1544,0.31,216.16
Snacks,Noodles,Virudhunagar,Central,1860,0.11,837
"Eggs, Meat & Fish",Eggs,Kanyakumari,Central,2065,0.15,206.5
Snacks,Chocolates,Theni,Central,585,0.35,257.4
Fruits & Veggies,Fresh Vegetables,Virudhunagar,Central,1014,0.13,375.18
Bakery,Biscuits,Krishnagiri,Central,2254,0.35,495.88
Fruits & Veggies,Fresh Fruits,Trichy,Central,2049,0.11,860.58
"Eggs, Meat & Fish",Chicken,Viluppuram,Central,2244,0.15,852.72
Bakery,Cakes,Namakkal,Central,1194,0.29,202.98
Bakery,Breads & Buns,Dindigul,Central,706,0.34,35.3
Fruits & Veggies,Fresh Vegetables,Virudhunagar,Central,1351,0.15,81.06
Beverages,Soft Drinks,Coimbatore,Central,1386,0.27,304.92
Bakery,Biscuits,Viluppuram,Central,889,0.12,302.26
Fruits & Veggies,Fresh Fruits,Coimbatore,Central,1619,0.12,679.98
"Eggs, Meat & Fish",Chicken,Dindigul,Central,2145,0.35,514.8
Beverages,Soft Drinks,Tirunelveli,Central,510,0.31,117.3
Oil & Masala,Edible Oil & Ghee,Coimbatore,Central,1843,0.32,737.2
Oil & Masala,Spices,Dharmapuri,Central,1159,0.2,278.16
"Eggs, Meat & Fish",Chicken,Pudukottai,Central,1698,0.21,118.86
Oil & Masala,Edible Oil & Ghee,Karur,Central,1160,0.31,162.4
Bakery,Cakes,Tenkasi,Central,1951,0.15,370.69
"Eggs, Meat & Fish",Fish,Bodi,Central,1881,0.16,583.11
"Eggs, Meat & Fish",Eggs,Karur,Central,508,0.1,71.12
Beverages,Soft Drinks,Bodi,Central,1960,0.29,725.2
Food Grains,Organic Staples,Ramanadhapuram,Central,2085,0.16,938.25
Bakery,Biscuits,Dindigul,Central,653,0.31,143.66
Snacks,Chocolates,Cumbum,Central,1822,0.14,255.08
Beverages,Soft Drinks,Virudhunagar,Central,780,0.22,171.6
Snacks,Chocolates,Madurai,Central,2113,0.28,253.56
Fruits & Veggies,Fresh Vegetables,Viluppuram,Central,2391,0.19,358.65
Oil & Masala,Masalas,Theni,Central,2330,0.26,186.4
"Eggs, Meat & Fish",Mutton,Ramanadhapuram,Central,2497,0.3,399.52
Fruits & Veggies,Fresh Fruits,Trichy,Central,876,0.3,254.04
Beverages,Health Drinks,Pudukottai,Central,865,0.21,328.7
Fruits & Veggies,Fresh Vegetables,Kanyakumari,Central,1583,0.1,158.3
Bakery,Cakes,Dharmapuri,Central,585,0.28,87.75
"Eggs, Meat & Fish",Mutton,Trichy,Central,2394,0.21,742.14
Fruits & Veggies,Organic Fruits,Tenkasi,Central,1044,0.3,271.44
Bakery,Cakes,Coimbatore,Central,2246,0.1,157.22
Fruits & Veggies,Organic Fruits,Theni,Central,2156,0.33,668.36
Oil & Masala,Edible Oil & Ghee,Coimbatore,Central,1028,0.34,51.4
"Eggs, Meat & Fish",Mutton,Salem,Central,1434,0.18,143.4
"Eggs, Meat & Fish",Chicken,Coimbatore,Central,618,0.12,185.4
Fruits & Veggies,Organic Fruits,Trichy,Central,1749,0.32,542.19
Bakery,Biscuits,Ooty,Central,1344,0.34,147.84
Beverages,Health Drinks,Trichy,Central,908,0.31,108.96
Oil & Masala,Masalas,Dharmapuri,Central,2352,0.19,964.32
Bakery,Breads & Buns,Karur,Central,1710,0.29,444.6
Beverages,Soft Drinks,Tenkasi,Central,679,0.22,95.06
Bakery,Cakes,Vellore,Central,1431,0.24,429.3
"Eggs, Meat & Fish",Chicken,Coimbatore,Central,2303,0.17,276.36
Bakery,Breads & Buns,Namakkal,Central,1845,0.24,424.35
Fruits & Veggies,Organic Fruits,Dharmapuri,Central,1032,0.15,258
Food Grains,Rice,Salem,Central,1120,0.35,369.6
Snacks,Noodles,Cumbum,Central,921,0.33,368.4
Oil & Masala,Edible Oil & Ghee,Dharmapuri,Central,1547,0.19,603.33
"Eggs, Meat & Fish",Chicken,Krishnagiri,Central,1785,0.27,124.95
Food Grains,Organic Staples,Namakkal,Central,736,0.34,316.48
Bakery,Cakes,Chennai,Central,992,0.26,376.96
Fruits & Veggies,Organic Vegetables,Pudukottai,Central,2342,0.31,117.1
Snacks,Cookies,Perambalur,Central,666,0.17,146.52
Snacks,Chocolates,Virudhunagar,Central,572,0.26,217.36
Food Grains,Atta & Flour,Karur,Central,1604,0.13,160.4
"Eggs, Meat & Fish",Eggs,Kanyakumari,Central,1002,0.32,370.74
"Eggs, Meat & Fish",Mutton,Coimbatore,Central,1841,0.12,294.56
Food Grains,Atta & Flour,Krishnagiri,Central,1322,0.28,251.18
Fruits & Veggies,Organic Vegetables,Kanyakumari,Central,706,0.34,183.56
Fruits & Veggies,Fresh Fruits,Chennai,Central,1519,0.2,227.85
"Eggs, Meat & Fish",Mutton,Tenkasi,Central,2220,0.14,999
Beverages,Soft Drinks,Karur,Central,1880,0.35,282
Beverages,Health Drinks,Krishnagiri,Central,963,0.31,134.82
Snacks,Cookies,Pudukottai,Central,1927,0.33,192.7
Snacks,Chocolates,Bodi,East,2310,0.26,623.7
"Eggs, Meat & Fish",Mutton,Tirunelveli,East,751,0.19,270.36
Oil & Masala,Edible Oil & Ghee,Kanyakumari,East,2353,0.14,517.66
Snacks,Cookies,Trichy,East,1059,0.1,148.26
Oil & Masala,Masalas,Pudukottai,East,1153,0.22,115.3
Snacks,Chocolates,Madurai,East,1654,0.28,396.96
Oil & Masala,Spices,Tirunelveli,East,1300,0.29,273
Fruits & Veggies,Fresh Vegetables,Viluppuram,East,991,0.13,287.39
"Eggs, Meat & Fish",Eggs,Madurai,East,826,0.13,74.34
Snacks,Chocolates,Virudhunagar,East,2189,0.25,240.79
Fruits & Veggies,Organic Fruits,Perambalur,East,1032,0.13,278.64
Fruits & Veggies,Fresh Fruits,Chennai,East,762,0.3,53.34
Fruits & Veggies,Fresh Vegetables,Trichy,East,974,0.21,97.4
Oil & Masala,Spices,Ooty,East,560,0.13,128.8
Food Grains,Atta & Flour,Virudhunagar,East,2047,0.35,634.57
Fruits & Veggies,Fresh Fruits,Pudukottai,East,1006,0.25,201.2
"Eggs, Meat & Fish",Eggs,Dindigul,East,1083,0.1,292.41
"Eggs, Meat & Fish",Fish,Dharmapuri,East,2277,0.21,637.56
Beverages,Health Drinks,Cumbum,East,561,0.27,190.74
Oil & Masala,Edible Oil & Ghee,Cumbum,East,1733,0.34,675.87
"Eggs, Meat & Fish",Mutton,Karur,East,2405,0.19,721.5
Bakery,Breads & Buns,Trichy,East,1364,0.31,190.96
"Eggs, Meat & Fish",Mutton,Perambalur,East,2272,0.26,227.2
Bakery,Breads & Buns,Cumbum,East,1214,0.34,497.74
Fruits & Veggies,Fresh Fruits,Dharmapuri,East,683,0.25,129.77
"Eggs, Meat & Fish",Fish,Tirunelveli,East,584,0.15,210.24
Bakery,Breads & Buns,Tirunelveli,East,1590,0.1,556.5
Fruits & Veggies,Organic Vegetables,Cumbum,East,2391,0.15,765.12
Beverages,Soft Drinks,Madurai,East,949,0.35,427.05
Fruits & Veggies,Fresh Fruits,Tirunelveli,East,1089,0.32,141.57
Snacks,Noodles,Vellore,East,2344,0.32,117.2
"Eggs, Meat & Fish",Fish,Coimbatore,East,1716,0.34,188.76
Beverages,Health Drinks,Krishnagiri,East,1265,0.32,354.2
Oil & Masala,Edible Oil & Ghee,Kanyakumari,East,1622,0.32,308.18
Oil & Masala,Edible Oil & Ghee,Salem,East,1213,0.23,242.6
Beverages,Soft Drinks,Kanyakumari,East,1377,0.35,165.24
Bakery,Breads & Buns,Perambalur,East,1268,0.14,519.88
Food Grains,Dals & Pulses,Namakkal,East,1268,0.18,266.28
Bakery,Cakes,Ramanadhapuram,East,1402,0.14,546.78
Snacks,Cookies,Salem,East,2087,0.18,667.84
Beverages,Health Drinks,Tirunelveli,East,2198,0.34,219.8
Bakery,Biscuits,Cumbum,East,2288,0.31,938.08
Snacks,Noodles,Dharmapuri,East,1694,0.34,338.8
Oil & Masala,Masalas,Pudukottai,East,1593,0.17,653.13
"Eggs, Meat & Fish",Mutton,Ooty,East,762,0.17,297.18
Bakery,Breads & Buns,Tenkasi,East,2154,0.12,603.12
"Eggs, Meat & Fish",Eggs,Krishnagiri,East,1309,0.15,327.25
Snacks,Chocolates,Ramanadhapuram,East,1540,0.25,415.8
Bakery,Biscuits,Krishnagiri,East,2226,0.33,868.14
Beverages,Health Drinks,Tenkasi,East,2354,0.14,164.78
Snacks,Noodles,Karur,East,1201,0.14,372.31
Oil & Masala,Masalas,Tirunelveli,East,546,0.23,43.68
"Eggs, Meat & Fish",Mutton,Karur,East,786,0.29,345.84
Oil & Masala,Edible Oil & Ghee,Ooty,East,1740,0.22,191.4
Oil & Masala,Masalas,Madurai,East,716,0.33,207.64
Bakery,Breads & Buns,Pudukottai,East,860,0.22,378.4
"Eggs, Meat & Fish",Eggs,Coimbatore,East,667,0.27,266.8
Fruits & Veggies,Organic Fruits,Madurai,East,1725,0.13,362.25
Beverages,Health Drinks,Ramanadhapuram,East,2111,0.16,337.76
"Eggs, Meat & Fish",Fish,Tenkasi,East,1246,0.19,323.96
Food Grains,Organic Staples,Coimbatore,East,1095,0.22,361.35
Food Grains,Atta & Flour,Cumbum,East,2319,0.27,371.04
Oil & Masala,Spices,Kanyakumari,East,1608,0.18,466.32
Snacks,Cookies,Perambalur,East,727,0.27,196.29
Food Grains,Organic Staples,Madurai,East,2447,0.16,195.76
Oil & Masala,Spices,Viluppuram,East,2045,0.25,122.7
Snacks,Chocolates,Trichy,East,1823,0.23,455.75
Fruits & Veggies,Organic Vegetables,Perambalur,East,2160,0.33,453.6
Fruits & Veggies,Fresh Fruits,Salem,East,1016,0.18,365.76
Bakery,Breads & Buns,Dharmapuri,East,501,0.15,140.28
Snacks,Noodles,Karur,East,1383,0.35,401.07
Bakery,Cakes,Virudhunagar,East,632,0.29,221.2
Food Grains,Organic Staples,Bodi,East,2352,0.11,729.12
Oil & Masala,Spices,Namakkal,East,1584,0.19,190.08
Beverages,Health Drinks,Kanyakumari,East,910,0.24,63.7
Snacks,Chocolates,Pudukottai,East,1374,0.22,219.84
Bakery,Biscuits,Namakkal,East,2299,0.27,850.63
Beverages,Soft Drinks,Cumbum,East,2431,0.25,607.75
Bakery,Biscuits,Tirunelveli,East,1697,0.35,695.77
Oil & Masala,Spices,Tirunelveli,East,2219,0.18,821.03
"Eggs, Meat & Fish",Chicken,Dharmapuri,East,1220,0.18,146.4
Snacks,Cookies,Tirunelveli,East,2037,0.27,488.88
"Eggs, Meat & Fish",Mutton,Tenkasi,East,1536,0.16,322.56
Bakery,Breads & Buns,Tirunelveli,East,1513,0.18,302.6
"Eggs, Meat & Fish",Eggs,Namakkal,East,1264,0.24,202.24
"Eggs, Meat & Fish",Mutton,Perambalur,East,2022,0.33,323.52
Snacks,Noodles,Namakkal,East,1577,0.1,299.63
Snacks,Chocolates,Ooty,East,636,0.16,286.2
Food Grains,Dals & Pulses,Ooty,East,603,0.24,66.33
Oil & Masala,Masalas,Kanyakumari,East,606,0.34,157.56
Beverages,Health Drinks,Virudhunagar,East,2225,0.13,511.75
Oil & Masala,Masalas,Chennai,East,2462,0.27,1009.42
Food Grains,Dals & Pulses,Virudhunagar,East,583,0.14,215.71
"Eggs, Meat & Fish",Mutton,Vellore,East,2337,0.21,537.51
Beverages,Health Drinks,Trichy,East,1266,0.19,202.56
Fruits & Veggies,Fresh Fruits,Krishnagiri,East,1990,0.27,835.8
Food Grains,Dals & Pulses,Virudhunagar,East,1018,0.15,407.2
Food Grains,Atta & Flour,Viluppuram,East,1689,0.15,692.49
"Eggs, Meat & Fish",Eggs,Madurai,East,1339,0.28,187.46
Fruits & Veggies,Organic Fruits,Tirunelveli,East,1180,0.23,377.6
Fruits & Veggies,Fresh Vegetables,Kanyakumari,East,734,0.12,51.38
Fruits & Veggies,Fresh Fruits,Namakkal,East,1093,0.3,426.27
"Eggs, Meat & Fish",Chicken,Ooty,East,1379,0.16,455.07
"Eggs, Meat & Fish",Mutton,Salem,East,2022,0.24,363.96
Fruits & Veggies,Organic Fruits,Ramanadhapuram,East,1216,0.16,510.72
Food Grains,Organic Staples,Tenkasi,East,2373,0.12,308.49
"Eggs, Meat & Fish",Chicken,Vellore,East,666,0.33,266.4
Bakery,Biscuits,Salem,East,729,0.28,291.6
Oil & Masala,Edible Oil & Ghee,Dindigul,East,2231,0.1,803.16
"Eggs, Meat & Fish",Mutton,Cumbum,East,933,0.3,345.21
"Eggs, Meat & Fish",Fish,Karur,East,860,0.24,378.4
"Eggs, Meat & Fish",Mutton,Kanyakumari,East,2079,0.11,457.38
"Eggs, Meat & Fish",Mutton,Madurai,East,773,0.31,293.74
Food Grains,Rice,Dharmapuri,East,2305,0.13,760.65
Fruits & Veggies,Fresh Vegetables,Dindigul,East,2035,0.29,834.35
Fruits & Veggies,Organic Fruits,Dharmapuri,East,979,0.24,332.86
Fruits & Veggies,Fresh Fruits,Pudukottai,East,1313,0.13,407.03
Oil & Masala,Edible Oil & Ghee,Madurai,East,1987,0.13,874.28
Snacks,Cookies,Ramanadhapuram,East,1754,0.33,719.14
Oil & Masala,Masalas,Bodi,East,1614,0.34,145.26
Beverages,Soft Drinks,Trichy,East,2104,0.34,589.12
Snacks,Cookies,Pudukottai,East,1641,0.13,82.05
"Eggs, Meat & Fish",Chicken,Chennai,East,945,0.26,179.55
"Eggs, Meat & Fish",Mutton,Bodi,East,1884,0.26,697.08
Oil & Masala,Edible Oil & Ghee,Dharmapuri,East,1285,0.31,398.35
"Eggs, Meat & Fish",Eggs,Chennai,East,2108,0.3,400.52
"Eggs, Meat & Fish",Fish,Tirunelveli,East,1492,0.15,164.12
Bakery,Cakes,Dindigul,East,2436,0.28,584.64
Beverages,Soft Drinks,Theni,East,1483,0.28,163.13
Bakery,Cakes,Salem,East,2310,0.14,277.2
"Eggs, Meat & Fish",Mutton,Pudukottai,East,2472,0.27,914.64
Beverages,Health Drinks,Viluppuram,East,1994,0.31,458.62
Oil & Masala,Masalas,Virudhunagar,East,1151,0.19,299.26
Beverages,Soft Drinks,Namakkal,East,912,0.33,364.8
Snacks,Chocolates,Pudukottai,East,527,0.16,179.18
Beverages,Soft Drinks,Perambalur,East,1101,0.32,264.24
Food Grains,Dals & Pulses,Viluppuram,East,1898,0.23,284.7
Beverages,Health Drinks,Madurai,East,1261,0.15,75.66
Beverages,Health Drinks,Tenkasi,East,706,0.31,35.3
"Eggs, Meat & Fish",Mutton,Madurai,East,2259,0.15,135.54
Food Grains,Atta & Flour,Virudhunagar,East,1724,0.33,379.28
Food Grains,Organic Staples,Trichy,East,868,0.24,156.24
"Eggs, Meat & Fish",Chicken,Pudukottai,East,752,0.17,97.76
Beverages,Soft Drinks,Bodi,East,2100,0.13,588
Bakery,Cakes,Tirunelveli,East,1100,0.31,220
Oil & Masala,Masalas,Madurai,East,1284,0.27,77.04
Food Grains,Organic Staples,Ooty,East,806,0.18,354.64
Bakery,Biscuits,Ooty,East,521,0.14,161.51
Bakery,Cakes,Tenkasi,East,2170,0.27,173.6
Food Grains,Atta & Flour,Madurai,East,1623,0.23,405.75
Food Grains,Organic Staples,Ramanadhapuram,East,1023,0.33,337.59
Food Grains,Organic Staples,Ramanadhapuram,East,1579,0.25,521.07
Snacks,Cookies,Kanyakumari,East,665,0.23,66.5
"Eggs, Meat & Fish",Fish,Chennai,East,1565,0.19,563.4
Food Grains,Atta & Flour,Virudhunagar,East,516,0.34,144.48
"Eggs, Meat & Fish",Chicken,Cumbum,East,1266,0.23,177.24
Bakery,Breads & Buns,Ooty,East,860,0.1,137.6
Bakery,Biscuits,Dindigul,East,1642,0.21,623.96
Beverages,Health Drinks,Ramanadhapuram,East,1614,0.13,322.8
Fruits & Veggies,Fresh Fruits,Karur,East,664,0.24,79.68
Beverages,Health Drinks,Karur,East,522,0.15,219.24
Bakery,Breads & Buns,Cumbum,East,2442,0.28,683.76
Fruits & Veggies,Fresh Fruits,Theni,East,1546,0.32,247.36
"Eggs, Meat & Fish",Mutton,Ramanadhapuram,East,564,0.1,62.04
Fruits & Veggies,Fresh Vegetables,Vellore,East,1536,0.2,691.2
Bakery,Breads & Buns,Cumbum,East,1362,0.16,136.2
Oil & Masala,Masalas,Pudukottai,East,2121,0.19,318.15
Oil & Masala,Spices,Tirunelveli,East,866,0.16,303.1
Food Grains,Rice,Cumbum,South,1706,0.25,750.64
"Eggs, Meat & Fish",Eggs,Ramanadhapuram,South,2210,0.13,574.6
Fruits & Veggies,Organic Vegetables,Ooty,South,2305,0.28,945.05
Food Grains,Dals & Pulses,Bodi,South,2285,0.2,982.55
Snacks,Noodles,Chennai,South,1495,0.19,194.35
Fruits & Veggies,Organic Vegetables,Pudukottai,South,766,0.16,137.88
Beverages,Soft Drinks,Namakkal,South,2079,0.31,873.18
Oil & Masala,Edible Oil & Ghee,Trichy,South,1576,0.33,504.32
Beverages,Health Drinks,Madurai,South,1562,0.22,265.54
Oil & Masala,Masalas,Cumbum,South,1907,0.29,572.1
Oil & Masala,Masalas,Tenkasi,South,1113,0.31,144.69
"Eggs, Meat & Fish",Chicken,Dharmapuri,South,1539,0.23,584.82
Beverages,Soft Drinks,Cumbum,South,1537,0.26,307.4
Fruits & Veggies,Organic Vegetables,Chennai,South,2201,0.19,352.16
Food Grains,Rice,Ramanadhapuram,South,2014,0.34,725.04
Food Grains,Dals & Pulses,Dharmapuri,South,2413,0.28,386.08
Snacks,Chocolates,Dindigul,South,699,0.15,83.88
"Eggs, Meat & Fish",Eggs,Virudhunagar,South,1920,0.12,537.6
Fruits & Veggies,Fresh Fruits,Coimbatore,South,1036,0.14,145.04
"Eggs, Meat & Fish",Mutton,Theni,South,1358,0.18,393.82
Oil & Masala,Edible Oil & Ghee,Nagercoil,South,816,0.2,342.72
Snacks,Chocolates,Namakkal,South,2431,0.1,121.55
Fruits & Veggies,Organic Fruits,Tirunelveli,South,2381,0.19,380.96
Fruits & Veggies,Fresh Fruits,Cumbum,South,1558,0.16,218.12
Beverages,Health Drinks,Perambalur,South,584,0.23,204.4
Beverages,Health Drinks,Virudhunagar,South,1165,0.27,442.7
Oil & Masala,Masalas,Karur,South,717,0.28,143.4
Oil & Masala,Edible Oil & Ghee,Trichy,South,2168,0.23,802.16
Fruits & Veggies,Organic Fruits,Karur,South,1249,0.19,137.39
Fruits & Veggies,Organic Fruits,Ramanadhapuram,South,2449,0.12,685.72
Bakery,Breads & Buns,Theni,South,2451,0.35,661.77
Fruits & Veggies,Fresh Fruits,Kanyakumari,South,1050,0.11,451.5
Oil & Masala,Masalas,Pudukottai,South,1172,0.34,492.24
Snacks,Cookies,Madurai,South,1160,0.34,81.2
Snacks,Chocolates,Pudukottai,South,1118,0.1,480.74
Snacks,Noodles,Karur,South,2157,0.18,258.84
Bakery,Biscuits,Ramanadhapuram,South,1957,0.21,587.1
Oil & Masala,Masalas,Namakkal,South,1214,0.21,485.6
"Eggs, Meat & Fish",Fish,Theni,South,979,0.3,88.11
Snacks,Chocolates,Tirunelveli,South,1496,0.28,628.32
Beverages,Health Drinks,Chennai,South,1391,0.16,570.31
Snacks,Cookies,Nagercoil,South,2439,0.13,585.36
"Eggs, Meat & Fish",Eggs,Tenkasi,South,774,0.32,100.62
Fruits & Veggies,Organic Fruits,Trichy,South,543,0.16,48.87
"Eggs, Meat & Fish",Mutton,Theni,South,1747,0.17,209.64
"Eggs, Meat & Fish",Mutton,Namakkal,South,889,0.34,266.7
Bakery,Biscuits,Madurai,South,523,0.17,73.22
Oil & Masala,Edible Oil & Ghee,Kanyakumari,South,873,0.34,157.14
Food Grains,Organic Staples,Theni,South,1991,0.33,696.85
Snacks,Cookies,Dindigul,South,1609,0.15,209.17
"Eggs, Meat & Fish",Chicken,Trichy,South,2322,0.18,255.42
Food Grains,Dals & Pulses,Cumbum,South,1718,0.13,257.7
Oil & Masala,Masalas,Vellore,South,2166,0.12,888.06
Snacks,Chocolates,Dindigul,South,1665,0.1,482.85
Beverages,Health Drinks,Perambalur,South,1818,0.34,563.58
Snacks,Noodles,Madurai,South,2361,0.32,637.47
Fruits & Veggies,Organic Vegetables,Dindigul,South,829,0.24,66.32
"Eggs, Meat & Fish",Eggs,Vellore,South,2006,0.19,240.72
"Eggs, Meat & Fish",Chicken,Theni,South,2052,0.24,184.68
Bakery,Biscuits,Bodi,South,2004,0.18,521.04
Oil & Masala,Edible Oil & Ghee,Theni,South,756,0.35,60.48
"Eggs, Meat & Fish",Eggs,Kanyakumari,South,2367,0.26,189.36
"Eggs, Meat & Fish",Fish,Ramanadhapuram,South,901,0.28,108.12
Snacks,Noodles,Ooty,South,1639,0.1,163.9
Fruits & Veggies,Organic Fruits,Vellore,South,1337,0.33,200.55
Food Grains,Organic Staples,Virudhunagar,South,1824,0.33,145.92
Bakery,Biscuits,Chennai,South,654,0.35,111.18
"Eggs, Meat & Fish",Chicken,Namakkal,South,889,0.14,364.49
Beverages,Health Drinks,Viluppuram,South,1008,0.19,70.56
"Eggs, Meat & Fish",Mutton,Nagercoil,South,771,0.12,131.07
Bakery,Cakes,Dharmapuri,South,921,0.13,349.98
Food Grains,Dals & Pulses,Bodi,South,881,0.33,334.78
Fruits & Veggies,Fresh Vegetables,Dindigul,South,1970,0.11,98.5
"Eggs, Meat & Fish",Chicken,Tenkasi,South,1378,0.3,275.6
Fruits & Veggies,Organic Vegetables,Chennai,South,618,0.23,111.24
Oil & Masala,Masalas,Vellore,South,1619,0.25,728.55
Fruits & Veggies,Fresh Vegetables,Bodi,South,696,0.14,174
Food Grains,Organic Staples,Ooty,South,1445,0.1,260.1
Bakery,Breads & Buns,Coimbatore,South,2443,0.13,171.01
Beverages,Soft Drinks,Viluppuram,South,745,0.35,208.6
Bakery,Cakes,Ramanadhapuram,South,1308,0.3,196.2
Bakery,Biscuits,Viluppuram,South,839,0.16,41.95
Snacks,Noodles,Kanyakumari,South,727,0.21,268.99
"Eggs, Meat & Fish",Eggs,Coimbatore,South,876,0.2,131.4
Beverages,Health Drinks,Dindigul,South,1570,0.22,298.3
Beverages,Health Drinks,Ramanadhapuram,South,2429,0.32,145.74
Fruits & Veggies,Organic Fruits,Pudukottai,South,688,0.17,96.32
Bakery,Cakes,Nagercoil,South,1461,0.17,394.47
Food Grains,Organic Staples,Perambalur,South,1761,0.26,757.23
Fruits & Veggies,Fresh Vegetables,Nagercoil,South,1665,0.26,549.45
Bakery,Biscuits,Dharmapuri,South,1985,0.22,794
Fruits & Veggies,Fresh Vegetables,Theni,South,1679,0.15,251.85
Snacks,Chocolates,Pudukottai,South,1056,0.2,306.24
Bakery,Cakes,Pudukottai,South,1935,0.29,367.65
Bakery,Biscuits,Ramanadhapuram,South,1599,0.27,223.86
Food Grains,Rice,Dindigul,South,616,0.34,227.92
Snacks,Chocolates,Namakkal,South,1585,0.16,396.25
Fruits & Veggies,Fresh Fruits,Bodi,South,2255,0.26,856.9
"Eggs, Meat & Fish",Fish,Theni,South,775,0.3,186
Beverages,Soft Drinks,Madurai,South,2000,0.23,620
Beverages,Soft Drinks,Pudukottai,South,639,0.2,191.7
Beverages,Soft Drinks,Trichy,South,1916,0.26,536.48
Bakery,Breads & Buns,Ramanadhapuram,South,512,0.32,168.96
Food Grains,Organic Staples,Tirunelveli,South,1205,0.1,228.95
Food Grains,Rice,Ooty,South,1177,0.32,282.48
Oil & Masala,Masalas,Nagercoil,South,1662,0.33,398.88
Fruits & Veggies,Fresh Vegetables,Tirunelveli,South,1288,0.1,334.88
Snacks,Noodles,Virudhunagar,South,1285,0.15,295.55
Oil & Masala,Masalas,Vellore,West,875,0.26,140
Fruits & Veggies,Fresh Vegetables,Karur,West,1051,0.32,189.18
Oil & Masala,Masalas,Cumbum,West,1319,0.25,197.85
Fruits & Veggies,Organic Fruits,Vellore,West,1593,0.15,334.53
Food Grains,Organic Staples,Coimbatore,West,2012,0.3,120.72
Food Grains,Dals & Pulses,Coimbatore,West,603,0.15,162.81
Oil & Masala,Masalas,Ooty,West,2480,0.35,669.6
"Eggs, Meat & Fish",Eggs,Viluppuram,West,1155,0.13,277.2
Oil & Masala,Masalas,Ooty,West,1022,0.18,439.46
Snacks,Cookies,Vellore,West,1883,0.14,357.77
Fruits & Veggies,Fresh Vegetables,Coimbatore,West,1945,0.16,466.8
Oil & Masala,Spices,Namakkal,West,1150,0.21,368
Bakery,Breads & Buns,Bodi,West,2361,0.34,920.79
Oil & Masala,Edible Oil & Ghee,Karur,West,1289,0.35,335.14
Bakery,Cakes,Viluppuram,West,2045,0.19,879.35
Bakery,Cakes,Kanyakumari,West,1435,0.26,631.4
"Eggs, Meat & Fish",Mutton,Karur,West,1952,0.35,156.16
Beverages,Health Drinks,Dindigul,West,601,0.15,228.38
Food Grains,Organic Staples,Bodi,West,2070,0.31,269.1
Oil & Masala,Spices,Theni,West,1402,0.14,112.16
Bakery,Breads & Buns,Madurai,West,2153,0.16,193.77
Oil & Masala,Edible Oil & Ghee,Virudhunagar,West,877,0.15,61.39
Fruits & Veggies,Organic Fruits,Theni,West,1004,0.18,150.6
"Eggs, Meat & Fish",Eggs,Salem,West,2001,0.28,700.35
Snacks,Chocolates,Krishnagiri,West,1541,0.1,678.04
Beverages,Health Drinks,Dharmapuri,West,2346,0.15,445.74
Food Grains,Dals & Pulses,Ooty,West,1604,0.24,160.4
Bakery,Biscuits,Dindigul,West,1015,0.33,395.85
Bakery,Biscuits,Tenkasi,West,1244,0.27,522.48
Fruits & Veggies,Fresh Vegetables,Virudhunagar,West,1932,0.18,734.16
Snacks,Noodles,Vellore,West,2338,0.11,1005.34
"Eggs, Meat & Fish",Eggs,Bodi,West,2238,0.13,850.44
Oil & Masala,Spices,Salem,West,918,0.19,201.96
Food Grains,Rice,Trichy,West,2208,0.33,772.8
Oil & Masala,Edible Oil & Ghee,Dindigul,West,1784,0.34,642.24
Beverages,Soft Drinks,Krishnagiri,West,1531,0.18,199.03
Fruits & Veggies,Fresh Fruits,Tirunelveli,West,1195,0.22,394.35
Fruits & Veggies,Fresh Fruits,Virudhunagar,West,953,0.12,76.24
Oil & Masala,Masalas,Bodi,West,1319,0.15,342.94
"Eggs, Meat & Fish",Chicken,Chennai,West,1347,0.19,525.33
Food Grains,Atta & Flour,Bodi,West,1159,0.23,115.9
Beverages,Health Drinks,Coimbatore,West,1839,0.21,386.19
Bakery,Cakes,Chennai,West,1380,0.34,220.8
Bakery,Biscuits,Dindigul,West,2268,0.24,635.04
Beverages,Soft Drinks,Cumbum,West,1989,0.25,556.92
Beverages,Health Drinks,Tenkasi,West,1416,0.12,594.72
Snacks,Cookies,Dindigul,West,1577,0.11,473.1
Snacks,Chocolates,Madurai,West,2424,0.23,484.8
Food Grains,Rice,Krishnagiri,West,1919,0.31,211.09
Bakery,Biscuits,Tirunelveli,West,1121,0.34,67.26
Fruits & Veggies,Organic Fruits,Dharmapuri,West,1048,0.33,356.32
"Eggs, Meat & Fish",Fish,Theni,West,2451,0.27,1004.91
Fruits & Veggies,Fresh Fruits,Nagercoil,West,2344,0.21,187.52
Food Grains,Atta & Flour,Tirunelveli,West,785,0.28,47.1
Beverages,Health Drinks,Madurai,West,1792,0.14,806.4
Fruits & Veggies,Organic Fruits,Vellore,West,1184,0.22,189.44
"Eggs, Meat & Fish",Chicken,Dharmapuri,West,772,0.29,347.4
Beverages,Health Drinks,Krishnagiri,West,522,0.35,109.62
"Eggs, Meat & Fish",Fish,Trichy,West,1202,0.2,180.3
Food Grains,Atta & Flour,Cumbum,West,1892,0.27,321.64
Food Grains,Dals & Pulses,Karur,West,664,0.15,159.36
Beverages,Soft Drinks,Bodi,West,505,0.3,25.25
Snacks,Cookies,Chennai,West,1656,0.25,149.04
Food Grains,Dals & Pulses,Kanyakumari,West,1763,0.19,334.97
Oil & Masala,Edible Oil & Ghee,Vellore,West,2293,0.14,550.32
Oil & Masala,Edible Oil & Ghee,Vellore,West,2192,0.34,394.56
"Eggs, Meat & Fish",Mutton,Chennai,West,2444,0.2,366.6
Snacks,Cookies,Dharmapuri,West,635,0.11,69.85
Bakery,Breads & Buns,Dindigul,West,1618,0.21,420.68
Beverages,Soft Drinks,Theni,West,1574,0.25,173.14
Food Grains,Dals & Pulses,Vellore,West,1011,0.12,131.43
"Eggs, Meat & Fish",Eggs,Coimbatore,West,1834,0.1,788.62
Food Grains,Dals & Pulses,Dindigul,West,853,0.24,255.9
Beverages,Soft Drinks,Pudukottai,West,1087,0.25,86.96
Bakery,Biscuits,Virudhunagar,West,677,0.26,216.64
"Eggs, Meat & Fish",Chicken,Ramanadhapuram,West,1185,0.23,201.45
Oil & Masala,Masalas,Cumbum,West,2269,0.18,816.84
Oil & Masala,Spices,Pudukottai,West,1033,0.23,185.94
Food Grains,Organic Staples,Coimbatore,West,1455,0.24,567.45
Oil & Masala,Masalas,Dindigul,West,1786,0.19,232.18
Oil & Masala,Edible Oil & Ghee,Ramanadhapuram,West,2105,0.26,799.9
Fruits & Veggies,Fresh Fruits,Cumbum,West,2159,0.1,259.08
Beverages,Soft Drinks,Perambalur,West,2334,0.27,210.06
Oil & Masala,Spices,Salem,West,1353,0.1,230.01
Fruits & Veggies,Organic Vegetables,Viluppuram,West,1123,0.18,101.07
Bakery,Biscuits,Salem,West,608,0.1,115.52
"Eggs, Meat & Fish",Eggs,Salem,West,1265,0.16,202.4
"Eggs, Meat & Fish",Chicken,Tenkasi,West,2326,0.13,232.6
"Eggs, Meat & Fish",Chicken,Coimbatore,West,1492,0.23,552.04
"Eggs, Meat & Fish",Fish,Ooty,West,726,0.13,130.68
Oil & Masala,Spices,Kanyakumari,West,904,0.34,280.24
Beverages,Health Drinks,Namakkal,West,1937,0.22,174.33
Bakery,Breads & Buns,Trichy,West,914,0.24,100.54
"Eggs, Meat & Fish",Mutton,Kanyakumari,West,784,0.14,39.2
"Eggs, Meat & Fish",Mutton,Trichy,West,2479,0.22,818.07
Snacks,Noodles,Salem,West,1497,0.33,673.65
Beverages,Health Drinks,Bodi,West,1030,0.35,247.2
Bakery,Biscuits,Tirunelveli,West,1694,0.17,135.52
Snacks,Noodles,Perambalur,West,1588,0.24,444.64
Snacks,Cookies,Viluppuram,West,1808,0.17,614.72
Snacks,Noodles,Coimbatore,West,1936,0.31,96.8
Bakery,Biscuits,Dharmapuri,West,2340,0.14,210.6
Snacks,Noodles,Viluppuram,West,1435,0.21,186.55
"Eggs, Meat & Fish",Chicken,Krishnagiri,West,735,0.23,124.95
Bakery,Breads & Buns,Ooty,West,876,0.21,394.2
"Eggs, Meat & Fish",Fish,Cumbum,West,750,0.29,150
Oil & Masala,Spices,Bodi,West,1098,0.16,164.7
"Eggs, Meat & Fish",Eggs,Namakkal,West,1667,0.26,733.48
Oil & Masala,Masalas,Salem,West,1132,0.22,396.2
Oil & Masala,Masalas,Cumbum,West,642,0.11,64.2
"Eggs, Meat & Fish",Eggs,Theni,West,1016,0.17,457.2
Bakery,Breads & Buns,Vellore,West,2313,0.22,1017.72
Food Grains,Organic Staples,Bodi,West,2044,0.19,899.36
"Eggs, Meat & Fish",Fish,Tenkasi,West,2429,0.27,534.38
Snacks,Chocolates,Perambalur,West,1324,0.11,397.2
Beverages,Health Drinks,Tenkasi,West,1103,0.11,286.78
Snacks,Noodles,Madurai,West,635,0.17,254
Bakery,Biscuits,Dindigul,West,1467,0.1,337.41
Oil & Masala,Spices,Madurai,West,832,0.23,266.24
Bakery,Biscuits,Karur,West,2378,0.12,356.7
Snacks,Chocolates,Trichy,West,872,0.2,331.36
Food Grains,Dals & Pulses,Coimbatore,West,799,0.1,279.65
Snacks,Chocolates,Theni,West,1647,0.25,230.58
Food Grains,Organic Staples,Tenkasi,West,637,0.16,210.21
"Eggs, Meat & Fish",Eggs,Pudukottai,West,705,0.21,190.35
Bakery,Biscuits,Trichy,West,1500,0.33,405
"Eggs, Meat & Fish",Mutton,Ooty,West,2425,0.3,315.25
Oil & Masala,Masalas,Karur,West,2128,0.16,106.4
Beverages,Health Drinks,Virudhunagar,West,1403,0.2,364.78
Snacks,Cookies,Vellore,West,2178,0.26,675.18
Food Grains,Dals & Pulses,Salem,West,2064,0.15,206.4
Food Grains,Rice,Ramanadhapuram,West,971,0.25,223.33
Oil & Masala,Spices,Dindigul,West,1244,0.19,161.72
Food Grains,Rice,Viluppuram,West,2071,0.31,455.62
Snacks,Cookies,Ooty,West,2442,0.21,1050.06
Fruits & Veggies,Fresh Vegetables,Viluppuram,West,1254,0.22,250.8
Food Grains,Atta & Flour,Theni,West,1566,0.26,689.04
Oil & Masala,Edible Oil & Ghee,Chennai,West,1422,0.21,142.2
Beverages,Soft Drinks,Viluppuram,West,1497,0.33,553.89
Snacks,Cookies,Vellore,West,2420,0.35,193.6
Bakery,Biscuits,Ooty,West,512,0.23,158.72
Bakery,Biscuits,Theni,West,1485,0.23,103.95
Beverages,Health Drinks,Tenkasi,West,711,0.34,127.98
Food Grains,Rice,Chennai,West,1074,0.33,64.44
"Eggs, Meat & Fish",Mutton,Trichy,West,2203,0.33,638.87
Food Grains,Atta & Flour,Perambalur,West,1681,0.15,201.72
Snacks,Noodles,Ramanadhapuram,West,595,0.28,160.65
Food Grains,Atta & Flour,Cumbum,West,1621,0.18,275.57
Oil & Masala,Masalas,Dharmapuri,West,1826,0.17,219.12
Fruits & Veggies,Fresh Fruits,Perambalur,West,784,0.26,156.8
Food Grains,Rice,Ramanadhapuram,West,553,0.32,105.07
Food Grains,Organic Staples,Viluppuram,West,1871,0.34,729.69
Bakery,Breads & Buns,Vellore,West,1603,0.17,609.14
Bakery,Cakes,Virudhunagar,West,1712,0.19,188.32
Beverages,Health Drinks,Theni,West,2083,0.21,874.86
Beverages,Soft Drinks,Tirunelveli,West,2262,0.15,271.44
Snacks,Chocolates,Viluppuram,West,739,0.1,125.63
Fruits & Veggies,Fresh Vegetables,Cumbum,West,1886,0.11,810.98
Fruits & Veggies,Fresh Fruits,Ramanadhapuram,West,1106,0.1,453.46
Fruits & Veggies,Fresh Fruits,Trichy,West,1470,0.27,88.2
Bakery,Cakes,Theni,West,1979,0.34,692.65
Beverages,Soft Drinks,Nagercoil,West,1936,0.14,484
Fruits & Veggies,Fresh Fruits,Kanyakumari,West,2414,0.12,386.24
"Eggs, Meat & Fish",Eggs,Kanyakumari,West,506,0.12,86.02
Snacks,Chocolates,Trichy,West,2409,0.11,939.51
Fruits & Veggies,Organic Vegetables,Nagercoil,West,922,0.16,221.28
Food Grains,Rice,Pudukottai,West,2263,0.22,203.67
Fruits & Veggies,Fresh Vegetables,Namakkal,West,664,0.16,232.4
Food Grains,Dals & Pulses,Pudukottai,West,1848,0.33,702.24
Beverages,Health Drinks,Ooty,West,2038,0.1,550.26
Fruits & Veggies,Fresh Vegetables,Tenkasi,West,896,0.31,62.72
Snacks,Cookies,Dindigul,West,1354,0.26,257.26
Bakery,Breads & Buns,Dindigul,West,527,0.24,168.64
Food Grains,Atta & Flour,Coimbatore,West,1380,0.22,151.8
Food Grains,Organic Staples,Salem,West,1337,0.32,441.21
Snacks,Cookies,Cumbum,West,706,0.21,77.66
Food Grains,Rice,Madurai,West,786,0.35,322.26
Bakery,Biscuits,Tenkasi,West,1899,0.2,626.67
Bakery,Breads & Buns,Krishnagiri,West,1409,0.13,352.25
Snacks,Noodles,Karur,West,648,0.22,174.96
Food Grains,Atta & Flour,Pudukottai,West,1398,0.19,265.62
Snacks,Noodles,Pudukottai,West,978,0.24,420.54
Beverages,Soft Drinks,Chennai,West,1406,0.27,421.8
Food Grains,Atta & Flour,Namakkal,West,943,0.25,56.58
Snacks,Chocolates,Krishnagiri,West,1263,0.31,505.2
Beverages,Soft Drinks,Ramanadhapuram,West,962,0.23,317.46
Fruits & Veggies,Fresh Fruits,Coimbatore,West,557,0.18,206.09
Food Grains,Dals & Pulses,Madurai,West,2098,0.32,713.32
Food Grains,Dals & Pulses,Ramanadhapuram,West,700,0.27,98
Snacks,Noodles,Ooty,West,1332,0.17,239.76
Snacks,Chocolates,Cumbum,West,2114,0.13,930.16
Food Grains,Rice,Kanyakumari,West,2202,0.22,726.66
"Eggs, Meat & Fish",Fish,Ramanadhapuram,West,1122,0.2,359.04
Bakery,Cakes,Namakkal,West,1498,0.25,419.44
"Eggs, Meat & Fish",Mutton,Karur,Central,941,0.19,395.22
Snacks,Chocolates,Tenkasi,Central,2122,0.1,721.48
Oil & Masala,Spices,Pudukottai,Central,1520,0.33,106.4
Beverages,Soft Drinks,Dharmapuri,Central,2069,0.25,310.35
Oil & Masala,Edible Oil & Ghee,Madurai,Central,523,0.27,172.59
Snacks,Cookies,Tenkasi,Central,2428,0.26,728.4
Fruits & Veggies,Fresh Fruits,Pudukottai,Central,610,0.26,244
Snacks,Chocolates,Dharmapuri,Central,1994,0.33,498.5
Food Grains,Organic Staples,Tirunelveli,Central,559,0.3,100.62
Oil & Masala,Edible Oil & Ghee,Salem,Central,1572,0.15,675.96
"Eggs, Meat & Fish",Eggs,Namakkal,East,1231,0.26,517.02
Snacks,Cookies,Bodi,East,1924,0.24,461.76
Food Grains,Organic Staples,Ooty,East,1714,0.24,702.74
Beverages,Health Drinks,Kanyakumari,East,1997,0.2,259.61
Fruits & Veggies,Organic Vegetables,Dindigul,East,1878,0.32,394.38
Snacks,Chocolates,Ooty,East,1585,0.29,317
Bakery,Biscuits,Salem,East,1799,0.22,323.82
Food Grains,Rice,Tirunelveli,East,2428,0.26,412.76
Fruits & Veggies,Organic Vegetables,Trichy,East,2412,0.25,1085.4
Food Grains,Organic Staples,Viluppuram,East,540,0.17,178.2
Food Grains,Atta & Flour,Coimbatore,East,1963,0.28,530.01
Bakery,Breads & Buns,Tenkasi,East,2417,0.11,169.19
"Eggs, Meat & Fish",Mutton,Kanyakumari,East,523,0.3,83.68
Fruits & Veggies,Fresh Fruits,Cumbum,East,1173,0.32,187.68
"Eggs, Meat & Fish",Chicken,Nagercoil,East,756,0.14,128.52
Snacks,Chocolates,Trichy,East,520,0.27,109.2
Snacks,Cookies,Chennai,East,1708,0.24,409.92
Oil & Masala,Masalas,Dindigul,South,2393,0.14,981.13
Fruits & Veggies,Organic Fruits,Perambalur,South,1223,0.34,550.35
Oil & Masala,Edible Oil & Ghee,Trichy,South,1331,0.26,545.71
Snacks,Noodles,Tirunelveli,South,2204,0.27,947.72
Oil & Masala,Edible Oil & Ghee,Coimbatore,West,2055,0.25,472.65
Food Grains,Organic Staples,Ooty,West,995,0.3,238.8
Food Grains,Dals & Pulses,Tirunelveli,West,2288,0.15,228.8
"Eggs, Meat & Fish",Chicken,Karur,West,2221,0.35,288.73
Beverages,Health Drinks,Tenkasi,West,1597,0.25,495.07
Bakery,Cakes,Chennai,West,2259,0.12,406.62
Snacks,Chocolates,Salem,West,2208,0.23,794.88
Food Grains,Atta & Flour,Madurai,West,1793,0.1,519.97
Food Grains,Dals & Pulses,Vellore,West,1934,0.31,328.78
"Eggs, Meat & Fish",Mutton,Karur,West,1812,0.23,344.28
Bakery,Biscuits,Krishnagiri,West,1386,0.35,110.88
Fruits & Veggies,Organic Fruits,Krishnagiri,West,703,0.13,105.45
Fruits & Veggies,Fresh Fruits,Dindigul,West,958,0.1,277.82
Snacks,Chocolates,Salem,West,878,0.16,175.6
Bakery,Biscuits,Kanyakumari,West,2393,0.33,526.46
Oil & Masala,Masalas,Chennai,West,1097,0.34,120.67
Fruits & Veggies,Fresh Fruits,Krishnagiri,West,1836,0.27,257.04
Food Grains,Dals & Pulses,Kanyakumari,West,2051,0.21,102.55
Fruits & Veggies,Organic Fruits,Pudukottai,West,1171,0.33,281.04
Beverages,Soft Drinks,Vellore,West,943,0.33,358.34
Oil & Masala,Spices,Tenkasi,West,1562,0.23,562.32
Snacks,Noodles,Namakkal,West,2045,0.14,265.85
Snacks,Cookies,Dindigul,West,2271,0.35,522.33
Oil & Masala,Masalas,Nagercoil,West,1213,0.25,545.85
Oil & Masala,Masalas,Kanyakumari,Central,2397,0.21,503.37
Oil & Masala,Spices,Viluppuram,Central,1272,0.12,419.76
Fruits & Veggies,Organic Fruits,Karur,Central,1382,0.19,428.42
Bakery,Breads & Buns,Kanyakumari,Central,1351,0.33,405.3
Oil & Masala,Edible Oil & Ghee,Ramanadhapuram,East,843,0.11,303.48
"Eggs, Meat & Fish",Mutton,Namakkal,East,1853,0.33,296.48
Fruits & Veggies,Fresh Fruits,Virudhunagar,East,1582,0.14,585.34
Oil & Masala,Spices,Perambalur,South,1337,0.21,213.92
Oil & Masala,Edible Oil & Ghee,Coimbatore,South,2071,0.17,911.24
Beverages,Health Drinks,Madurai,South,1405,0.26,309.1
Beverages,Soft Drinks,Theni,South,2347,0.11,985.74
Fruits & Veggies,Fresh Fruits,Trichy,West,2174,0.32,543.5
Oil & Masala,Spices,Ooty,West,1586,0.31,586.82
Oil & Masala,Masalas,Coimbatore,West,1400,0.1,336
Bakery,Breads & Buns,Namakkal,West,2264,0.25,860.32
Food Grains,Rice,Nagercoil,West,1429,0.32,457.28
Bakery,Breads & Buns,Coimbatore,West,1995,0.23,837.9
Bakery,Breads & Buns,Ooty,West,2046,0.11,184.14
Food Grains,Dals & Pulses,Trichy,West,2468,0.17,789.76
"Eggs, Meat & Fish",Fish,Ooty,West,661,0.22,244.57
"Eggs, Meat & Fish",Chicken,Virudhunagar,West,1357,0.27,94.99
Food Grains,Dals & Pulses,Chennai,West,1143,0.13,434.34
Bakery,Cakes,Pudukottai,West,681,0.1,136.2
Snacks,Noodles,Perambalur,Central,1890,0.11,756
Food Grains,Organic Staples,Cumbum,Central,2071,0.11,207.1
Bakery,Biscuits,Dindigul,Central,687,0.2,130.53
Oil & Masala,Spices,Karur,Central,1752,0.16,297.84
Food Grains,Atta & Flour,Theni,Central,1052,0.16,294.56
Fruits & Veggies,Organic Fruits,Dharmapuri,Central,2351,0.35,869.87
Beverages,Health Drinks,Tenkasi,Central,2433,0.18,1021.86
"Eggs, Meat & Fish",Chicken,Vellore,Central,2308,0.26,669.32
Bakery,Breads & Buns,Ramanadhapuram,Central,1029,0.28,154.35
Bakery,Cakes,Trichy,Central,1884,0.24,339.12
Fruits & Veggies,Fresh Vegetables,Namakkal,Central,2463,0.31,763.53
Fruits & Veggies,Fresh Fruits,Karur,Central,1310,0.26,510.9
Snacks,Chocolates,Vellore,Central,1727,0.12,552.64
"Eggs, Meat & Fish",Mutton,Salem,Central,1684,0.28,690.44
Food Grains,Dals & Pulses,Bodi,Central,1614,0.22,581.04
Bakery,Biscuits,Bodi,Central,1651,0.11,115.57
Snacks,Chocolates,Ramanadhapuram,Central,1983,0.34,237.96
Food Grains,Organic Staples,Ramanadhapuram,Central,1683,0.29,589.05
Snacks,Cookies,Tirunelveli,Central,546,0.27,191.1
Beverages,Health Drinks,Kanyakumari,Central,1660,0.11,415
Snacks,Cookies,Karur,Central,2450,0.21,1102.5
Food Grains,Rice,Salem,Central,2193,0.35,131.58
Snacks,Cookies,Dharmapuri,East,2207,0.16,353.12
Beverages,Health Drinks,Cumbum,East,2392,0.13,143.52
Beverages,Soft Drinks,Ooty,East,1901,0.21,380.2
Snacks,Noodles,Theni,East,537,0.27,91.29
Beverages,Health Drinks,Nagercoil,East,1139,0.26,250.58
Beverages,Health Drinks,Kanyakumari,East,2261,0.1,655.69
Fruits & Veggies,Fresh Vegetables,Dindigul,East,1122,0.17,112.2
Oil & Masala,Spices,Tirunelveli,East,768,0.18,130.56
Oil & Masala,Masalas,Tenkasi,East,1340,0.33,415.4
"Eggs, Meat & Fish",Fish,Madurai,East,1931,0.17,270.34
Oil & Masala,Masalas,Bodi,East,2088,0.2,125.28
"Eggs, Meat & Fish",Mutton,Namakkal,East,2211,0.35,596.97
Snacks,Cookies,Trichy,East,910,0.26,282.1
Snacks,Chocolates,Salem,East,805,0.34,209.3
Food Grains,Atta & Flour,Karur,South,690,0.21,41.4
Fruits & Veggies,Fresh Vegetables,Viluppuram,South,2167,0.12,195.03
Food Grains,Organic Staples,Tenkasi,South,1536,0.22,583.68
Food Grains,Rice,Salem,South,788,0.34,86.68
Oil & Masala,Edible Oil & Ghee,Trichy,South,2350,0.24,1057.5
Oil & Masala,Masalas,Tenkasi,South,1249,0.27,187.35
Snacks,Noodles,Coimbatore,South,2029,0.33,142.03
Food Grains,Organic Staples,Krishnagiri,South,1837,0.31,753.17
Snacks,Cookies,Krishnagiri,South,2398,0.15,719.4
Bakery,Biscuits,Coimbatore,South,1926,0.24,154.08
Food Grains,Dals & Pulses,Ramanadhapuram,South,1430,0.12,257.4
Oil & Masala,Spices,Kanyakumari,South,1953,0.33,292.95
Beverages,Health Drinks,Theni,West,1162,0.11,139.44
Fruits & Veggies,Fresh Vegetables,Krishnagiri,West,1137,0.21,511.65
Fruits & Veggies,Fresh Fruits,Krishnagiri,West,769,0.27,261.46
Oil & Masala,Masalas,Bodi,West,1671,0.26,501.3
Snacks,Cookies,Cumbum,West,1047,0.27,439.74
Food Grains,Rice,Theni,West,1249,0.22,74.94
Oil & Masala,Masalas,Pudukottai,West,1366,0.11,519.08
"Eggs, Meat & Fish",Fish,Kanyakumari,West,1437,0.21,502.95
"Eggs, Meat & Fish",Chicken,Kanyakumari,West,978,0.32,332.52
Food Grains,Atta & Flour,Tenkasi,West,2153,0.33,645.9
Fruits & Veggies,Organic Fruits,Bodi,West,1876,0.21,525.28
Food Grains,Rice,Viluppuram,West,1238,0.22,297.12
Beverages,Health Drinks,Kanyakumari,West,2078,0.27,851.98
Oil & Masala,Spices,Tenkasi,Central,1354,0.3,94.78
"Eggs, Meat & Fish",Eggs,Krishnagiri,Central,939,0.34,225.36
Snacks,Chocolates,Tenkasi,Central,2153,0.27,215.3
Bakery,Breads & Buns,Kanyakumari,Central,2141,0.11,578.07
Food Grains,Rice,Kanyakumari,Central,1211,0.1,121.1
Fruits & Veggies,Fresh Vegetables,Bodi,Central,1227,0.33,355.83
Bakery,Breads & Buns,Nagercoil,Central,1164,0.31,162.96
"Eggs, Meat & Fish",Mutton,Nagercoil,Central,989,0.12,405.49
Beverages,Health Drinks,Chennai,Central,1356,0.33,488.16
Bakery,Biscuits,Salem,Central,2389,0.24,430.02
Fruits & Veggies,Organic Vegetables,Ramanadhapuram,Central,1986,0.28,198.6
"Eggs, Meat & Fish",Fish,Viluppuram,Central,584,0.33,29.2
"Eggs, Meat & Fish",Eggs,Madurai,Central,1053,0.15,179.01
Beverages,Soft Drinks,Chennai,Central,1927,0.2,308.32
Oil & Masala,Masalas,Karur,Central,1991,0.31,159.28
Bakery,Breads & Buns,Namakkal,Central,569,0.3,119.49
Food Grains,Organic Staples,Perambalur,Central,2426,0.29,145.56
Beverages,Health Drinks,Ramanadhapuram,Central,633,0.35,253.2
Food Grains,Atta & Flour,Viluppuram,Central,1398,0.19,83.88
Oil & Masala,Masalas,Coimbatore,Central,776,0.3,194
Bakery,Cakes,Ooty,Central,1020,0.27,153
Fruits & Veggies,Organic Fruits,Virudhunagar,Central,1028,0.23,339.24
"Eggs, Meat & Fish",Eggs,Pudukottai,Central,951,0.31,152.16
Beverages,Health Drinks,Madurai,Central,1480,0.35,118.4
Snacks,Chocolates,Ramanadhapuram,Central,698,0.28,139.6
Snacks,Chocolates,Kanyakumari,Central,1377,0.16,261.63
Bakery,Breads & Buns,Krishnagiri,Central,898,0.3,404.1
"Eggs, Meat & Fish",Fish,Karur,Central,2048,0.28,593.92
Beverages,Health Drinks,Cumbum,Central,2500,0.25,325
Snacks,Noodles,Kanyakumari,Central,870,0.29,374.1
Fruits & Veggies,Organic Fruits,Krishnagiri,Central,860,0.11,215
Snacks,Noodles,Viluppuram,Central,1292,0.34,348.84
Fruits & Veggies,Organic Fruits,Namakkal,Central,1168,0.19,221.92
Oil & Masala,Masalas,Pudukottai,Central,2322,0.1,348.3
Snacks,Cookies,Coimbatore,Central,2369,0.18,734.39
Food Grains,Rice,Perambalur,Central,1448,0.15,289.6
Food Grains,Organic Staples,Kanyakumari,Central,1824,0.13,200.64
Snacks,Cookies,Virudhunagar,East,1775,0.2,479.25
Oil & Masala,Masalas,Tirunelveli,East,1289,0.11,180.46
Bakery,Biscuits,Viluppuram,East,570,0.32,57
Food Grains,Atta & Flour,Bodi,East,840,0.27,294
Snacks,Noodles,Coimbatore,East,1460,0.32,423.4
Fruits & Veggies,Organic Fruits,Ramanadhapuram,East,2448,0.17,1052.64
Bakery,Breads & Buns,Viluppuram,East,2429,0.21,607.25
"Eggs, Meat & Fish",Mutton,Virudhunagar,East,540,0.17,37.8
Fruits & Veggies,Fresh Fruits,Viluppuram,East,874,0.26,201.02
Oil & Masala,Edible Oil & Ghee,Dindigul,East,1597,0.14,590.89
"Eggs, Meat & Fish",Mutton,Tirunelveli,East,1027,0.31,61.62
Food Grains,Dals & Pulses,Trichy,East,1854,0.1,389.34
Beverages,Health Drinks,Kanyakumari,East,1619,0.1,437.13
Bakery,Biscuits,Madurai,East,1752,0.31,700.8
Beverages,Soft Drinks,Pudukottai,East,2238,0.16,447.6
"Eggs, Meat & Fish",Chicken,Bodi,East,1793,0.13,251.02
Bakery,Cakes,Bodi,East,1047,0.31,272.22
Bakery,Breads & Buns,Vellore,East,1954,0.3,273.56
Bakery,Breads & Buns,Namakkal,East,1192,0.25,512.56
Beverages,Soft Drinks,Perambalur,East,1591,0.13,604.58
Beverages,Soft Drinks,Tirunelveli,East,1989,0.32,576.81
Oil & Masala,Edible Oil & Ghee,Chennai,East,2213,0.34,531.12
"Eggs, Meat & Fish",Eggs,Tenkasi,East,2475,0.31,346.5
Food Grains,Dals & Pulses,Perambalur,East,667,0.19,286.81
"Eggs, Meat & Fish",Eggs,Virudhunagar,East,1105,0.18,475.15
Food Grains,Organic Staples,Karur,East,1042,0.29,52.1
"Eggs, Meat & Fish",Fish,Pudukottai,East,1559,0.24,265.03
Snacks,Chocolates,Dindigul,East,1962,0.21,804.42
Snacks,Cookies,Namakkal,East,1444,0.26,303.24
Food Grains,Atta & Flour,Virudhunagar,East,646,0.11,64.6
Food Grains,Organic Staples,Namakkal,East,1406,0.14,140.6
Food Grains,Atta & Flour,Karur,East,1986,0.13,198.6
Snacks,Cookies,Pudukottai,East,772,0.17,162.12
"Eggs, Meat & Fish",Fish,Chennai,East,943,0.13,169.74
Oil & Masala,Edible Oil & Ghee,Namakkal,East,1602,0.31,224.28
Bakery,Cakes,Ramanadhapuram,East,1965,0.16,687.75
Food Grains,Rice,Theni,East,746,0.1,82.06
Snacks,Chocolates,Pudukottai,East,818,0.16,261.76
Fruits & Veggies,Organic Fruits,Virudhunagar,East,2491,0.33,722.39
Oil & Masala,Masalas,Ooty,East,1233,0.33,320.58
Fruits & Veggies,Organic Vegetables,Nagercoil,East,1879,0.18,394.59
Bakery,Biscuits,Cumbum,East,1993,0.3,279.02
Food Grains,Dals & Pulses,Coimbatore,East,1515,0.32,651.45
Food Grains,Organic Staples,Dindigul,East,942,0.15,329.7
Fruits & Veggies,Fresh Vegetables,Bodi,East,2014,0.24,181.26
"Eggs, Meat & Fish",Eggs,Madurai,East,2290,0.35,229
Snacks,Noodles,Salem,East,2087,0.13,313.05
Fruits & Veggies,Organic Vegetables,Coimbatore,East,872,0.18,148.24
Oil & Masala,Masalas,Salem,East,1652,0.31,479.08
Bakery,Breads & Buns,Viluppuram,East,920,0.14,220.8
"Eggs, Meat & Fish",Mutton,Cumbum,East,1847,0.26,591.04
Oil & Masala,Spices,Virudhunagar,East,2447,0.14,1052.21
Beverages,Soft Drinks,Dharmapuri,East,1504,0.17,300.8
Oil & Masala,Spices,Namakkal,South,940,0.24,423
"Eggs, Meat & Fish",Fish,Cumbum,South,2002,0.27,600.6
Oil & Masala,Edible Oil & Ghee,Dindigul,South,796,0.33,143.28
Oil & Masala,Masalas,Krishnagiri,South,1350,0.34,499.5
Food Grains,Organic Staples,Cumbum,South,741,0.25,303.81
Bakery,Biscuits,Ramanadhapuram,South,1369,0.35,506.53
Bakery,Breads & Buns,Theni,South,1790,0.32,608.6
Bakery,Cakes,Salem,South,2084,0.19,395.96
Food Grains,Dals & Pulses,Salem,South,1560,0.32,218.4
"Eggs, Meat & Fish",Fish,Cumbum,South,1258,0.14,364.82
Oil & Masala,Edible Oil & Ghee,Bodi,South,1328,0.32,305.44
Bakery,Cakes,Pudukottai,South,2499,0.22,924.63
Oil & Masala,Spices,Dharmapuri,South,1916,0.21,383.2
"Eggs, Meat & Fish",Mutton,Theni,South,2401,0.13,408.17
Bakery,Biscuits,Coimbatore,South,2371,0.15,592.75
Beverages,Soft Drinks,Karur,South,1688,0.18,185.68
Bakery,Breads & Buns,Trichy,South,2034,0.3,549.18
Bakery,Biscuits,Theni,South,1363,0.25,340.75
Bakery,Breads & Buns,Krishnagiri,South,854,0.12,196.42
"Eggs, Meat & Fish",Fish,Chennai,South,1712,0.26,188.32
Beverages,Soft Drinks,Dindigul,South,1316,0.18,78.96
Beverages,Health Drinks,Viluppuram,South,1141,0.12,68.46
Snacks,Noodles,Namakkal,South,1411,0.16,395.08
Bakery,Biscuits,Virudhunagar,South,664,0.27,205.84
Fruits & Veggies,Fresh Vegetables,Madurai,South,1610,0.24,370.3
Snacks,Cookies,Virudhunagar,South,1480,0.27,148
Snacks,Chocolates,Bodi,South,1560,0.15,624
Beverages,Soft Drinks,Kanyakumari,South,2379,0.23,428.22
Snacks,Cookies,Pudukottai,South,1843,0.21,829.35
Beverages,Soft Drinks,Kanyakumari,West,2088,0.32,668.16
Snacks,Cookies,Tirunelveli,West,765,0.3,252.45
Snacks,Cookies,Bodi,West,2038,0.13,855.96
Beverages,Soft Drinks,Tirunelveli,West,2400,0.15,336
Fruits & Veggies,Organic Fruits,Dindigul,West,974,0.15,321.42
Snacks,Noodles,Perambalur,West,2053,0.13,882.79
Food Grains,Atta & Flour,Cumbum,West,2289,0.35,1007.16
Bakery,Breads & Buns,Virudhunagar,West,1638,0.24,376.74
Fruits & Veggies,Organic Fruits,Ramanadhapuram,West,814,0.35,252.34
Fruits & Veggies,Organic Vegetables,Cumbum,West,1379,0.21,262.01
Oil & Masala,Spices,Virudhunagar,West,2330,0.14,1025.2
Beverages,Health Drinks,Cumbum,West,1693,0.34,304.74
Oil & Masala,Masalas,Vellore,West,2386,0.18,190.88
"Eggs, Meat & Fish",Chicken,Dharmapuri,West,2325,0.27,558
Food Grains,Rice,Tenkasi,West,2098,0.33,734.3
Snacks,Chocolates,Kanyakumari,West,1574,0.1,456.46
Oil & Masala,Spices,Bodi,West,1296,0.17,466.56
Oil & Masala,Edible Oil & Ghee,Ramanadhapuram,West,2122,0.11,169.76
"Eggs, Meat & Fish",Mutton,Vellore,West,2471,0.33,296.52
Fruits & Veggies,Organic Fruits,Virudhunagar,West,1157,0.16,185.12
Bakery,Cakes,Nagercoil,West,1005,0.28,281.4
Snacks,Chocolates,Tirunelveli,West,1682,0.33,336.4
Food Grains,Rice,Tenkasi,West,2040,0.32,244.8
Snacks,Cookies,Coimbatore,West,2068,0.26,124.08
Food Grains,Rice,Salem,West,922,0.12,396.46
"Eggs, Meat & Fish",Chicken,Bodi,West,664,0.24,252.32
Snacks,Noodles,Chennai,West,1981,0.23,614.11
Bakery,Breads & Buns,Salem,West,784,0.2,164.64
Oil & Masala,Masalas,Tirunelveli,West,2132,0.31,383.76
Snacks,Noodles,Perambalur,West,940,0.22,253.8
Snacks,Chocolates,Perambalur,West,2500,0.19,325
Snacks,Cookies,Karur,West,2377,0.14,237.7
Food Grains,Rice,Kanyakumari,West,1733,0.13,658.54
Beverages,Health Drinks,Pudukottai,West,1885,0.13,414.7
Oil & Masala,Masalas,Salem,West,2126,0.13,382.68
Beverages,Health Drinks,Chennai,West,2028,0.11,628.68
Snacks,Cookies,Cumbum,West,1195,0.16,250.95
Bakery,Cakes,Madurai,West,1418,0.31,567.2
Food Grains,Dals & Pulses,Vellore,West,1251,0.29,387.81
Fruits & Veggies,Fresh Vegetables,Tirunelveli,West,1694,0.15,694.54
Fruits & Veggies,Organic Vegetables,Tenkasi,West,1309,0.33,183.26
Food Grains,Rice,Nagercoil,West,2335,0.17,607.1
Oil & Masala,Masalas,Trichy,West,727,0.17,109.05
"Eggs, Meat & Fish",Mutton,Kanyakumari,West,1286,0.3,475.82
Bakery,Biscuits,Vellore,West,2199,0.34,153.93
Fruits & Veggies,Fresh Vegetables,Theni,West,1350,0.15,67.5
Snacks,Cookies,Vellore,West,1460,0.15,452.6
"Eggs, Meat & Fish",Eggs,Madurai,West,945,0.16,359.1
Bakery,Biscuits,Kanyakumari,West,1195,0.26,71.7
Food Grains,Rice,Bodi,West,1567,0.16,501.44
Oil & Masala,Spices,Pudukottai,West,1659,0.15,597.24
Food Grains,Atta & Flour,Tirunelveli,West,1034,0.28,165.44